clause_id_final,review_id,split,annotation_source,is_human_gold,aspect_hint,contains_green_signal
1.28_c1,1.28,train,llm_extended,False,A1_product,False
1.28_c2,1.28,train,llm_extended,False,A2_label,False
1.28_c4,1.28,train,human_gold_iaa,True,A1_product,False
1.28_c5,1.28,train,human_gold_iaa,True,A3_logistics,False
1.28_c6,1.28,train,human_gold_iaa,True,A3_logistics,False
1.28_c7,1.28,train,llm_extended,False,A1_product,False
1.28_c9,1.28,train,llm_extended,False,A4_service,False
1.28_c11,1.28,train,llm_extended,False,A3_logistics,False
1.47_c1,1.47,train,llm_extended,False,A1_product,False
1.47_c2,1.47,train,llm_extended,False,A2_label,False
1.47_c4,1.47,train,llm_extended,False,A3_logistics,False
1.47_c5,1.47,train,human_gold_iaa,True,A3_logistics,False
1.47_c7,1.47,train,llm_extended,False,A5_price,False
1.47_c9,1.47,train,llm_extended,False,A3_logistics,False
1.47_c10,1.47,train,llm_extended,False,A5_price,False
1.8_c1,1.8,train,llm_extended,False,A2_label,False
1.8_c3,1.8,train,human_gold_iaa_override,True,A3_logistics,False
1.8_c4,1.8,train,llm_extended,False,A3_logistics,False
1.8_c5,1.8,train,llm_extended,False,A1_product,False
1.8_c7,1.8,train,llm_extended,False,A1_product,False
1.8_c8,1.8,train,llm_extended,False,A1_product,False
1.8_c9,1.8,train,llm_extended,False,A4_service,False
1.71_c1,1.71,train,llm_extended,False,A3_logistics,False
1.71_c2,1.71,train,llm_extended,False,A1_product,False
1.71_c3,1.71,train,llm_extended,False,A2_label,False
1.71_c4,1.71,train,llm_extended,False,A1_product,False
1.82_c2,1.82,train,llm_extended,False,A2_label,False
1.82_c3,1.82,train,llm_extended,False,A3_logistics,False
1.82_c4,1.82,train,llm_extended,False,A4_service,False
1.82_c5,1.82,train,llm_extended,False,A3_logistics,False
1.82_c6,1.82,train,llm_extended,False,A4_service,False
1.82_c7,1.82,train,llm_extended,False,A4_service,False
1.86_c1,1.86,train,llm_extended,False,A2_label,False
1.86_c2,1.86,train,llm_extended,False,A1_product,False
1.86_c3,1.86,train,llm_extended,False,A3_logistics,False
1.86_c4,1.86,train,human_gold_iaa_override,True,A3_logistics,False
1.86_c6,1.86,train,llm_extended,False,A5_price,False
1.86_c7,1.86,train,llm_extended,False,A3_logistics,False
10.129_c1,10.129,train,llm_extended,False,A1_product,False
10.137_c1,10.137,val,llm_extended,False,A1_product,False
103.115_c1,103.115,train,human_gold_iaa_override,True,A1_product,False
103.115_c2,103.115,train,llm_extended,False,A1_product,False
104.152_c1,104.152,train,llm_extended,False,A1_product,False
104.152_c2,104.152,train,llm_extended,False,A4_service,False
104.152_c3,104.152,train,llm_extended,False,A1_product,False
104.253_c1,104.253,train,llm_extended,False,A1_product,False
105.1047_c1,105.1047,train,llm_extended,False,A2_label,False
105.1047_c2,105.1047,train,llm_extended,False,A1_product,False
105.1052_c1,105.1052,test,llm_extended,False,A1_product,False
105.1083_c1,105.1083,train,human_gold_iaa_override,True,A1_product,False
105.1098_c1,105.1098,test,llm_extended,False,A2_label,False
105.1098_c2,105.1098,test,llm_extended,False,A3_logistics,False
105.1098_c3,105.1098,test,llm_extended,False,A1_product,False
105.1098_c5,105.1098,test,llm_extended,False,A3_logistics,False
105.1098_c6,105.1098,test,llm_extended,False,A1_product,False
105.1098_c8,105.1098,test,llm_extended,False,A5_price,False
105.1098_c10,105.1098,test,llm_extended,False,A4_service,False
105.1098_c13,105.1098,test,llm_extended,False,A5_price,False
105.1098_c14,105.1098,test,human_gold_iaa,True,A4_service,False
105.629_c1,105.629,train,human_gold_iaa,True,A1_product,False
105.629_c3,105.629,train,llm_extended,False,A1_product,False
105.923_c1,105.923,val,llm_extended,False,A1_product,False
105.923_c2,105.923,val,llm_extended,False,A1_product,False
11.975_c1,11.975,train,human_gold_iaa,True,A4_service,False
11.975_c3,11.975,train,human_gold_iaa_override,True,A1_product,False
11.975_c4,11.975,train,llm_extended,False,A4_service,False
11.975_c5,11.975,train,llm_extended,False,A1_product,False
11.975_c8,11.975,train,llm_extended,False,A1_product,False
11.975_c9,11.975,train,llm_extended,False,A4_service,False
110.146_c1,110.146,train,llm_extended,False,A3_logistics,False
112.367_c1,112.367,val,llm_extended,False,A1_product,False
112.379_c1,112.379,test,llm_extended,False,A3_logistics,False
112.503_c1,112.503,val,human_gold_iaa,True,A1_product,False
114.29_c2,114.29,train,llm_extended,False,A1_product,False
114.29_c3,114.29,train,llm_extended,False,A1_product,False
114.3_c1,114.3,train,llm_extended,False,A1_product,False
114.3_c2,114.3,train,llm_extended,False,A1_product,False
114.42_c1,114.42,train,llm_extended,False,A3_logistics,False
114.42_c2,114.42,train,llm_extended,False,A3_logistics,False
114.42_c3,114.42,train,llm_extended,False,A1_product,False
114.42_c4,114.42,train,llm_extended,False,A5_price,False
114.42_c5,114.42,train,llm_extended,False,A1_product,False
114.42_c9,114.42,train,llm_extended,False,A1_product,False
114.42_c10,114.42,train,llm_extended,False,A1_product,False
114.42_c11,114.42,train,human_gold_iaa_override,True,A3_logistics,False
114.42_c12,114.42,train,llm_extended,False,A1_product,False
116.48_c1,116.48,val,llm_extended,False,A1_product,False
12.1018_c1,12.1018,train,llm_extended,False,A1_product,False
12.1285_c1,12.1285,val,llm_extended,False,A2_label,False
12.1285_c2,12.1285,val,llm_extended,False,A1_product,False
12.1285_c6,12.1285,val,llm_extended,False,A1_product,False
12.1285_c7,12.1285,val,llm_extended,False,A5_price,False
12.1297_c2,12.1297,train,llm_extended,False,A1_product,False
12.1297_c6,12.1297,train,human_gold_iaa,True,A1_product,False
12.1297_c7,12.1297,train,llm_extended,False,A1_product,False
12.1297_c8,12.1297,train,llm_extended,False,A1_product,False
12.1297_c9,12.1297,train,llm_extended,False,A1_product,False
12.1297_c10,12.1297,train,llm_extended,False,A1_product,False
12.1346_c3,12.1346,test,llm_extended,False,A5_price,False
12.1346_c4,12.1346,test,llm_extended,False,A1_product,False
12.1346_c5,12.1346,test,human_gold_iaa,True,A5_price,False
12.1346_c6,12.1346,test,llm_extended,False,A5_price,False
12.157_c2,12.157,train,llm_extended,False,A1_product,False
12.7_c2,12.7,val,llm_extended,False,A4_service,False
12.7_c3,12.7,val,human_gold_iaa,True,A3_logistics,False
12.7_c4,12.7,val,llm_extended,False,A1_product,False
12.7_c5,12.7,val,llm_extended,False,A4_service,False
12.7_c6,12.7,val,llm_extended,False,A1_product,False
12.616_c1,12.616,train,llm_extended,False,A1_product,False
12.635_c2,12.635,val,llm_extended,False,A3_logistics,False
12.635_c4,12.635,val,llm_extended,False,A3_logistics,False
12.635_c5,12.635,val,llm_extended,False,A2_label,False
12.635_c6,12.635,val,llm_extended,False,A2_label,False
12.635_c7,12.635,val,llm_extended,False,A4_service,False
12.635_c8,12.635,val,llm_extended,False,A1_product,False
12.635_c9,12.635,val,llm_extended,False,A1_product,False
12.635_c10,12.635,val,llm_extended,False,A1_product,False
12.635_c11,12.635,val,llm_extended,False,A5_price,False
12.701_c2,12.701,val,llm_extended,False,A1_product,False
12.701_c3,12.701,val,llm_extended,False,A1_product,False
12.701_c4,12.701,val,human_gold_iaa_override,True,A3_logistics,False
12.8_c3,12.8,train,llm_extended,False,A3_logistics,False
12.8_c4,12.8,train,llm_extended,False,A3_logistics,False
12.8_c5,12.8,train,human_gold_iaa_override,True,A3_logistics,False
12.8_c6,12.8,train,llm_extended,False,A4_service,False
12.8_c9,12.8,train,llm_extended,False,A1_product,False
12.8_c10,12.8,train,llm_extended,False,A1_product,False
12.8_c11,12.8,train,llm_extended,False,A1_product,False
12.8_c12,12.8,train,llm_extended,False,A1_product,False
12.8_c13,12.8,train,llm_extended,False,A5_price,False
12.8_c15,12.8,train,llm_extended,False,A1_product,False
12.792_c1,12.792,test,llm_extended,False,A1_product,False
12.828_c2,12.828,train,llm_extended,False,A1_product,False
12.849_c2,12.849,test,llm_extended,False,A1_product,False
12.86_c1,12.86,test,llm_extended,False,A2_label,False
12.86_c2,12.86,test,llm_extended,False,A4_service,False
12.86_c6,12.86,test,llm_extended,False,A3_logistics,False
13.7_c1,13.7,train,llm_extended,False,A2_label,False
13.7_c2,13.7,train,human_gold_iaa,True,A1_product,False
13.7_c6,13.7,train,llm_extended,False,A1_product,False
13.7_c7,13.7,train,llm_extended,False,A5_price,False
14.1018_c1,14.1018,train,llm_extended,False,A1_product,False
14.1285_c1,14.1285,val,llm_extended,False,A2_label,False
14.1285_c2,14.1285,val,llm_extended,False,A1_product,False
14.1285_c3,14.1285,val,llm_extended,False,A4_service,False
14.1285_c5,14.1285,val,llm_extended,False,A3_logistics,False
14.1285_c6,14.1285,val,llm_extended,False,A1_product,False
14.1285_c7,14.1285,val,llm_extended,False,A5_price,False
14.1297_c2,14.1297,train,llm_extended,False,A1_product,False
14.1297_c6,14.1297,train,human_gold_iaa,True,A1_product,False
14.1297_c7,14.1297,train,llm_extended,False,A1_product,False
14.1297_c8,14.1297,train,llm_extended,False,A1_product,False
14.1297_c9,14.1297,train,llm_extended,False,A1_product,False
14.1297_c10,14.1297,train,llm_extended,False,A1_product,False
14.1346_c3,14.1346,test,llm_extended,False,A5_price,False
14.1346_c4,14.1346,test,llm_extended,False,A1_product,False
14.1346_c5,14.1346,test,human_gold_iaa,True,A5_price,False
14.1346_c6,14.1346,test,llm_extended,False,A5_price,False
14.157_c2,14.157,train,llm_extended,False,A1_product,False
14.7_c1,14.7,train,llm_extended,False,A3_logistics,False
14.7_c2,14.7,train,llm_extended,False,A4_service,False
14.7_c3,14.7,train,llm_extended,False,A1_product,False
14.7_c4,14.7,train,llm_extended,False,A3_logistics,False
14.7_c5,14.7,train,llm_extended,False,A1_product,False
14.7_c6,14.7,train,llm_extended,False,A4_service,False
14.616_c1,14.616,train,llm_extended,False,A1_product,False
14.635_c2,14.635,val,llm_extended,False,A3_logistics,False
14.635_c3,14.635,val,llm_extended,False,A3_logistics,False
14.635_c4,14.635,val,llm_extended,False,A2_label,False
14.635_c5,14.635,val,llm_extended,False,A2_label,False
14.635_c6,14.635,val,llm_extended,False,A4_service,False
14.635_c7,14.635,val,llm_extended,False,A1_product,False
14.635_c8,14.635,val,llm_extended,False,A5_price,False
14.701_c2,14.701,train,human_gold_iaa_override,True,A1_product,False
14.701_c3,14.701,train,llm_extended,False,A1_product,False
14.8_c2,14.8,train,llm_extended,False,A3_logistics,False
14.8_c3,14.8,train,human_gold_iaa_override,True,A3_logistics,False
14.8_c4,14.8,train,llm_extended,False,A5_price,False
14.8_c5,14.8,train,human_gold_iaa_override,True,A1_product,False
14.8_c6,14.8,train,llm_extended,False,A1_product,False
14.8_c7,14.8,train,llm_extended,False,A1_product,False
14.8_c8,14.8,train,llm_extended,False,A5_price,False
14.8_c10,14.8,train,llm_extended,False,A1_product,False
14.792_c1,14.792,train,llm_extended,False,A1_product,False
14.828_c2,14.828,train,human_gold_iaa,True,A1_product,False
14.849_c2,14.849,train,llm_extended,False,A1_product,False
16.114_c1,16.114,train,human_gold_iaa_override,True,A1_product,False
18.32_c1,18.32,train,human_gold_iaa_override,True,A1_product,False
18.469_c2,18.469,train,llm_extended,False,A1_product,False
18.469_c3,18.469,train,llm_extended,False,A1_product,False
18.469_c4,18.469,train,llm_extended,False,A2_label,False
18.469_c5,18.469,train,llm_extended,False,A2_label,False
18.469_c7,18.469,train,llm_extended,False,A1_product,False
18.494_c1,18.494,train,llm_extended,False,A2_label,False
18.535_c1,18.535,test,llm_extended,False,A1_product,False
18.636_c1,18.636,train,llm_extended,False,A1_product,False
18.644_c1,18.644,train,llm_extended,False,A2_label,False
18.646_c1,18.646,train,llm_extended,False,A1_product,False
19.21_c2,19.21,train,llm_extended,False,A1_product,False
2.121_c1,2.121,train,llm_extended,False,A1_product,False
2.121_c2,2.121,train,llm_extended,False,A1_product,False
2.121_c3,2.121,train,llm_extended,False,A1_product,False
2.164_c2,2.164,train,human_gold_iaa_override,True,A3_logistics,False
2.46_c2,2.46,train,llm_extended,False,A1_product,False
2.616_c1,2.616,train,llm_extended,False,A2_label,False
20.1265_c1,20.1265,train,llm_extended,False,A1_product,False
20.1776_c1,20.1776,train,llm_extended,False,A1_product,False
20.1776_c2,20.1776,train,llm_extended,False,A1_product,False
20.944_c1,20.944,val,llm_extended,False,A1_product,False
20.977_c1,20.977,test,llm_extended,False,A4_service,False
20.977_c3,20.977,test,human_gold_iaa_override,True,A1_product,False
20.977_c4,20.977,test,llm_extended,False,A4_service,False
20.977_c5,20.977,test,llm_extended,False,A1_product,False
20.977_c7,20.977,test,llm_extended,False,A1_product,False
20.977_c8,20.977,test,llm_extended,False,A1_product,False
20.977_c9,20.977,test,llm_extended,False,A4_service,False
20.977_c10,20.977,test,human_gold_iaa_override,True,A4_service,False
20.1007_c1,20.1007,train,llm_extended,False,A1_product,False
20.1007_c2,20.1007,train,llm_extended,False,A1_product,False
20.1007_c3,20.1007,train,llm_extended,False,A1_product,False
21.13_c1,21.13,train,llm_extended,False,A1_product,False
21.13_c2,21.13,train,llm_extended,False,A3_logistics,False
21.222_c1,21.222,test,human_gold_iaa_override,True,A2_label,True
21.339_c1,21.339,test,llm_extended,False,A2_label,False
21.358_c1,21.358,train,llm_extended,False,A1_product,False
21.429_c1,21.429,val,llm_extended,False,A1_product,False
22.11_c1,22.11,train,llm_extended,False,A2_label,False
24.174_c1,24.174,test,llm_extended,False,A1_product,False
24.174_c2,24.174,test,llm_extended,False,A2_label,False
24.174_c3,24.174,test,llm_extended,False,A3_logistics,False
24.174_c4,24.174,test,human_gold_iaa_override,True,A3_logistics,False
24.174_c5,24.174,test,llm_extended,False,A3_logistics,False
24.174_c6,24.174,test,llm_extended,False,A4_service,False
24.174_c7,24.174,test,llm_extended,False,A4_service,False
24.174_c8,24.174,test,llm_extended,False,A1_product,False
24.2289_c1,24.2289,train,llm_extended,False,A1_product,False
24.2289_c2,24.2289,train,llm_extended,False,A1_product,False
24.2289_c3,24.2289,train,llm_extended,False,A1_product,False
24.2874_c1,24.2874,train,human_gold_iaa_override,True,A3_logistics,False
24.2874_c2,24.2874,train,llm_extended,False,A1_product,False
24.2874_c3,24.2874,train,llm_extended,False,A1_product,False
24.2944_c2,24.2944,val,llm_extended,False,A3_logistics,False
24.2944_c3,24.2944,val,llm_extended,False,A1_product,False
24.579_c1,24.579,val,llm_extended,False,A3_logistics,False
24.579_c2,24.579,val,human_gold_iaa_override,True,A3_logistics,False
24.579_c3,24.579,val,llm_extended,False,A2_label,False
24.579_c4,24.579,val,llm_extended,False,A2_label,False
24.579_c5,24.579,val,llm_extended,False,A4_service,False
24.579_c6,24.579,val,llm_extended,False,A1_product,False
24.579_c8,24.579,val,human_gold_iaa,True,A4_service,False
25.98_c1,25.98,test,human_gold_iaa,True,A1_product,False
25.98_c2,25.98,test,llm_extended,False,A1_product,False
118.96_c2,118.96,train,llm_extended,False,A1_product,False
27.1162_c1,27.1162,train,llm_extended,False,A1_product,False
27.452_c2,27.452,train,llm_extended,False,A1_product,False
27.492_c1,27.492,val,llm_extended,False,A2_label,False
27.492_c2,27.492,val,llm_extended,False,A2_label,False
27.492_c3,27.492,val,llm_extended,False,A1_product,False
27.492_c4,27.492,val,llm_extended,False,A5_price,False
27.492_c5,27.492,val,llm_extended,False,A3_logistics,False
27.492_c6,27.492,val,llm_extended,False,A1_product,False
27.492_c7,27.492,val,llm_extended,False,A1_product,False
27.78_c1,27.78,train,human_gold_iaa_override,True,A1_product,False
27.78_c2,27.78,train,llm_extended,False,A1_product,False
27.78_c3,27.78,train,llm_extended,False,A1_product,False
27.78_c4,27.78,train,llm_extended,False,A1_product,False
27.78_c6,27.78,train,human_gold_iaa_override,True,A1_product,False
27.78_c7,27.78,train,llm_extended,False,A1_product,False
27.78_c9,27.78,train,human_gold_iaa_override,True,A1_product,False
28.1548_c1,28.1548,train,human_gold_iaa_override,True,A1_product,False
28.1642_c1,28.1642,val,llm_extended,False,A1_product,False
28.1642_c2,28.1642,val,llm_extended,False,A1_product,False
28.1642_c3,28.1642,val,human_gold_iaa,True,A1_product,False
28.1858_c1,28.1858,train,llm_extended,False,A5_price,False
28.1918_c1,28.1918,train,llm_extended,False,A3_logistics,False
28.1928_c1,28.1928,train,llm_extended,False,A1_product,False
28.1928_c2,28.1928,train,llm_extended,False,A1_product,False
28.1928_c4,28.1928,train,llm_extended,False,A1_product,False
28.1928_c5,28.1928,train,llm_extended,False,A1_product,False
28.2303_c1,28.2303,train,llm_extended,False,A1_product,False
28.2556_c1,28.2556,test,human_gold_iaa_override,True,A1_product,False
28.2921_c1,28.2921,train,llm_extended,False,A1_product,False
28.2959_c1,28.2959,train,human_gold_iaa,True,A1_product,False
28.2959_c2,28.2959,train,llm_extended,False,A1_product,False
28.45_c1,28.45,train,llm_extended,False,A3_logistics,False
28.45_c2,28.45,train,llm_extended,False,A3_logistics,False
28.45_c3,28.45,train,llm_extended,False,A1_product,False
28.926_c2,28.926,val,human_gold_iaa,True,A1_product,False
31.194_c1,31.194,test,llm_extended,False,A1_product,False
31.194_c2,31.194,test,llm_extended,False,A2_label,False
31.194_c3,31.194,test,llm_extended,False,A1_product,False
31.194_c4,31.194,test,llm_extended,False,A3_logistics,False
31.194_c5,31.194,test,llm_extended,False,A1_product,False
31.194_c6,31.194,test,llm_extended,False,A3_logistics,False
31.194_c7,31.194,test,llm_extended,False,A1_product,False
31.194_c8,31.194,test,llm_extended,False,A4_service,False
31.194_c9,31.194,test,llm_extended,False,A3_logistics,False
33.298_c1,33.298,val,llm_extended,False,A1_product,False
33.298_c2,33.298,val,llm_extended,False,A5_price,False
34.15_c1,34.15,val,llm_extended,False,A1_product,False
34.15_c3,34.15,val,llm_extended,False,A1_product,False
34.15_c4,34.15,val,llm_extended,False,A4_service,False
34.15_c6,34.15,val,human_gold_iaa_override,True,A2_label,True
34.15_c7,34.15,val,human_gold_iaa,True,A5_price,False
34.15_c9,34.15,val,human_gold_iaa,True,A2_label,True
34.15_c10,34.15,val,llm_extended,False,A2_label,False
34.15_c12,34.15,val,llm_extended,False,A4_service,False
34.27_c1,34.27,train,human_gold_iaa_override,True,A2_label,True
34.271_c1,34.271,train,llm_extended,False,A1_product,False
34.416_c1,34.416,train,llm_extended,False,A1_product,False
34.427_c1,34.427,test,llm_extended,False,A2_label,False
34.483_c1,34.483,test,llm_extended,False,A1_product,False
35.749_c2,35.749,train,human_gold_iaa_override,True,A3_logistics,False
35.86_c1,35.86,test,llm_extended,False,A1_product,False
35.86_c2,35.86,test,llm_extended,False,A1_product,False
35.86_c3,35.86,test,llm_extended,False,A3_logistics,False
35.86_c4,35.86,test,llm_extended,False,A3_logistics,False
35.86_c5,35.86,test,llm_extended,False,A1_product,False
35.86_c6,35.86,test,llm_extended,False,A1_product,False
35.86_c7,35.86,test,llm_extended,False,A2_label,False
35.86_c9,35.86,test,human_gold_iaa,True,A5_price,False
36.162_c1,36.162,train,llm_extended,False,A1_product,False
36.184_c1,36.184,train,llm_extended,False,A5_price,False
37.13_c2,37.13,train,llm_extended,False,A1_product,False
37.13_c3,37.13,train,llm_extended,False,A1_product,False
37.13_c4,37.13,train,llm_extended,False,A1_product,False
37.13_c5,37.13,train,llm_extended,False,A1_product,False
37.13_c6,37.13,train,llm_extended,False,A5_price,False
37.13_c7,37.13,train,llm_extended,False,A1_product,False
37.13_c8,37.13,train,llm_extended,False,A5_price,False
4.244_c1,4.244,train,llm_extended,False,A1_product,False
4.244_c2,4.244,train,llm_extended,False,A1_product,False
4.67_c1,4.67,train,llm_extended,False,A3_logistics,False
41.28_c1,41.28,train,llm_extended,False,A2_label,False
41.28_c2,41.28,train,llm_extended,False,A1_product,False
41.28_c3,41.28,train,llm_extended,False,A3_logistics,False
41.28_c4,41.28,train,llm_extended,False,A3_logistics,False
41.28_c5,41.28,train,llm_extended,False,A1_product,False
41.28_c6,41.28,train,llm_extended,False,A3_logistics,False
41.28_c7,41.28,train,llm_extended,False,A4_service,False
43.17_c2,43.17,train,llm_extended,False,A1_product,False
43.17_c3,43.17,train,llm_extended,False,A1_product,False
43.17_c4,43.17,train,llm_extended,False,A2_label,False
43.17_c7,43.17,train,llm_extended,False,A1_product,False
43.17_c8,43.17,train,llm_extended,False,A1_product,False
43.219_c1,43.219,train,llm_extended,False,A1_product,False
43.219_c3,43.219,train,llm_extended,False,A1_product,False
43.219_c4,43.219,train,llm_extended,False,A1_product,False
43.219_c5,43.219,train,human_gold_iaa_override,True,A1_product,False
43.219_c6,43.219,train,llm_extended,False,A1_product,False
43.219_c7,43.219,train,llm_extended,False,A5_price,False
43.239_c1,43.239,train,llm_extended,False,A2_label,False
43.29_c1,43.29,train,llm_extended,False,A2_label,False
43.29_c2,43.29,train,llm_extended,False,A1_product,False
43.29_c3,43.29,train,llm_extended,False,A1_product,False
43.29_c4,43.29,train,human_gold_iaa_override,True,A2_label,True
43.29_c5,43.29,train,llm_extended,False,A1_product,False
43.29_c6,43.29,train,llm_extended,False,A1_product,False
43.335_c1,43.335,train,llm_extended,False,A2_label,False
43.335_c2,43.335,train,llm_extended,False,A4_service,False
43.335_c4,43.335,train,llm_extended,False,A3_logistics,False
43.335_c5,43.335,train,llm_extended,False,A1_product,False
43.335_c6,43.335,train,llm_extended,False,A5_price,False
43.335_c8,43.335,train,human_gold_iaa_override,True,A3_logistics,False
43.335_c13,43.335,train,human_gold_iaa,True,A4_service,False
45.2852_c1,45.2852,train,llm_extended,False,A5_price,False
45.2852_c2,45.2852,train,llm_extended,False,A1_product,False
45.2852_c3,45.2852,train,llm_extended,False,A1_product,False
45.2852_c8,45.2852,train,llm_extended,False,A1_product,False
45.2852_c9,45.2852,train,llm_extended,False,A1_product,False
45.2852_c10,45.2852,train,human_gold_iaa,True,A4_service,False
45.3_c1,45.3,train,llm_extended,False,A1_product,False
45.3_c2,45.3,train,llm_extended,False,A1_product,False
45.3_c4,45.3,train,llm_extended,False,A3_logistics,False
45.3_c5,45.3,train,llm_extended,False,A3_logistics,False
45.3_c7,45.3,train,llm_extended,False,A5_price,False
45.38_c1,45.38,train,llm_extended,False,A2_label,False
45.38_c2,45.38,train,llm_extended,False,A1_product,False
45.38_c3,45.38,train,human_gold_iaa,True,A1_product,False
45.38_c5,45.38,train,llm_extended,False,A1_product,False
45.38_c6,45.38,train,llm_extended,False,A1_product,False
45.47_c1,45.47,val,human_gold_iaa_override,True,A1_product,False
45.47_c2,45.47,val,human_gold_iaa,True,A1_product,False
45.47_c3,45.47,val,llm_extended,False,A1_product,False
45.47_c4,45.47,val,llm_extended,False,A1_product,False
47.201_c1,47.201,train,llm_extended,False,A2_label,False
47.2151_c1,47.2151,test,llm_extended,False,A1_product,False
47.216_c1,47.216,train,llm_extended,False,A1_product,False
47.2236_c1,47.2236,train,llm_extended,False,A2_label,False
47.2245_c1,47.2245,train,llm_extended,False,A1_product,False
47.2245_c2,47.2245,train,human_gold_iaa,True,A1_product,False
47.34_c1,47.34,train,llm_extended,False,A1_product,False
47.34_c2,47.34,train,llm_extended,False,A2_label,False
47.34_c7,47.34,train,llm_extended,False,A1_product,False
47.34_c8,47.34,train,human_gold_iaa,True,A1_product,False
47.34_c9,47.34,train,llm_extended,False,A1_product,False
47.34_c13,47.34,train,llm_extended,False,A5_price,False
47.35_c2,47.35,train,llm_extended,False,A3_logistics,False
47.35_c4,47.35,train,llm_extended,False,A5_price,False
47.35_c5,47.35,train,human_gold_iaa,True,A5_price,False
47.35_c6,47.35,train,llm_extended,False,A4_service,False
47.381_c1,47.381,train,llm_extended,False,A2_label,False
47.381_c2,47.381,train,llm_extended,False,A2_label,False
47.381_c3,47.381,train,llm_extended,False,A1_product,False
47.381_c4,47.381,train,llm_extended,False,A1_product,False
47.381_c7,47.381,train,llm_extended,False,A1_product,False
47.381_c9,47.381,train,llm_extended,False,A5_price,False
47.41_c1,47.41,train,llm_extended,False,A1_product,False
47.41_c2,47.41,train,llm_extended,False,A2_label,False
47.41_c4,47.41,train,human_gold_iaa_override,True,A3_logistics,False
47.41_c5,47.41,train,llm_extended,False,A1_product,False
47.41_c8,47.41,train,llm_extended,False,A5_price,False
47.41_c9,47.41,train,llm_extended,False,A4_service,False
47.41_c11,47.41,train,llm_extended,False,A1_product,False
47.596_c1,47.596,train,llm_extended,False,A3_logistics,False
47.596_c2,47.596,train,llm_extended,False,A3_logistics,False
47.596_c3,47.596,train,llm_extended,False,A1_product,False
47.596_c4,47.596,train,llm_extended,False,A1_product,False
47.596_c6,47.596,train,human_gold_iaa,True,A5_price,False
47.596_c7,47.596,train,llm_extended,False,A1_product,False
47.596_c8,47.596,train,llm_extended,False,A5_price,False
5.78_c1,5.78,train,llm_extended,False,A2_label,False
5.78_c2,5.78,train,llm_extended,False,A1_product,False
53.58_c1,53.58,train,human_gold_iaa_override,True,A1_product,False
53.58_c2,53.58,train,llm_extended,False,A3_logistics,False
53.58_c3,53.58,train,llm_extended,False,A3_logistics,False
53.58_c4,53.58,train,llm_extended,False,A1_product,False
53.58_c5,53.58,train,llm_extended,False,A3_logistics,False
53.58_c6,53.58,train,llm_extended,False,A1_product,False
53.58_c7,53.58,train,human_gold_iaa_override,True,A2_label,True
53.58_c8,53.58,train,llm_extended,False,A3_logistics,False
53.64_c1,53.64,train,llm_extended,False,A2_label,False
53.64_c2,53.64,train,llm_extended,False,A1_product,False
53.64_c4,53.64,train,llm_extended,False,A5_price,False
53.64_c6,53.64,train,llm_extended,False,A1_product,False
53.64_c7,53.64,train,llm_extended,False,A3_logistics,False
53.64_c8,53.64,train,llm_extended,False,A1_product,False
53.64_c11,53.64,train,llm_extended,False,A3_logistics,False
54.1288_c1,54.1288,train,llm_extended,False,A1_product,False
54.1288_c2,54.1288,train,human_gold_iaa_override,True,A1_product,False
54.1288_c3,54.1288,train,llm_extended,False,A1_product,False
54.1313_c1,54.1313,train,llm_extended,False,A1_product,False
54.333_c1,54.333,train,llm_extended,False,A1_product,False
54.333_c2,54.333,train,llm_extended,False,A1_product,False
54.333_c4,54.333,train,llm_extended,False,A5_price,False
54.333_c5,54.333,train,llm_extended,False,A3_logistics,False
54.333_c6,54.333,train,human_gold_iaa,True,A5_price,False
54.333_c7,54.333,train,llm_extended,False,A5_price,False
54.333_c8,54.333,train,llm_extended,False,A1_product,False
54.41_c1,54.41,train,human_gold_iaa,True,A1_product,False
54.41_c3,54.41,train,llm_extended,False,A1_product,False
54.729_c1,54.729,train,human_gold_iaa,True,A1_product,False
54.729_c2,54.729,train,llm_extended,False,A1_product,False
55.4_c1,55.4,train,human_gold_iaa_override,True,A1_product,False
55.4_c2,55.4,train,llm_extended,False,A1_product,False
55.4_c3,55.4,train,llm_extended,False,A1_product,False
56.106_c1,56.106,train,llm_extended,False,A1_product,False
56.106_c2,56.106,train,llm_extended,False,A1_product,False
56.106_c3,56.106,train,human_gold_iaa_override,True,A1_product,True
56.106_c4,56.106,train,llm_extended,False,A2_label,False
56.106_c5,56.106,train,llm_extended,False,A1_product,False
56.106_c7,56.106,train,llm_extended,False,A3_logistics,False
56.106_c8,56.106,train,llm_extended,False,A5_price,False
56.106_c9,56.106,train,llm_extended,False,A1_product,False
56.106_c11,56.106,train,llm_extended,False,A1_product,False
56.106_c12,56.106,train,llm_extended,False,A1_product,False
56.131_c1,56.131,train,human_gold_iaa,True,A1_product,False
56.131_c2,56.131,train,llm_extended,False,A2_label,False
56.131_c3,56.131,train,llm_extended,False,A2_label,False
56.131_c4,56.131,train,llm_extended,False,A3_logistics,False
56.131_c5,56.131,train,llm_extended,False,A3_logistics,False
56.131_c6,56.131,train,llm_extended,False,A1_product,False
56.1676_c1,56.1676,train,llm_extended,False,A1_product,False
56.1676_c2,56.1676,train,llm_extended,False,A3_logistics,False
56.1676_c3,56.1676,train,llm_extended,False,A3_logistics,False
56.1676_c4,56.1676,train,llm_extended,False,A3_logistics,False
56.1676_c5,56.1676,train,llm_extended,False,A4_service,False
56.1712_c1,56.1712,train,llm_extended,False,A1_product,False
56.1712_c2,56.1712,train,llm_extended,False,A1_product,False
56.1795_c2,56.1795,train,llm_extended,False,A1_product,False
56.1795_c3,56.1795,train,llm_extended,False,A1_product,False
56.1801_c2,56.1801,train,llm_extended,False,A1_product,False
56.1801_c3,56.1801,train,llm_extended,False,A1_product,False
56.1943_c1,56.1943,test,human_gold_iaa,True,A4_service,False
56.1943_c2,56.1943,test,llm_extended,False,A1_product,False
56.1956_c1,56.1956,val,llm_extended,False,A1_product,False
56.1956_c2,56.1956,val,llm_extended,False,A1_product,False
56.21_c2,56.21,train,llm_extended,False,A1_product,False
56.21_c4,56.21,train,llm_extended,False,A1_product,False
56.21_c5,56.21,train,llm_extended,False,A1_product,False
56.21_c6,56.21,train,llm_extended,False,A3_logistics,False
56.21_c7,56.21,train,llm_extended,False,A1_product,False
56.2122_c1,56.2122,train,human_gold_iaa_override,True,A3_logistics,False
56.2122_c2,56.2122,train,llm_extended,False,A1_product,False
56.2942_c1,56.2942,test,llm_extended,False,A1_product,False
56.2942_c2,56.2942,test,llm_extended,False,A1_product,False
56.2972_c1,56.2972,test,llm_extended,False,A1_product,False
56.738_c3,56.738,train,human_gold_iaa_override,True,A1_product,False
56.738_c4,56.738,train,llm_extended,False,A1_product,False
59.271_c1,59.271,train,llm_extended,False,A1_product,False
59.271_c2,59.271,train,llm_extended,False,A1_product,False
59.372_c1,59.372,test,human_gold_iaa,True,A1_product,False
59.506_c1,59.506,train,llm_extended,False,A1_product,False
6.1163_c1,6.1163,train,llm_extended,False,A1_product,False
6.1163_c2,6.1163,train,llm_extended,False,A1_product,False
6.123_c1,6.123,val,llm_extended,False,A2_label,False
6.123_c6,6.123,val,llm_extended,False,A3_logistics,False
6.123_c7,6.123,val,llm_extended,False,A3_logistics,False
6.123_c10,6.123,val,llm_extended,False,A3_logistics,False
6.1531_c1,6.1531,train,human_gold_iaa_override,True,A1_product,False
6.1571_c1,6.1571,train,llm_extended,False,A3_logistics,False
6.1582_c1,6.1582,train,llm_extended,False,A1_product,False
6.1788_c1,6.1788,val,llm_extended,False,A4_service,False
6.1931_c1,6.1931,train,llm_extended,False,A1_product,False
6.1931_c2,6.1931,train,llm_extended,False,A4_service,False
6.1959_c1,6.1959,val,llm_extended,False,A1_product,False
6.26_c2,6.26,train,llm_extended,False,A2_label,False
6.26_c3,6.26,train,llm_extended,False,A3_logistics,False
6.26_c4,6.26,train,human_gold_iaa,True,A3_logistics,False
6.26_c5,6.26,train,llm_extended,False,A3_logistics,False
6.26_c6,6.26,train,llm_extended,False,A3_logistics,False
6.26_c8,6.26,train,llm_extended,False,A3_logistics,False
6.523_c2,6.523,train,llm_extended,False,A3_logistics,False
6.831_c1,6.831,train,llm_extended,False,A1_product,False
6.831_c2,6.831,train,llm_extended,False,A5_price,False
60.39_c2,60.39,train,llm_extended,False,A1_product,False
62.1022_c1,62.1022,train,llm_extended,False,A1_product,False
62.1022_c2,62.1022,train,llm_extended,False,A1_product,False
62.1169_c1,62.1169,train,human_gold_iaa,True,A1_product,False
62.1169_c2,62.1169,train,llm_extended,False,A1_product,False
62.1515_c1,62.1515,val,llm_extended,False,A1_product,False
62.53_c1,62.53,test,llm_extended,False,A1_product,False
62.53_c2,62.53,test,llm_extended,False,A3_logistics,False
62.591_c1,62.591,train,llm_extended,False,A1_product,False
62.591_c2,62.591,train,llm_extended,False,A2_label,False
62.591_c3,62.591,train,llm_extended,False,A1_product,False
62.842_c1,62.842,train,llm_extended,False,A1_product,False
62.981_c1,62.981,train,llm_extended,False,A2_label,False
62.981_c2,62.981,train,human_gold_iaa,True,A1_product,False
62.981_c3,62.981,train,llm_extended,False,A1_product,False
63.1032_c1,63.1032,val,human_gold_iaa_override,True,A1_product,True
63.144_c1,63.144,val,llm_extended,False,A1_product,False
63.1454_c1,63.1454,val,llm_extended,False,A1_product,False
63.1454_c2,63.1454,val,llm_extended,False,A1_product,False
63.1454_c3,63.1454,val,llm_extended,False,A1_product,False
63.1524_c1,63.1524,train,llm_extended,False,A1_product,False
63.473_c2,63.473,train,llm_extended,False,A1_product,False
63.473_c4,63.473,train,llm_extended,False,A1_product,False
63.759_c1,63.759,test,llm_extended,False,A1_product,False
63.759_c2,63.759,test,human_gold_iaa_override,True,A1_product,False
64.1194_c1,64.1194,train,llm_extended,False,A1_product,False
64.1194_c2,64.1194,train,llm_extended,False,A2_label,False
64.1194_c5,64.1194,train,llm_extended,False,A2_label,False
64.1194_c8,64.1194,train,human_gold_iaa_override,True,A1_product,False
64.1194_c9,64.1194,train,llm_extended,False,A1_product,False
64.1194_c10,64.1194,train,llm_extended,False,A3_logistics,False
64.1194_c16,64.1194,train,llm_extended,False,A5_price,False
64.1286_c1,64.1286,test,llm_extended,False,A1_product,False
64.155_c1,64.155,train,llm_extended,False,A1_product,False
64.439_c2,64.439,train,human_gold_iaa,True,A4_service,False
64.439_c3,64.439,train,human_gold_iaa,True,A1_product,False
64.439_c4,64.439,train,human_gold_iaa_override,True,A4_service,False
64.439_c6,64.439,train,llm_extended,False,A3_logistics,False
64.439_c7,64.439,train,human_gold_iaa_override,True,A2_label,False
65.1077_c1,65.1077,test,llm_extended,False,A1_product,False
65.1123_c1,65.1123,val,llm_extended,False,A1_product,False
65.787_c1,65.787,train,human_gold_iaa,True,A5_price,False
65.787_c2,65.787,train,llm_extended,False,A1_product,False
67.1058_c1,67.1058,train,llm_extended,False,A1_product,False
67.1058_c2,67.1058,train,llm_extended,False,A1_product,False
67.1058_c3,67.1058,train,human_gold_iaa,True,A1_product,False
67.1369_c2,67.1369,train,human_gold_iaa_override,True,A1_product,True
67.1369_c3,67.1369,train,llm_extended,False,A1_product,False
67.1369_c4,67.1369,train,llm_extended,False,A1_product,False
67.1575_c1,67.1575,train,llm_extended,False,A1_product,False
67.1575_c2,67.1575,train,llm_extended,False,A1_product,False
67.1615_c1,67.1615,train,llm_extended,False,A1_product,False
67.1615_c2,67.1615,train,human_gold_iaa_override,True,A1_product,False
67.183_c1,67.183,train,llm_extended,False,A1_product,False
67.183_c2,67.183,train,llm_extended,False,A1_product,False
67.2059_c1,67.2059,train,llm_extended,False,A1_product,False
67.2059_c2,67.2059,train,llm_extended,False,A1_product,False
67.2528_c1,67.2528,train,llm_extended,False,A1_product,False
67.2529_c1,67.2529,train,llm_extended,False,A2_label,False
67.2575_c1,67.2575,train,llm_extended,False,A1_product,False
67.2575_c2,67.2575,train,llm_extended,False,A1_product,False
67.2677_c1,67.2677,train,llm_extended,False,A1_product,False
67.2815_c1,67.2815,val,llm_extended,False,A1_product,False
67.2815_c2,67.2815,val,llm_extended,False,A5_price,False
68.841_c1,68.841,train,llm_extended,False,A2_label,False
68.841_c2,68.841,train,llm_extended,False,A4_service,False
68.841_c3,68.841,train,llm_extended,False,A2_label,False
68.841_c4,68.841,train,llm_extended,False,A1_product,False
68.841_c5,68.841,train,human_gold_iaa_override,True,A1_product,False
68.841_c6,68.841,train,human_gold_iaa_override,True,A2_label,True
68.897_c1,68.897,test,llm_extended,False,A1_product,False
68.897_c2,68.897,test,llm_extended,False,A1_product,False
69.1181_c2,69.1181,train,llm_extended,False,A3_logistics,False
69.1181_c3,69.1181,train,llm_extended,False,A3_logistics,False
69.1181_c4,69.1181,train,llm_extended,False,A1_product,False
69.1181_c5,69.1181,train,llm_extended,False,A1_product,False
69.141_c1,69.141,train,llm_extended,False,A1_product,False
69.141_c3,69.141,train,llm_extended,False,A1_product,False
69.141_c5,69.141,train,llm_extended,False,A1_product,False
69.141_c6,69.141,train,llm_extended,False,A4_service,False
69.141_c7,69.141,train,llm_extended,False,A1_product,False
69.141_c8,69.141,train,llm_extended,False,A1_product,False
69.141_c9,69.141,train,llm_extended,False,A1_product,False
69.141_c10,69.141,train,llm_extended,False,A1_product,False
69.141_c12,69.141,train,human_gold_iaa,True,A1_product,False
69.17_c1,69.17,train,llm_extended,False,A1_product,False
69.17_c2,69.17,train,llm_extended,False,A3_logistics,False
69.17_c3,69.17,train,human_gold_iaa,True,A1_product,False
69.17_c4,69.17,train,llm_extended,False,A1_product,False
69.17_c5,69.17,train,llm_extended,False,A1_product,False
69.17_c6,69.17,train,llm_extended,False,A5_price,False
69.17_c7,69.17,train,human_gold_iaa,True,A1_product,False
69.17_c8,69.17,train,llm_extended,False,A1_product,False
69.17_c9,69.17,train,llm_extended,False,A1_product,False
69.1764_c1,69.1764,train,llm_extended,False,A3_logistics,False
69.1764_c2,69.1764,train,llm_extended,False,A1_product,False
69.1892_c1,69.1892,test,llm_extended,False,A1_product,False
69.1892_c2,69.1892,test,llm_extended,False,A1_product,False
69.1955_c1,69.1955,val,llm_extended,False,A4_service,False
69.2205_c1,69.2205,train,llm_extended,False,A1_product,False
69.2205_c2,69.2205,train,llm_extended,False,A1_product,False
69.2205_c3,69.2205,train,llm_extended,False,A1_product,False
69.2848_c2,69.2848,train,llm_extended,False,A5_price,False
69.599_c2,69.599,train,human_gold_iaa_override,True,A3_logistics,False
69.599_c3,69.599,train,llm_extended,False,A1_product,False
69.599_c4,69.599,train,human_gold_iaa_override,True,A1_product,True
69.599_c5,69.599,train,llm_extended,False,A1_product,False
69.599_c6,69.599,train,llm_extended,False,A5_price,False
69.599_c7,69.599,train,llm_extended,False,A1_product,False
69.657_c1,69.657,train,human_gold_iaa,True,A1_product,False
69.657_c2,69.657,train,llm_extended,False,A1_product,False
69.657_c3,69.657,train,llm_extended,False,A1_product,False
69.87_c1,69.87,train,llm_extended,False,A2_label,False
69.87_c3,69.87,train,llm_extended,False,A1_product,False
69.87_c4,69.87,train,llm_extended,False,A1_product,False
69.87_c5,69.87,train,llm_extended,False,A1_product,False
69.87_c6,69.87,train,llm_extended,False,A2_label,False
69.87_c7,69.87,train,llm_extended,False,A1_product,False
69.87_c8,69.87,train,llm_extended,False,A3_logistics,False
69.87_c9,69.87,train,llm_extended,False,A4_service,False
69.87_c10,69.87,train,llm_extended,False,A4_service,False
7.208_c1,7.208,val,human_gold_iaa,True,A1_product,False
7.208_c3,7.208,val,llm_extended,False,A1_product,False
7.208_c4,7.208,val,llm_extended,False,A1_product,False
7.208_c5,7.208,val,human_gold_iaa_override,True,A3_logistics,False
7.208_c6,7.208,val,llm_extended,False,A2_label,False
7.208_c7,7.208,val,llm_extended,False,A3_logistics,False
7.208_c9,7.208,val,llm_extended,False,A4_service,False
7.208_c11,7.208,val,llm_extended,False,A4_service,False
7.208_c12,7.208,val,human_gold_iaa,True,A5_price,False
7.208_c13,7.208,val,llm_extended,False,A1_product,False
7.861_c1,7.861,test,human_gold_iaa,True,A1_product,False
7.861_c3,7.861,test,llm_extended,False,A1_product,False
70.1007_c1,70.1007,test,llm_extended,False,A3_logistics,False
70.1007_c2,70.1007,test,llm_extended,False,A1_product,False
70.1013_c1,70.1013,train,llm_extended,False,A4_service,False
70.1013_c2,70.1013,train,llm_extended,False,A2_label,False
70.1045_c2,70.1045,train,llm_extended,False,A1_product,False
70.1079_c2,70.1079,test,human_gold_iaa_override,True,A3_logistics,False
70.1079_c3,70.1079,test,llm_extended,False,A5_price,False
70.1236_c1,70.1236,train,llm_extended,False,A1_product,False
70.1236_c2,70.1236,train,llm_extended,False,A1_product,False
70.128_c1,70.128,train,llm_extended,False,A1_product,False
70.128_c2,70.128,train,llm_extended,False,A1_product,False
70.1607_c2,70.1607,train,llm_extended,False,A5_price,False
70.1933_c1,70.1933,test,llm_extended,False,A2_label,False
70.1933_c2,70.1933,test,llm_extended,False,A1_product,False
70.1933_c3,70.1933,test,llm_extended,False,A1_product,False
70.1933_c4,70.1933,test,human_gold_iaa,True,A1_product,False
70.1933_c5,70.1933,test,llm_extended,False,A1_product,False
70.2_c1,70.2,val,llm_extended,False,A1_product,False
70.2_c2,70.2,val,llm_extended,False,A1_product,False
70.2222_c1,70.2222,train,llm_extended,False,A3_logistics,False
70.2222_c2,70.2222,train,llm_extended,False,A1_product,False
70.2222_c3,70.2222,train,llm_extended,False,A1_product,False
70.243_c1,70.243,val,llm_extended,False,A1_product,False
70.2432_c1,70.2432,train,llm_extended,False,A1_product,False
70.247_c1,70.247,train,llm_extended,False,A5_price,False
70.2691_c1,70.2691,train,llm_extended,False,A1_product,False
70.2691_c2,70.2691,train,llm_extended,False,A1_product,False
70.749_c1,70.749,val,llm_extended,False,A3_logistics,False
70.749_c3,70.749,val,human_gold_iaa,True,A1_product,False
70.88_c1,70.88,train,llm_extended,False,A2_label,False
70.88_c2,70.88,train,human_gold_iaa,True,A3_logistics,False
70.88_c3,70.88,train,human_gold_iaa,True,A3_logistics,False
70.88_c4,70.88,train,llm_extended,False,A4_service,False
70.88_c6,70.88,train,llm_extended,False,A1_product,False
70.88_c7,70.88,train,llm_extended,False,A5_price,False
70.88_c8,70.88,train,llm_extended,False,A2_label,False
70.88_c10,70.88,train,llm_extended,False,A1_product,False
70.98_c1,70.98,val,llm_extended,False,A2_label,False
70.98_c2,70.98,val,llm_extended,False,A1_product,False
70.98_c4,70.98,val,llm_extended,False,A4_service,False
70.98_c7,70.98,val,llm_extended,False,A1_product,False
70.98_c8,70.98,val,llm_extended,False,A1_product,False
70.98_c9,70.98,val,llm_extended,False,A2_label,False
70.98_c10,70.98,val,llm_extended,False,A3_logistics,False
70.98_c11,70.98,val,llm_extended,False,A3_logistics,False
71.1089_c1,71.1089,train,human_gold_iaa_override,True,A2_label,True
71.1107_c1,71.1107,val,llm_extended,False,A1_product,False
71.1107_c2,71.1107,val,llm_extended,False,A1_product,False
71.1107_c3,71.1107,val,llm_extended,False,A5_price,False
71.1107_c4,71.1107,val,llm_extended,False,A2_label,False
71.1439_c2,71.1439,test,llm_extended,False,A1_product,False
71.1573_c1,71.1573,train,llm_extended,False,A1_product,False
71.1573_c2,71.1573,train,llm_extended,False,A1_product,False
72.34_c1,72.34,train,llm_extended,False,A2_label,False
72.34_c2,72.34,train,human_gold_iaa_override,True,A1_product,False
72.34_c3,72.34,train,llm_extended,False,A3_logistics,False
72.34_c4,72.34,train,human_gold_iaa,True,A3_logistics,False
72.34_c5,72.34,train,llm_extended,False,A3_logistics,False
72.34_c6,72.34,train,llm_extended,False,A5_price,False
72.34_c7,72.34,train,llm_extended,False,A1_product,False
72.34_c9,72.34,train,llm_extended,False,A1_product,False
72.34_c10,72.34,train,llm_extended,False,A1_product,False
72.39_c1,72.39,train,llm_extended,False,A1_product,False
72.529_c1,72.529,train,llm_extended,False,A5_price,False
72.529_c2,72.529,train,human_gold_iaa_override,True,A1_product,False
72.529_c3,72.529,train,llm_extended,False,A1_product,False
72.529_c5,72.529,train,llm_extended,False,A1_product,False
72.529_c6,72.529,train,llm_extended,False,A1_product,False
72.529_c7,72.529,train,llm_extended,False,A1_product,False
72.529_c8,72.529,train,human_gold_iaa_override,True,A3_logistics,False
72.614_c1,72.614,train,llm_extended,False,A1_product,False
72.72_c1,72.72,train,llm_extended,False,A4_service,False
72.72_c2,72.72,train,llm_extended,False,A1_product,False
72.72_c3,72.72,train,human_gold_iaa_override,True,A1_product,False
72.72_c4,72.72,train,llm_extended,False,A1_product,False
72.72_c5,72.72,train,human_gold_iaa_override,True,A3_logistics,False
72.72_c6,72.72,train,llm_extended,False,A4_service,False
72.72_c7,72.72,train,llm_extended,False,A5_price,False
72.72_c8,72.72,train,llm_extended,False,A5_price,False
72.72_c9,72.72,train,llm_extended,False,A4_service,False
72.763_c2,72.763,val,llm_extended,False,A1_product,False
73.1014_c1,73.1014,train,human_gold_iaa_override,True,A1_product,False
73.277_c2,73.277,train,llm_extended,False,A1_product,False
73.444_c1,73.444,train,llm_extended,False,A3_logistics,False
73.444_c2,73.444,train,llm_extended,False,A1_product,False
73.543_c1,73.543,train,llm_extended,False,A1_product,False
73.543_c2,73.543,train,human_gold_iaa_override,True,A3_logistics,False
73.543_c3,73.543,train,llm_extended,False,A1_product,False
73.7_c3,73.7,train,llm_extended,False,A1_product,False
73.7_c4,73.7,train,llm_extended,False,A5_price,False
73.747_c1,73.747,train,llm_extended,False,A2_label,False
73.789_c1,73.789,train,llm_extended,False,A1_product,False
73.1003_c1,73.1003,val,llm_extended,False,A1_product,False
74.1274_c1,74.1274,train,llm_extended,False,A3_logistics,False
74.1274_c2,74.1274,train,llm_extended,False,A1_product,False
74.1274_c3,74.1274,train,llm_extended,False,A1_product,False
74.1274_c4,74.1274,train,llm_extended,False,A1_product,False
74.1386_c1,74.1386,train,llm_extended,False,A1_product,False
74.1386_c2,74.1386,train,llm_extended,False,A3_logistics,False
74.1386_c3,74.1386,train,human_gold_iaa,True,A4_service,False
74.1482_c2,74.1482,train,llm_extended,False,A4_service,False
74.1482_c3,74.1482,train,llm_extended,False,A1_product,False
74.1543_c3,74.1543,val,llm_extended,False,A1_product,False
74.1563_c1,74.1563,train,human_gold_iaa_override,True,A2_label,True
74.1563_c2,74.1563,train,llm_extended,False,A1_product,False
74.2188_c1,74.2188,train,human_gold_iaa,True,A3_logistics,False
74.2338_c1,74.2338,train,llm_extended,False,A1_product,False
74.2385_c2,74.2385,val,llm_extended,False,A1_product,False
74.2389_c1,74.2389,train,llm_extended,False,A1_product,False
74.2389_c2,74.2389,train,human_gold_iaa_override,True,A2_label,True
74.2525_c1,74.2525,test,llm_extended,False,A3_logistics,False
74.2576_c1,74.2576,train,llm_extended,False,A1_product,False
74.2576_c2,74.2576,train,llm_extended,False,A2_label,False
74.2576_c3,74.2576,train,llm_extended,False,A1_product,False
74.262_c1,74.262,val,llm_extended,False,A1_product,False
74.262_c2,74.262,val,llm_extended,False,A2_label,False
74.262_c3,74.262,val,llm_extended,False,A1_product,False
74.262_c4,74.262,val,llm_extended,False,A5_price,False
74.262_c5,74.262,val,llm_extended,False,A3_logistics,False
74.262_c6,74.262,val,llm_extended,False,A3_logistics,False
74.262_c9,74.262,val,llm_extended,False,A2_label,False
74.262_c10,74.262,val,human_gold_iaa_override,True,A4_service,False
74.2717_c1,74.2717,train,llm_extended,False,A1_product,False
74.2717_c2,74.2717,train,human_gold_iaa,True,A4_service,False
74.2717_c3,74.2717,train,llm_extended,False,A1_product,False
74.2771_c2,74.2771,train,llm_extended,False,A1_product,False
74.279_c1,74.279,train,llm_extended,False,A1_product,False
74.279_c3,74.279,train,llm_extended,False,A1_product,False
74.279_c8,74.279,train,llm_extended,False,A1_product,False
74.279_c9,74.279,train,llm_extended,False,A1_product,False
74.927_c1,74.927,val,llm_extended,False,A3_logistics,False
74.927_c2,74.927,val,llm_extended,False,A3_logistics,False
74.927_c4,74.927,val,human_gold_iaa,True,A1_product,False
74.927_c5,74.927,val,llm_extended,False,A1_product,False
74.927_c6,74.927,val,llm_extended,False,A1_product,False
74.927_c7,74.927,val,llm_extended,False,A1_product,False
74.927_c8,74.927,val,human_gold_iaa_override,True,A1_product,False
74.927_c9,74.927,val,human_gold_iaa,True,A1_product,False
74.927_c11,74.927,val,llm_extended,False,A1_product,False
75.443_c2,75.443,train,human_gold_iaa,True,A1_product,False
75.443_c3,75.443,train,llm_extended,False,A4_service,False
75.443_c4,75.443,train,llm_extended,False,A5_price,False
75.443_c8,75.443,train,llm_extended,False,A4_service,False
75.458_c1,75.458,test,llm_extended,False,A1_product,False
75.458_c2,75.458,test,llm_extended,False,A1_product,False
75.458_c4,75.458,test,llm_extended,False,A1_product,False
75.48_c1,75.48,train,llm_extended,False,A1_product,False
75.48_c2,75.48,train,llm_extended,False,A1_product,False
75.48_c4,75.48,train,llm_extended,False,A1_product,False
75.655_c1,75.655,test,llm_extended,False,A3_logistics,False
75.655_c3,75.655,test,llm_extended,False,A3_logistics,False
75.655_c4,75.655,test,llm_extended,False,A3_logistics,False
75.655_c6,75.655,test,llm_extended,False,A5_price,False
75.655_c9,75.655,test,human_gold_iaa,True,A1_product,False
76.29_c1,76.29,val,llm_extended,False,A2_label,False
76.29_c3,76.29,val,llm_extended,False,A5_price,False
76.29_c4,76.29,val,llm_extended,False,A1_product,False
76.29_c5,76.29,val,human_gold_iaa_override,True,A3_logistics,False
76.29_c6,76.29,val,llm_extended,False,A4_service,False
76.29_c7,76.29,val,llm_extended,False,A4_service,False
76.29_c9,76.29,val,llm_extended,False,A1_product,False
76.32_c1,76.32,val,llm_extended,False,A1_product,False
76.32_c2,76.32,val,llm_extended,False,A1_product,False
76.32_c3,76.32,val,llm_extended,False,A1_product,False
77.34_c1,77.34,val,llm_extended,False,A1_product,False
78.1076_c1,78.1076,val,human_gold_iaa,True,A1_product,False
78.1076_c4,78.1076,val,llm_extended,False,A1_product,False
78.12_c1,78.12,val,llm_extended,False,A1_product,False
78.12_c2,78.12,val,human_gold_iaa,True,A1_product,False
78.12_c3,78.12,val,llm_extended,False,A3_logistics,False
78.12_c6,78.12,val,llm_extended,False,A1_product,False
78.12_c7,78.12,val,llm_extended,False,A1_product,False
78.12_c9,78.12,val,llm_extended,False,A1_product,False
78.12_c10,78.12,val,llm_extended,False,A1_product,False
78.12_c11,78.12,val,llm_extended,False,A1_product,False
78.12_c12,78.12,val,human_gold_iaa,True,A1_product,False
78.1243_c2,78.1243,val,llm_extended,False,A1_product,False
78.1257_c2,78.1257,train,llm_extended,False,A1_product,False
78.1257_c3,78.1257,train,human_gold_iaa_override,True,A1_product,False
78.1257_c4,78.1257,train,llm_extended,False,A4_service,False
78.1257_c5,78.1257,train,llm_extended,False,A1_product,False
78.1257_c6,78.1257,train,llm_extended,False,A4_service,False
78.1257_c7,78.1257,train,llm_extended,False,A4_service,False
78.1257_c8,78.1257,train,human_gold_iaa_override,True,A3_logistics,False
78.162_c1,78.162,train,human_gold_iaa,True,A1_product,False
78.162_c2,78.162,train,llm_extended,False,A1_product,False
78.162_c3,78.162,train,human_gold_iaa,True,A1_product,False
78.162_c4,78.162,train,llm_extended,False,A1_product,False
78.162_c5,78.162,train,llm_extended,False,A1_product,False
78.176_c1,78.176,train,llm_extended,False,A1_product,False
78.176_c2,78.176,train,llm_extended,False,A1_product,False
78.176_c3,78.176,train,llm_extended,False,A1_product,False
78.22_c2,78.22,test,llm_extended,False,A1_product,False
78.22_c3,78.22,test,llm_extended,False,A4_service,False
78.241_c2,78.241,train,llm_extended,False,A1_product,False
78.241_c4,78.241,train,human_gold_iaa,True,A1_product,False
78.26_c2,78.26,train,human_gold_iaa_override,True,A1_product,False
78.26_c3,78.26,train,llm_extended,False,A3_logistics,False
78.26_c4,78.26,train,llm_extended,False,A5_price,False
78.26_c6,78.26,train,llm_extended,False,A1_product,False
78.26_c8,78.26,train,llm_extended,False,A1_product,False
78.26_c9,78.26,train,llm_extended,False,A1_product,False
78.268_c2,78.268,train,llm_extended,False,A1_product,False
78.376_c1,78.376,val,llm_extended,False,A1_product,False
78.376_c2,78.376,val,llm_extended,False,A1_product,False
78.46_c1,78.46,train,llm_extended,False,A4_service,False
78.46_c2,78.46,train,llm_extended,False,A1_product,False
78.46_c3,78.46,train,human_gold_iaa,True,A3_logistics,False
78.46_c5,78.46,train,llm_extended,False,A1_product,False
78.46_c6,78.46,train,llm_extended,False,A1_product,False
78.465_c1,78.465,val,llm_extended,False,A1_product,False
78.51_c2,78.51,train,llm_extended,False,A3_logistics,False
78.51_c3,78.51,train,llm_extended,False,A3_logistics,False
78.51_c4,78.51,train,llm_extended,False,A1_product,False
78.51_c5,78.51,train,llm_extended,False,A4_service,False
78.51_c6,78.51,train,llm_extended,False,A4_service,False
78.51_c7,78.51,train,llm_extended,False,A1_product,False
78.552_c1,78.552,train,llm_extended,False,A1_product,False
78.552_c2,78.552,train,llm_extended,False,A1_product,False
78.585_c1,78.585,train,llm_extended,False,A1_product,False
78.611_c1,78.611,val,human_gold_iaa_override,True,A1_product,False
78.611_c2,78.611,val,llm_extended,False,A1_product,False
78.656_c4,78.656,val,human_gold_iaa,True,A1_product,False
78.656_c6,78.656,val,llm_extended,False,A1_product,False
78.677_c1,78.677,train,llm_extended,False,A1_product,False
78.677_c2,78.677,train,llm_extended,False,A1_product,False
78.677_c4,78.677,train,llm_extended,False,A1_product,False
78.682_c2,78.682,train,llm_extended,False,A4_service,False
78.697_c1,78.697,train,llm_extended,False,A1_product,False
78.697_c2,78.697,train,llm_extended,False,A1_product,False
78.702_c1,78.702,train,llm_extended,False,A1_product,False
78.71_c2,78.71,test,llm_extended,False,A1_product,False
78.71_c3,78.71,test,human_gold_iaa,True,A1_product,False
78.742_c1,78.742,train,llm_extended,False,A1_product,False
78.742_c3,78.742,train,llm_extended,False,A1_product,False
78.742_c4,78.742,train,llm_extended,False,A1_product,False
78.76_c1,78.76,train,llm_extended,False,A1_product,False
78.76_c3,78.76,train,llm_extended,False,A1_product,False
78.76_c4,78.76,train,llm_extended,False,A1_product,False
78.76_c5,78.76,train,llm_extended,False,A1_product,False
78.76_c6,78.76,train,human_gold_iaa,True,A1_product,True
78.76_c7,78.76,train,llm_extended,False,A1_product,False
78.812_c2,78.812,train,llm_extended,False,A1_product,False
78.812_c3,78.812,train,llm_extended,False,A1_product,False
78.888_c1,78.888,train,llm_extended,False,A1_product,False
78.888_c2,78.888,train,llm_extended,False,A1_product,False
78.914_c1,78.914,train,llm_extended,False,A1_product,False
78.914_c2,78.914,train,llm_extended,False,A1_product,False
78.1_c3,78.1,train,llm_extended,False,A1_product,False
78.1_c4,78.1,train,human_gold_iaa,True,A1_product,False
78.1_c5,78.1,train,human_gold_iaa_override,True,A1_product,False
78.1_c6,78.1,train,llm_extended,False,A1_product,False
78.1_c8,78.1,train,llm_extended,False,A4_service,False
78.1_c9,78.1,train,llm_extended,False,A1_product,False
78.1_c10,78.1,train,llm_extended,False,A2_label,False
78.1_c11,78.1,train,llm_extended,False,A3_logistics,False
78.925_c2,78.925,train,human_gold_iaa_override,True,A1_product,False
78.963_c1,78.963,train,llm_extended,False,A1_product,False
78.969_c1,78.969,train,llm_extended,False,A1_product,False
78.97_c1,78.97,train,llm_extended,False,A1_product,False
79.264_c2,79.264,train,llm_extended,False,A1_product,False
8.17_c1,8.17,train,llm_extended,False,A1_product,False
8.17_c2,8.17,train,llm_extended,False,A3_logistics,False
8.17_c3,8.17,train,llm_extended,False,A5_price,False
8.17_c4,8.17,train,human_gold_iaa,True,A1_product,False
8.17_c5,8.17,train,llm_extended,False,A1_product,False
8.17_c6,8.17,train,human_gold_iaa,True,A1_product,False
8.17_c7,8.17,train,human_gold_iaa_override,True,A3_logistics,False
8.17_c8,8.17,train,llm_extended,False,A3_logistics,False
8.17_c9,8.17,train,human_gold_iaa_override,True,A3_logistics,False
8.1_c1,8.1,val,llm_extended,False,A4_service,False
8.1_c2,8.1,val,human_gold_iaa,True,A5_price,False
8.1_c3,8.1,val,llm_extended,False,A4_service,False
8.1_c4,8.1,val,llm_extended,False,A1_product,False
8.1_c5,8.1,val,llm_extended,False,A3_logistics,False
8.1_c6,8.1,val,llm_extended,False,A1_product,False
8.1_c7,8.1,val,llm_extended,False,A3_logistics,False
8.1_c8,8.1,val,llm_extended,False,A1_product,False
8.1_c9,8.1,val,llm_extended,False,A3_logistics,False
8.1_c10,8.1,val,llm_extended,False,A5_price,False
80.196_c1,80.196,train,llm_extended,False,A1_product,False
81.127_c1,81.127,train,llm_extended,False,A1_product,False
81.127_c2,81.127,train,human_gold_iaa_override,True,A1_product,False
81.127_c3,81.127,train,llm_extended,False,A5_price,False
81.203_c1,81.203,train,llm_extended,False,A1_product,False
81.89_c1,81.89,val,llm_extended,False,A1_product,False
81.89_c2,81.89,val,llm_extended,False,A4_service,False
81.89_c3,81.89,val,llm_extended,False,A3_logistics,False
82.3_c1,82.3,train,llm_extended,False,A2_label,False
82.3_c2,82.3,train,llm_extended,False,A1_product,False
82.3_c3,82.3,train,llm_extended,False,A1_product,False
82.3_c4,82.3,train,llm_extended,False,A5_price,False
82.3_c5,82.3,train,llm_extended,False,A1_product,False
82.3_c6,82.3,train,llm_extended,False,A1_product,False
82.3_c7,82.3,train,llm_extended,False,A5_price,False
82.3_c8,82.3,train,llm_extended,False,A5_price,False
82.3_c9,82.3,train,llm_extended,False,A3_logistics,False
82.3_c10,82.3,train,llm_extended,False,A1_product,False
83.31_c1,83.31,test,human_gold_iaa_override,True,A1_product,False
83.34_c2,83.34,test,llm_extended,False,A5_price,False
83.34_c3,83.34,test,llm_extended,False,A1_product,False
83.34_c4,83.34,test,llm_extended,False,A1_product,False
83.34_c5,83.34,test,llm_extended,False,A3_logistics,False
83.34_c6,83.34,test,llm_extended,False,A5_price,False
83.34_c7,83.34,test,llm_extended,False,A2_label,False
83.34_c8,83.34,test,llm_extended,False,A1_product,False
84.2_c1,84.2,test,llm_extended,False,A1_product,False
84.2_c2,84.2,test,human_gold_iaa_override,True,A1_product,False
84.2_c3,84.2,test,human_gold_iaa,True,A1_product,False
84.2_c4,84.2,test,human_gold_iaa,True,A4_service,False
84.2_c5,84.2,test,llm_extended,False,A4_service,False
84.2_c6,84.2,test,llm_extended,False,A1_product,False
84.2_c7,84.2,test,llm_extended,False,A5_price,False
84.2_c8,84.2,test,llm_extended,False,A5_price,False
85.1267_c1,85.1267,train,llm_extended,False,A1_product,False
85.244_c1,85.244,train,llm_extended,False,A1_product,False
85.392_c1,85.392,val,llm_extended,False,A1_product,False
85.392_c2,85.392,val,llm_extended,False,A1_product,False
85.392_c3,85.392,val,llm_extended,False,A5_price,False
85.577_c1,85.577,train,human_gold_iaa_override,True,A4_service,False
85.577_c2,85.577,train,llm_extended,False,A1_product,False
85.852_c1,85.852,test,llm_extended,False,A2_label,False
85.876_c1,85.876,train,llm_extended,False,A5_price,False
85.929_c2,85.929,train,llm_extended,False,A3_logistics,False
86.203_c1,86.203,train,llm_extended,False,A1_product,False
86.203_c2,86.203,train,llm_extended,False,A1_product,False
86.21_c2,86.21,val,llm_extended,False,A1_product,False
86.21_c3,86.21,val,llm_extended,False,A2_label,False
86.225_c1,86.225,test,llm_extended,False,A1_product,False
87.511_c2,87.511,train,llm_extended,False,A1_product,False
87.511_c3,87.511,train,llm_extended,False,A1_product,False
87.511_c5,87.511,train,llm_extended,False,A3_logistics,False
87.511_c6,87.511,train,llm_extended,False,A4_service,False
87.511_c7,87.511,train,human_gold_iaa,True,A1_product,False
87.924_c1,87.924,val,human_gold_iaa,True,A1_product,True
87.94_c1,87.94,train,llm_extended,False,A2_label,False
88.1575_c1,88.1575,val,human_gold_iaa,True,A1_product,False
88.167_c1,88.167,val,llm_extended,False,A2_label,False
88.167_c2,88.167,val,llm_extended,False,A1_product,False
88.167_c3,88.167,val,llm_extended,False,A1_product,False
88.167_c4,88.167,val,llm_extended,False,A2_label,False
88.167_c5,88.167,val,llm_extended,False,A3_logistics,False
88.167_c6,88.167,val,llm_extended,False,A3_logistics,False
88.167_c7,88.167,val,llm_extended,False,A5_price,False
88.167_c8,88.167,val,llm_extended,False,A1_product,False
88.167_c9,88.167,val,llm_extended,False,A1_product,False
88.167_c10,88.167,val,llm_extended,False,A1_product,False
88.1693_c1,88.1693,train,llm_extended,False,A1_product,False
88.1715_c1,88.1715,train,human_gold_iaa,True,A1_product,False
88.1721_c2,88.1721,test,llm_extended,False,A2_label,False
88.1775_c1,88.1775,test,human_gold_iaa_override,True,A1_product,False
88.2248_c1,88.2248,train,llm_extended,False,A1_product,False
88.2248_c2,88.2248,train,llm_extended,False,A1_product,False
88.2248_c3,88.2248,train,llm_extended,False,A1_product,False
88.2248_c4,88.2248,train,llm_extended,False,A1_product,False
88.2294_c1,88.2294,test,llm_extended,False,A1_product,False
88.2294_c2,88.2294,test,llm_extended,False,A1_product,False
88.2294_c3,88.2294,test,llm_extended,False,A1_product,False
88.25_c1,88.25,test,llm_extended,False,A4_service,False
88.25_c2,88.25,test,llm_extended,False,A3_logistics,False
88.25_c3,88.25,test,llm_extended,False,A3_logistics,False
88.25_c4,88.25,test,human_gold_iaa,True,A4_service,False
88.25_c5,88.25,test,llm_extended,False,A4_service,False
88.25_c6,88.25,test,llm_extended,False,A5_price,False
88.25_c7,88.25,test,human_gold_iaa,True,A1_product,False
88.25_c8,88.25,test,human_gold_iaa,True,A1_product,True
88.25_c9,88.25,test,llm_extended,False,A1_product,False
88.249_c1,88.249,train,llm_extended,False,A1_product,False
88.249_c2,88.249,train,llm_extended,False,A1_product,False
88.249_c3,88.249,train,llm_extended,False,A1_product,False
88.2503_c1,88.2503,train,llm_extended,False,A1_product,False
88.2503_c2,88.2503,train,llm_extended,False,A1_product,False
88.2503_c3,88.2503,train,llm_extended,False,A1_product,False
92.17_c2,92.17,train,llm_extended,False,A3_logistics,False
92.17_c3,92.17,train,human_gold_iaa_override,True,A1_product,False
94.1027_c1,94.1027,val,llm_extended,False,A2_label,False
94.1027_c2,94.1027,val,llm_extended,False,A1_product,False
94.1178_c2,94.1178,train,human_gold_iaa,True,A3_logistics,False
94.1182_c2,94.1182,train,llm_extended,False,A5_price,False
94.1182_c3,94.1182,train,human_gold_iaa_override,True,A1_product,False
94.1576_c1,94.1576,train,llm_extended,False,A3_logistics,False
94.1576_c2,94.1576,train,llm_extended,False,A1_product,False
94.1576_c5,94.1576,train,llm_extended,False,A2_label,False
94.1576_c6,94.1576,train,llm_extended,False,A1_product,False
94.1576_c7,94.1576,train,llm_extended,False,A1_product,False
94.1576_c8,94.1576,train,llm_extended,False,A1_product,False
94.1661_c2,94.1661,val,llm_extended,False,A5_price,False
94.1661_c3,94.1661,val,llm_extended,False,A2_label,False
94.1798_c1,94.1798,train,human_gold_iaa,True,A1_product,False
95.102_c1,95.102,train,llm_extended,False,A1_product,False
95.102_c2,95.102,train,llm_extended,False,A3_logistics,False
95.1058_c1,95.1058,val,llm_extended,False,A1_product,False
95.1188_c1,95.1188,train,llm_extended,False,A1_product,False
95.312_c1,95.312,test,llm_extended,False,A1_product,False
95.312_c2,95.312,test,llm_extended,False,A3_logistics,False
95.312_c3,95.312,test,llm_extended,False,A1_product,False
95.312_c4,95.312,test,llm_extended,False,A1_product,False
95.382_c1,95.382,val,llm_extended,False,A4_service,False
95.382_c2,95.382,val,llm_extended,False,A1_product,False
95.382_c3,95.382,val,llm_extended,False,A4_service,False
95.382_c4,95.382,val,llm_extended,False,A4_service,False
95.382_c5,95.382,val,llm_extended,False,A4_service,False
95.382_c6,95.382,val,llm_extended,False,A4_service,False
95.382_c7,95.382,val,llm_extended,False,A1_product,False
95.498_c1,95.498,test,llm_extended,False,A4_service,False
95.498_c2,95.498,test,llm_extended,False,A3_logistics,False
95.498_c3,95.498,test,llm_extended,False,A3_logistics,False
95.498_c4,95.498,test,llm_extended,False,A4_service,False
95.498_c5,95.498,test,human_gold_iaa_override,True,A1_product,False
95.498_c6,95.498,test,llm_extended,False,A3_logistics,False
95.498_c7,95.498,test,human_gold_iaa_override,True,A1_product,False
95.498_c8,95.498,test,llm_extended,False,A5_price,False
95.498_c9,95.498,test,llm_extended,False,A1_product,False
95.498_c10,95.498,test,llm_extended,False,A1_product,False
95.575_c1,95.575,train,llm_extended,False,A1_product,False
95.575_c2,95.575,train,llm_extended,False,A1_product,False
95.685_c1,95.685,test,llm_extended,False,A1_product,False
95.787_c1,95.787,train,llm_extended,False,A1_product,False
99.373_c1,99.373,train,llm_extended,False,A2_label,False
99.373_c2,99.373,train,llm_extended,False,A1_product,False
99.373_c3,99.373,train,llm_extended,False,A3_logistics,False
99.373_c4,99.373,train,llm_extended,False,A3_logistics,False
99.373_c5,99.373,train,llm_extended,False,A1_product,False
99.373_c6,99.373,train,llm_extended,False,A5_price,False
99.373_c8,99.373,train,llm_extended,False,A4_service,False
99.456_c1,99.456,train,llm_extended,False,A1_product,False
99.47_c1,99.47,test,llm_extended,False,A2_label,False
99.47_c3,99.47,test,llm_extended,False,A4_service,False
99.47_c4,99.47,test,llm_extended,False,A5_price,False
99.47_c5,99.47,test,llm_extended,False,A2_label,False
24.2353_c1,24.2353,val,llm_extended,False,A1_product,False
24.2421_c1,24.2421,train,llm_extended,False,A2_label,False
24.263_c1,24.263,train,human_gold_iaa_override,True,A2_label,True
24.263_c2,24.263,train,human_gold_iaa_override,True,A2_label,True
24.263_c3,24.263,train,human_gold_iaa_override,True,A4_service,False
24.263_c4,24.263,train,human_gold_iaa_override,True,A3_logistics,False
24.263_c5,24.263,train,llm_extended,False,A4_service,False
24.263_c6,24.263,train,llm_extended,False,A1_product,False
24.263_c7,24.263,train,llm_extended,False,A1_product,False
24.263_c8,24.263,train,human_gold_iaa_override,True,A4_service,False
24.263_c9,24.263,train,human_gold_iaa_override,True,A3_logistics,False
24.2725_c1,24.2725,train,human_gold_iaa_override,True,OOD,False
24.274_c1,24.274,train,llm_extended,False,A5_price,False
24.278_c1,24.278,val,human_gold_iaa_override,True,A2_label,True
24.278_c2,24.278,val,human_gold_iaa_override,True,A2_label,True
24.278_c3,24.278,val,human_gold_iaa_override,True,A4_service,False
24.278_c4,24.278,val,llm_extended,False,A3_logistics,False
24.278_c5,24.278,val,human_gold_iaa,True,A4_service,False
24.278_c6,24.278,val,llm_extended,False,A1_product,False
24.278_c7,24.278,val,llm_extended,False,A1_product,False
24.278_c8,24.278,val,human_gold_iaa_override,True,A4_service,False
24.278_c9,24.278,val,human_gold_iaa_override,True,A3_logistics,False
24.2772_c1,24.2772,train,human_gold_iaa_override,True,A3_logistics,False
24.285_c1,24.285,test,llm_extended,False,A1_product,False
24.285_c2,24.285,test,human_gold_iaa_override,True,A2_label,True
24.285_c3,24.285,test,llm_extended,False,A3_logistics,False
24.285_c4,24.285,test,llm_extended,False,A1_product,False
24.285_c5,24.285,test,llm_extended,False,A5_price,False
28.1014_c1,28.1014,train,llm_extended,False,A2_label,False
28.1014_c2,28.1014,train,llm_extended,False,A4_service,False
28.1014_c3,28.1014,train,llm_extended,False,A4_service,False
28.1014_c4,28.1014,train,llm_extended,False,A1_product,False
28.1014_c5,28.1014,train,llm_extended,False,A4_service,False
28.1014_c6,28.1014,train,llm_extended,False,A4_service,False
28.1014_c7,28.1014,train,llm_extended,False,A4_service,False
28.1014_c8,28.1014,train,llm_extended,False,A1_product,False
28.1014_c9,28.1014,train,llm_extended,False,A2_label,False
28.1014_c10,28.1014,train,llm_extended,False,A4_service,False
28.1059_c1,28.1059,test,human_gold_iaa,True,A1_product,False
28.1079_c1,28.1079,train,human_gold_iaa,True,A1_product,False
28.1155_c1,28.1155,train,human_gold_iaa_override,True,A1_product,False
28.126_c1,28.126,train,human_gold_iaa_override,True,A1_product,False
28.1276_c1,28.1276,train,llm_extended,False,A1_product,False
28.1281_c1,28.1281,train,llm_extended,False,A5_price,False
28.1281_c2,28.1281,train,human_gold_iaa_override,True,OOD,False
6.1984_c1,6.1984,train,human_gold_iaa_override,True,OOD,False
6.1985_c1,6.1985,test,llm_extended,False,A1_product,False
6.1985_c2,6.1985,test,llm_extended,False,A3_logistics,False
6.1985_c3,6.1985,test,llm_extended,False,A3_logistics,False
6.1985_c4,6.1985,test,llm_extended,False,A3_logistics,False
6.1985_c5,6.1985,test,llm_extended,False,A3_logistics,False
6.1985_c6,6.1985,test,llm_extended,False,A3_logistics,False
6.1985_c7,6.1985,test,llm_extended,False,A1_product,False
6.1985_c8,6.1985,test,llm_extended,False,A4_service,False
6.1985_c9,6.1985,test,llm_extended,False,A3_logistics,False
6.1985_c10,6.1985,test,llm_extended,False,A5_price,False
6.1985_c11,6.1985,test,llm_extended,False,A3_logistics,False
6.1987_c1,6.1987,train,llm_extended,False,A5_price,False
6.199_c1,6.199,train,llm_extended,False,A5_price,False
6.199_c2,6.199,train,llm_extended,False,A1_product,False
6.199_c3,6.199,train,llm_extended,False,A3_logistics,False
6.199_c4,6.199,train,llm_extended,False,A3_logistics,False
6.199_c5,6.199,train,llm_extended,False,A4_service,False
6.199_c6,6.199,train,llm_extended,False,A5_price,False
6.199_c7,6.199,train,llm_extended,False,A1_product,False
6.199_c8,6.199,train,llm_extended,False,A4_service,False
6.199_c9,6.199,train,llm_extended,False,A5_price,False
65.13_c1,65.13,train,llm_extended,False,A5_price,False
65.1331_c1,65.1331,test,llm_extended,False,A1_product,False
65.1331_c2,65.1331,test,human_gold_iaa_override,True,OOD,False
65.1331_c3,65.1331,test,llm_extended,False,A4_service,False
65.1331_c4,65.1331,test,llm_extended,False,A1_product,False
65.1331_c5,65.1331,test,human_gold_iaa_override,True,OOD,False
65.1331_c6,65.1331,test,llm_extended,False,A1_product,False
65.1331_c7,65.1331,test,human_gold_iaa_override,True,OOD,False
65.1331_c8,65.1331,test,llm_extended,False,A1_product,False
65.1331_c9,65.1331,test,human_gold_iaa_override,True,OOD,False
65.1331_c10,65.1331,test,llm_extended,False,A1_product,False
65.1442_c1,65.1442,test,llm_extended,False,A5_price,False
65.146_c1,65.146,train,llm_extended,False,A1_product,False
65.1563_c1,65.1563,train,llm_extended,False,A1_product,False
65.1564_c1,65.1564,train,human_gold_iaa,True,A1_product,False
65.1622_c1,65.1622,train,human_gold_iaa_override,True,A1_product,True
65.1628_c1,65.1628,train,llm_extended,False,A2_label,False
65.1628_c2,65.1628,train,llm_extended,False,A3_logistics,False
65.1628_c3,65.1628,train,llm_extended,False,A3_logistics,False
65.1628_c4,65.1628,train,llm_extended,False,A1_product,False
65.1628_c5,65.1628,train,llm_extended,False,A3_logistics,False
65.1628_c6,65.1628,train,human_gold_iaa,True,A3_logistics,False
65.1628_c7,65.1628,train,llm_extended,False,A1_product,False
65.1628_c8,65.1628,train,llm_extended,False,A1_product,False
65.1628_c9,65.1628,train,llm_extended,False,A1_product,False
65.1628_c10,65.1628,train,llm_extended,False,A1_product,False
65.1628_c11,65.1628,train,llm_extended,False,A3_logistics,False
65.1628_c12,65.1628,train,llm_extended,False,A3_logistics,False
65.1628_c13,65.1628,train,llm_extended,False,A1_product,False
65.1628_c14,65.1628,train,llm_extended,False,A3_logistics,False
65.1694_c1,65.1694,train,human_gold_iaa_override,True,OOD,False
65.1732_c1,65.1732,train,llm_extended,False,A1_product,False
65.1732_c2,65.1732,train,llm_extended,False,A1_product,False
65.1732_c3,65.1732,train,llm_extended,False,A1_product,False
65.1732_c4,65.1732,train,llm_extended,False,A1_product,False
65.1732_c5,65.1732,train,llm_extended,False,A1_product,False
65.1732_c6,65.1732,train,llm_extended,False,A1_product,False
65.1732_c7,65.1732,train,llm_extended,False,A5_price,False
65.1732_c8,65.1732,train,human_gold_iaa_override,True,OOD,False
65.1732_c9,65.1732,train,llm_extended,False,A1_product,False
65.1732_c10,65.1732,train,llm_extended,False,A1_product,False
65.1732_c11,65.1732,train,llm_extended,False,A1_product,False
65.1778_c1,65.1778,train,llm_extended,False,A5_price,False
65.1779_c1,65.1779,test,llm_extended,False,A5_price,False
65.196_c1,65.196,train,human_gold_iaa_override,True,A1_product,False
65.196_c2,65.196,train,llm_extended,False,A1_product,False
65.196_c3,65.196,train,human_gold_iaa_override,True,A2_label,True
65.196_c4,65.196,train,llm_extended,False,A2_label,False
65.196_c5,65.196,train,llm_extended,False,A1_product,False
65.196_c6,65.196,train,llm_extended,False,A1_product,False
65.196_c7,65.196,train,llm_extended,False,A1_product,False
65.196_c8,65.196,train,llm_extended,False,A4_service,False
65.328_c1,65.328,train,llm_extended,False,A5_price,False
67.2163_c1,67.2163,train,llm_extended,False,A1_product,False
67.2166_c1,67.2166,train,llm_extended,False,A2_label,False
67.2183_c1,67.2183,train,llm_extended,False,A1_product,False
67.223_c1,67.223,train,human_gold_iaa_override,True,OOD,False
67.2275_c1,67.2275,train,llm_extended,False,A1_product,False
67.2352_c1,67.2352,train,llm_extended,False,A5_price,False
67.916_c1,67.916,train,human_gold_iaa_override,True,A2_label,True
67.92_c1,67.92,train,llm_extended,False,A3_logistics,False
67.926_c1,67.926,train,llm_extended,False,A5_price,False
67.926_c2,67.926,train,llm_extended,False,A1_product,False
67.926_c3,67.926,train,llm_extended,False,A1_product,False
67.926_c4,67.926,train,llm_extended,False,A1_product,False
67.926_c5,67.926,train,llm_extended,False,A2_label,False
67.926_c6,67.926,train,llm_extended,False,A3_logistics,False
67.926_c7,67.926,train,llm_extended,False,A1_product,False
67.926_c8,67.926,train,human_gold_iaa_override,True,A3_logistics,False
67.926_c9,67.926,train,llm_extended,False,A1_product,False
67.926_c10,67.926,train,human_gold_iaa,True,A1_product,False
67.97_c1,67.97,train,llm_extended,False,A5_price,False
68.1173_c1,68.1173,train,llm_extended,False,A1_product,False
68.1197_c1,68.1197,train,human_gold_iaa,True,A1_product,False
68.123_c1,68.123,train,human_gold_iaa_override,True,A2_label,True
68.1294_c1,68.1294,test,llm_extended,False,A1_product,False
71.1717_c1,71.1717,train,human_gold_iaa_override,True,A2_label,True
71.1736_c1,71.1736,train,llm_extended,False,A5_price,False
71.1757_c1,71.1757,train,llm_extended,False,A2_label,False
71.178_c1,71.178,test,llm_extended,False,A1_product,False
71.333_c1,71.333,train,llm_extended,False,A1_product,False
71.551_c1,71.551,train,human_gold_iaa_override,True,A1_product,False
71.7_c1,71.7,train,human_gold_iaa_override,True,A1_product,False
71.7_c2,71.7,train,llm_extended,False,A3_logistics,False
71.7_c3,71.7,train,llm_extended,False,A3_logistics,False
71.7_c4,71.7,train,llm_extended,False,A1_product,False
71.7_c5,71.7,train,human_gold_iaa,True,A5_price,False
71.7_c6,71.7,train,llm_extended,False,A2_label,False
71.7_c7,71.7,train,llm_extended,False,A2_label,False
71.7_c8,71.7,train,llm_extended,False,A2_label,False
71.7_c9,71.7,train,llm_extended,False,A5_price,False
71.7_c10,71.7,train,llm_extended,False,A2_label,False
72.27_c1,72.27,train,llm_extended,False,A2_label,False
72.27_c2,72.27,train,llm_extended,False,A3_logistics,False
72.27_c3,72.27,train,llm_extended,False,A3_logistics,False
72.27_c4,72.27,train,llm_extended,False,A5_price,False
72.27_c5,72.27,train,llm_extended,False,A1_product,False
72.27_c6,72.27,train,llm_extended,False,A1_product,False
72.27_c7,72.27,train,llm_extended,False,A1_product,False
72.27_c8,72.27,train,llm_extended,False,A1_product,False
72.27_c9,72.27,train,llm_extended,False,A1_product,False
87.1018_c1,87.1018,train,llm_extended,False,A1_product,False
87.1136_c1,87.1136,test,llm_extended,False,A1_product,False
87.1136_c2,87.1136,test,llm_extended,False,A2_label,False
87.1136_c3,87.1136,test,llm_extended,False,A1_product,False
87.1136_c4,87.1136,test,llm_extended,False,A1_product,False
87.1136_c5,87.1136,test,llm_extended,False,A2_label,False
87.1136_c6,87.1136,test,llm_extended,False,A4_service,False
87.1136_c7,87.1136,test,llm_extended,False,A2_label,False
87.1136_c8,87.1136,test,human_gold_iaa,True,A1_product,False
87.1136_c9,87.1136,test,llm_extended,False,A4_service,False
87.1179_c1,87.1179,train,llm_extended,False,A1_product,False
12.1346_c8,12.1346,test,llm_extended,False,A5_price,False
12.1346_c9,12.1346,test,human_gold_iaa,True,A4_service,False
12.33_c9,12.33,val,human_gold_iaa_override,True,A4_service,False
12.86_c9,12.86,test,human_gold_iaa_override,True,A4_service,False
14.1346_c8,14.1346,test,llm_extended,False,A5_price,False
14.1346_c9,14.1346,test,llm_extended,False,A4_service,False
14.33_c9,14.33,val,human_gold_iaa_override,True,A4_service,False
14.86_c9,14.86,train,human_gold_iaa_override,True,A4_service,False
18.268_c1,18.268,val,llm_extended,False,A2_label,False
18.268_c2,18.268,val,llm_extended,False,A2_label,False
18.268_c3,18.268,val,llm_extended,False,A4_service,False
18.268_c4,18.268,val,llm_extended,False,A3_logistics,False
18.268_c5,18.268,val,llm_extended,False,A3_logistics,False
18.268_c6,18.268,val,llm_extended,False,A1_product,False
18.268_c7,18.268,val,human_gold_iaa_override,True,A4_service,False
18.268_c8,18.268,val,llm_extended,False,A5_price,False
18.268_c9,18.268,val,llm_extended,False,A1_product,False
25.254_c1,25.254,val,llm_extended,False,A5_price,False
27.987_c1,27.987,test,llm_extended,False,A2_label,False
27.987_c2,27.987,test,llm_extended,False,A1_product,False
43.345_c1,43.345,train,llm_extended,False,A2_label,False
43.345_c2,43.345,train,llm_extended,False,A4_service,False
43.345_c3,43.345,train,llm_extended,False,A4_service,False
43.345_c4,43.345,train,llm_extended,False,A1_product,False
43.345_c5,43.345,train,llm_extended,False,A1_product,False
43.345_c6,43.345,train,llm_extended,False,A5_price,False
43.345_c7,43.345,train,llm_extended,False,A4_service,False
43.345_c8,43.345,train,human_gold_iaa_override,True,A3_logistics,False
43.345_c9,43.345,train,llm_extended,False,A4_service,False
43.345_c10,43.345,train,llm_extended,False,A4_service,False
43.345_c11,43.345,train,llm_extended,False,A5_price,False
43.345_c12,43.345,train,llm_extended,False,A4_service,False
43.345_c13,43.345,train,llm_extended,False,A5_price,False
43.53_c1,43.53,val,llm_extended,False,A2_label,False
43.53_c2,43.53,val,llm_extended,False,A4_service,False
43.53_c3,43.53,val,llm_extended,False,A4_service,False
43.53_c4,43.53,val,llm_extended,False,A1_product,False
43.53_c5,43.53,val,llm_extended,False,A1_product,False
43.53_c6,43.53,val,llm_extended,False,A5_price,False
43.53_c7,43.53,val,llm_extended,False,A4_service,False
43.53_c8,43.53,val,human_gold_iaa_override,True,A3_logistics,False
43.53_c9,43.53,val,llm_extended,False,A4_service,False
43.53_c10,43.53,val,llm_extended,False,A4_service,False
43.53_c11,43.53,val,llm_extended,False,A5_price,False
43.53_c12,43.53,val,llm_extended,False,A4_service,False
45.1384_c1,45.1384,train,human_gold_iaa_override,True,OOD,False
45.2838_c1,45.2838,test,llm_extended,False,A5_price,False
47.618_c1,47.618,train,llm_extended,False,A2_label,False
47.618_c2,47.618,train,llm_extended,False,A4_service,False
47.618_c3,47.618,train,llm_extended,False,A1_product,False
47.618_c4,47.618,train,llm_extended,False,A1_product,False
47.618_c5,47.618,train,human_gold_iaa_override,True,A1_product,False
47.618_c6,47.618,train,llm_extended,False,A1_product,False
47.618_c7,47.618,train,llm_extended,False,A1_product,False
47.618_c8,47.618,train,llm_extended,False,A5_price,False
47.618_c9,47.618,train,llm_extended,False,A1_product,False
5.2_c1,5.2,train,llm_extended,False,A2_label,False
5.2_c2,5.2,train,llm_extended,False,A1_product,False
5.2_c3,5.2,train,llm_extended,False,A5_price,False
5.2_c4,5.2,train,llm_extended,False,A1_product,False
5.2_c5,5.2,train,llm_extended,False,A3_logistics,False
5.2_c6,5.2,train,llm_extended,False,A3_logistics,False
5.2_c7,5.2,train,llm_extended,False,A1_product,False
5.2_c8,5.2,train,llm_extended,False,A5_price,False
5.2_c9,5.2,train,llm_extended,False,A5_price,False
5.2_c10,5.2,train,llm_extended,False,A5_price,False
64.439_c8,64.439,train,llm_extended,False,A3_logistics,False
64.439_c9,64.439,train,llm_extended,False,A1_product,False
67.49_c5,67.49,val,llm_extended,False,A5_price,False
67.49_c6,67.49,val,llm_extended,False,A1_product,False
67.49_c7,67.49,val,llm_extended,False,A1_product,False
67.49_c8,67.49,val,llm_extended,False,A1_product,False
67.49_c9,67.49,val,llm_extended,False,A1_product,False
67.49_c10,67.49,val,llm_extended,False,A1_product,False
67.49_c11,67.49,val,llm_extended,False,A1_product,False
67.49_c12,67.49,val,llm_extended,False,A1_product,False
67.49_c13,67.49,val,llm_extended,False,A1_product,False
67.49_c14,67.49,val,llm_extended,False,A1_product,False
67.49_c15,67.49,val,llm_extended,False,A1_product,False
67.49_c16,67.49,val,llm_extended,False,A1_product,False
7.258_c2,7.258,train,llm_extended,False,A5_price,False
7.79_c10,7.79,train,human_gold_iaa,True,A5_price,False
74.329_c1,74.329,test,llm_extended,False,A5_price,False
74.329_c2,74.329,test,llm_extended,False,A3_logistics,False
74.412_c8,74.412,train,human_gold_iaa_override,True,A3_logistics,False
74.412_c9,74.412,train,llm_extended,False,A4_service,False
74.412_c10,74.412,train,llm_extended,False,A4_service,False
74.412_c11,74.412,train,llm_extended,False,A5_price,False
74.412_c12,74.412,train,llm_extended,False,A4_service,False
74.717_c2,74.717,val,human_gold_iaa_override,True,OOD,False
74.717_c3,74.717,val,llm_extended,False,A1_product,False
74.717_c4,74.717,val,human_gold_iaa_override,True,OOD,False
74.717_c5,74.717,val,llm_extended,False,A1_product,False
74.936_c1,74.936,train,llm_extended,False,A5_price,False
85.2_c1,85.2,train,llm_extended,False,A2_label,False
85.2_c2,85.2,train,llm_extended,False,A3_logistics,False
85.2_c3,85.2,train,llm_extended,False,A3_logistics,False
85.2_c4,85.2,train,llm_extended,False,A1_product,False
85.2_c5,85.2,train,llm_extended,False,A4_service,False
85.2_c6,85.2,train,human_gold_iaa_override,True,A1_product,False
85.2_c7,85.2,train,llm_extended,False,A2_label,False
85.2_c8,85.2,train,llm_extended,False,A1_product,False
85.2_c9,85.2,train,llm_extended,False,OOD,False
85.2_c10,85.2,train,llm_extended,False,A4_service,False
85.2_c11,85.2,train,llm_extended,False,A4_service,False
85.244_c2,85.244,train,human_gold_iaa_override,True,OOD,False
88.447_c1,88.447,val,llm_extended,False,A2_label,False
88.447_c2,88.447,val,llm_extended,False,A1_product,False
94.8_c1,94.8,train,llm_extended,False,A2_label,False
94.8_c2,94.8,train,llm_extended,False,A5_price,False
94.8_c3,94.8,train,llm_extended,False,A1_product,False
94.8_c4,94.8,train,human_gold_iaa_override,True,A1_product,False
94.8_c5,94.8,train,llm_extended,False,A2_label,False
94.8_c6,94.8,train,llm_extended,False,A2_label,False
94.8_c7,94.8,train,llm_extended,False,A3_logistics,False
94.8_c8,94.8,train,human_gold_iaa_override,True,A3_logistics,False
94.8_c9,94.8,train,llm_extended,False,A4_service,False
94.8_c10,94.8,train,llm_extended,False,A3_logistics,False
94.8_c11,94.8,train,llm_extended,False,A4_service,False
94.8_c12,94.8,train,llm_extended,False,A5_price,False
94.8_c13,94.8,train,llm_extended,False,A1_product,False
94.8_c14,94.8,train,human_gold_iaa_override,True,A4_service,False
99.372_c1,99.372,train,llm_extended,False,A2_label,False
99.372_c2,99.372,train,human_gold_iaa_override,True,A1_product,False
99.372_c3,99.372,train,llm_extended,False,A1_product,False
99.372_c4,99.372,train,human_gold_iaa,True,A1_product,False
99.372_c5,99.372,train,llm_extended,False,A1_product,False
99.372_c6,99.372,train,llm_extended,False,A1_product,False
99.372_c7,99.372,train,llm_extended,False,A1_product,False
99.372_c8,99.372,train,human_gold_iaa,True,A1_product,False
99.372_c9,99.372,train,llm_extended,False,A1_product,False
105.131_c1,105.131,train,llm_extended,False,A1_product,False
105.1316_c1,105.1316,train,llm_extended,False,A1_product,False
105.348_c1,105.348,train,human_gold_iaa_override,True,A1_product,False
17.78_c1,17.78,train,llm_extended,False,A1_product,False
25.228_c1,25.228,train,llm_extended,False,A1_product,False
25.241_c1,25.241,train,human_gold_iaa,True,A1_product,False
27.961_c1,27.961,train,llm_extended,False,A4_service,False
28.1278_c1,28.1278,val,llm_extended,False,A3_logistics,False
28.1278_c2,28.1278,val,human_gold_iaa_override,True,A1_product,False
28.1278_c3,28.1278,val,llm_extended,False,A3_logistics,False
28.1401_c1,28.1401,train,llm_extended,False,A3_logistics,False
28.1401_c2,28.1401,train,llm_extended,False,A1_product,False
28.1401_c3,28.1401,train,llm_extended,False,A4_service,False
28.1522_c1,28.1522,train,llm_extended,False,A3_logistics,False
28.1522_c2,28.1522,train,human_gold_iaa_override,True,A2_label,True
28.1522_c3,28.1522,train,llm_extended,False,A3_logistics,False
28.1522_c4,28.1522,train,llm_extended,False,A1_product,False
29.182_c1,29.182,train,llm_extended,False,A1_product,False
30.39_c1,30.39,train,llm_extended,False,A1_product,False
34.707_c1,34.707,test,llm_extended,False,A2_label,False
34.709_c1,34.709,train,llm_extended,False,A1_product,False
34.721_c1,34.721,train,llm_extended,False,A1_product,False
34.735_c1,34.735,train,llm_extended,False,A1_product,False
45.1127_c1,45.1127,train,human_gold_iaa,True,A5_price,False
45.1127_c2,45.1127,train,llm_extended,False,A1_product,False
45.1127_c3,45.1127,train,llm_extended,False,A3_logistics,False
45.1127_c7,45.1127,train,llm_extended,False,A3_logistics,False
45.1871_c1,45.1871,train,llm_extended,False,A1_product,False
45.1871_c2,45.1871,train,llm_extended,False,A2_label,False
45.1871_c3,45.1871,train,llm_extended,False,A3_logistics,False
45.1871_c10,45.1871,train,llm_extended,False,A1_product,False
45.1871_c11,45.1871,train,llm_extended,False,A4_service,False
45.1871_c12,45.1871,train,llm_extended,False,A1_product,False
45.1871_c13,45.1871,train,llm_extended,False,A1_product,False
47.104_c1,47.104,train,human_gold_iaa,True,A5_price,False
47.104_c2,47.104,train,llm_extended,False,A3_logistics,False
47.104_c3,47.104,train,human_gold_iaa_override,True,A3_logistics,False
47.104_c4,47.104,train,human_gold_iaa,True,A1_product,False
47.104_c6,47.104,train,llm_extended,False,A1_product,False
47.104_c8,47.104,train,llm_extended,False,A4_service,False
47.104_c10,47.104,train,human_gold_iaa,True,A5_price,False
47.1862_c1,47.1862,train,llm_extended,False,A1_product,False
54.863_c1,54.863,test,llm_extended,False,A1_product,False
56.2448_c1,56.2448,train,llm_extended,False,A4_service,False
56.2531_c1,56.2531,train,llm_extended,False,A2_label,False
64.1289_c1,64.1289,train,llm_extended,False,A1_product,False
64.1523_c1,64.1523,train,llm_extended,False,A5_price,False
65.1345_c1,65.1345,train,llm_extended,False,A1_product,False
65.1345_c2,65.1345,train,llm_extended,False,A3_logistics,False
65.1412_c2,65.1412,train,llm_extended,False,A1_product,False
65.1422_c1,65.1422,train,llm_extended,False,A3_logistics,False
65.1422_c2,65.1422,train,llm_extended,False,A3_logistics,False
65.1422_c3,65.1422,train,llm_extended,False,A2_label,False
65.1488_c1,65.1488,test,llm_extended,False,A4_service,False
65.1501_c1,65.1501,train,llm_extended,False,A4_service,False
65.1501_c2,65.1501,train,llm_extended,False,A1_product,False
67.2115_c3,67.2115,test,llm_extended,False,A1_product,False
67.2115_c4,67.2115,test,llm_extended,False,A1_product,False
67.2115_c5,67.2115,test,llm_extended,False,A4_service,False
68.1392_c1,68.1392,train,llm_extended,False,A1_product,False
68.1453_c1,68.1453,train,llm_extended,False,A1_product,False
68.1471_c1,68.1471,val,llm_extended,False,A1_product,False
68.1474_c1,68.1474,train,llm_extended,False,A1_product,False
84.452_c1,84.452,test,llm_extended,False,A2_label,False
88.1849_c1,88.1849,train,llm_extended,False,A1_product,False
88.1853_c1,88.1853,train,llm_extended,False,A1_product,False
88.194_c1,88.194,train,llm_extended,False,A1_product,False
89.341_c1,89.341,train,human_gold_iaa,True,A1_product,False
89.485_c1,89.485,train,llm_extended,False,A1_product,False
89.572_c1,89.572,train,llm_extended,False,A1_product,False
89.593_c1,89.593,train,llm_extended,False,A3_logistics,False
89.7_c1,89.7,test,llm_extended,False,A1_product,False
90.3_c1,90.3,test,llm_extended,False,A1_product,False
90.3_c2,90.3,test,llm_extended,False,A1_product,False
90.3_c3,90.3,test,llm_extended,False,A1_product,False
90.3_c4,90.3,test,llm_extended,False,A5_price,False
90.3_c6,90.3,test,llm_extended,False,A3_logistics,False
90.3_c7,90.3,test,llm_extended,False,A3_logistics,False
90.3_c8,90.3,test,llm_extended,False,A4_service,False
94.1313_c1,94.1313,train,llm_extended,False,A1_product,False
94.1334_c1,94.1334,train,llm_extended,False,A1_product,False
94.1405_c1,94.1405,train,llm_extended,False,A1_product,False
94.14_c1,94.14,train,llm_extended,False,A5_price,False
95.959_c1,95.959,train,llm_extended,False,A1_product,False
95.971_c1,95.971,train,llm_extended,False,A1_product,False
96.89_c1,96.89,train,llm_extended,False,A4_service,False
105.127_c1,105.127,train,human_gold_iaa_override,True,A1_product,False
105.127_c2,105.127,train,human_gold_iaa,True,A1_product,False
105.127_c3,105.127,train,llm_extended,False,A1_product,False
16.22_c1,16.22,train,human_gold_iaa,True,A1_product,False
16.22_c2,16.22,train,llm_extended,False,A2_label,False
16.22_c3,16.22,train,human_gold_iaa_override,True,A1_product,False
16.22_c5,16.22,train,human_gold_iaa,True,A1_product,False
16.22_c7,16.22,train,llm_extended,False,A1_product,False
16.63_c1,16.63,test,human_gold_iaa,True,A1_product,True
16.63_c2,16.63,test,llm_extended,False,A5_price,False
2.199_c1,2.199,test,llm_extended,False,A2_label,False
2.199_c2,2.199,test,llm_extended,False,A1_product,False
2.338_c1,2.338,train,llm_extended,False,A1_product,False
2.338_c2,2.338,train,llm_extended,False,A1_product,False
2.437_c1,2.437,train,llm_extended,False,A1_product,False
2.437_c2,2.437,train,llm_extended,False,A1_product,False
2.437_c3,2.437,train,llm_extended,False,A1_product,False
2.451_c1,2.451,train,llm_extended,False,A1_product,False
23.211_c1,23.211,train,llm_extended,False,A1_product,False
23.211_c2,23.211,train,llm_extended,False,A1_product,False
24.1285_c1,24.1285,train,llm_extended,False,A3_logistics,False
24.1285_c3,24.1285,train,llm_extended,False,A3_logistics,False
24.1285_c4,24.1285,train,llm_extended,False,A1_product,False
24.1285_c5,24.1285,train,llm_extended,False,A1_product,False
24.1285_c6,24.1285,train,llm_extended,False,A5_price,False
24.1353_c1,24.1353,val,llm_extended,False,A1_product,False
24.1353_c2,24.1353,val,llm_extended,False,A1_product,False
24.61_c2,24.61,val,llm_extended,False,A2_label,False
24.61_c3,24.61,val,human_gold_iaa,True,A3_logistics,False
24.61_c4,24.61,val,llm_extended,False,A3_logistics,False
24.61_c7,24.61,val,human_gold_iaa_override,True,A4_service,False
24.832_c1,24.832,train,llm_extended,False,A5_price,False
24.832_c2,24.832,train,llm_extended,False,A2_label,False
24.832_c4,24.832,train,human_gold_iaa_override,True,A2_label,True
24.895_c1,24.895,train,llm_extended,False,A3_logistics,False
25.14_c1,25.14,test,llm_extended,False,A1_product,False
25.14_c2,25.14,test,llm_extended,False,A1_product,False
25.14_c3,25.14,test,llm_extended,False,A1_product,False
27.1009_c1,27.1009,test,llm_extended,False,A1_product,False
29.126_c2,29.126,test,llm_extended,False,A1_product,False
29.126_c3,29.126,test,llm_extended,False,A3_logistics,False
34.651_c2,34.651,train,llm_extended,False,A1_product,False
45.123_c1,45.123,train,llm_extended,False,A2_label,False
45.123_c3,45.123,train,llm_extended,False,A4_service,False
45.123_c4,45.123,train,llm_extended,False,A3_logistics,False
45.123_c5,45.123,train,llm_extended,False,A3_logistics,False
45.123_c7,45.123,train,llm_extended,False,A5_price,False
45.1517_c1,45.1517,train,llm_extended,False,A5_price,False
45.1517_c2,45.1517,train,llm_extended,False,A3_logistics,False
45.1517_c3,45.1517,train,llm_extended,False,A1_product,False
45.1517_c4,45.1517,train,llm_extended,False,A1_product,False
45.1517_c6,45.1517,train,llm_extended,False,A4_service,False
45.1517_c7,45.1517,train,human_gold_iaa_override,True,A4_service,False
45.1517_c10,45.1517,train,llm_extended,False,A5_price,False
45.2034_c1,45.2034,train,llm_extended,False,A1_product,False
45.2034_c2,45.2034,train,human_gold_iaa_override,True,A1_product,False
45.2034_c3,45.2034,train,human_gold_iaa_override,True,A1_product,False
45.2034_c4,45.2034,train,llm_extended,False,A1_product,False
45.2034_c5,45.2034,train,llm_extended,False,A1_product,False
45.2034_c7,45.2034,train,llm_extended,False,A5_price,False
45.2034_c8,45.2034,train,llm_extended,False,A1_product,False
45.2034_c9,45.2034,train,human_gold_iaa,True,A5_price,False
45.2034_c11,45.2034,train,human_gold_iaa,True,A1_product,False
45.711_c2,45.711,test,llm_extended,False,A1_product,False
45.711_c3,45.711,test,llm_extended,False,A2_label,False
45.711_c4,45.711,test,llm_extended,False,A3_logistics,False
45.711_c5,45.711,test,llm_extended,False,A3_logistics,False
45.711_c6,45.711,test,llm_extended,False,A4_service,False
45.711_c8,45.711,test,llm_extended,False,A5_price,False
45.711_c10,45.711,test,human_gold_iaa_override,True,A4_service,False
47.1439_c1,47.1439,train,human_gold_iaa,True,A1_product,False
47.763_c2,47.763,train,llm_extended,False,A1_product,False
47.763_c4,47.763,train,human_gold_iaa,True,A1_product,False
47.763_c5,47.763,train,llm_extended,False,A1_product,False
47.763_c6,47.763,train,llm_extended,False,A2_label,False
47.763_c7,47.763,train,human_gold_iaa_override,True,A1_product,False
47.763_c8,47.763,train,llm_extended,False,A1_product,False
47.763_c11,47.763,train,llm_extended,False,A2_label,False
47.763_c13,47.763,train,llm_extended,False,A1_product,False
54.772_c1,54.772,train,llm_extended,False,A1_product,False
54.772_c2,54.772,train,llm_extended,False,A1_product,False
54.775_c1,54.775,train,human_gold_iaa_override,True,A1_product,False
54.775_c2,54.775,train,human_gold_iaa,True,A1_product,False
54.775_c3,54.775,train,llm_extended,False,A1_product,False
54.903_c1,54.903,train,human_gold_iaa,True,A1_product,False
54.903_c2,54.903,train,human_gold_iaa,True,A1_product,False
56.228_c2,56.228,train,human_gold_iaa,True,A1_product,False
56.228_c3,56.228,train,llm_extended,False,A5_price,False
56.2317_c2,56.2317,train,llm_extended,False,A1_product,False
56.2317_c3,56.2317,train,llm_extended,False,A1_product,False
56.2431_c1,56.2431,train,llm_extended,False,A3_logistics,False
56.2431_c2,56.2431,train,llm_extended,False,A4_service,False
56.2435_c1,56.2435,train,llm_extended,False,A4_service,False
56.2435_c2,56.2435,train,llm_extended,False,A1_product,False
56.2435_c3,56.2435,train,llm_extended,False,A5_price,False
56.2435_c5,56.2435,train,llm_extended,False,A1_product,False
56.2435_c6,56.2435,train,llm_extended,False,A3_logistics,False
56.2598_c1,56.2598,val,llm_extended,False,A1_product,False
56.2598_c2,56.2598,val,llm_extended,False,A4_service,False
56.2687_c1,56.2687,train,llm_extended,False,A1_product,False
56.2687_c3,56.2687,train,llm_extended,False,A1_product,False
56.4_c1,56.4,train,human_gold_iaa,True,A3_logistics,False
56.4_c2,56.4,train,human_gold_iaa,True,A3_logistics,False
56.4_c3,56.4,train,llm_extended,False,A1_product,False
56.4_c4,56.4,train,human_gold_iaa_override,True,A1_product,False
56.4_c5,56.4,train,llm_extended,False,A1_product,False
56.4_c6,56.4,train,llm_extended,False,A1_product,False
56.4_c7,56.4,train,llm_extended,False,A1_product,False
56.311_c1,56.311,train,llm_extended,False,A1_product,False
56.311_c2,56.311,train,llm_extended,False,A5_price,False
56.311_c3,56.311,train,llm_extended,False,A4_service,False
56.311_c4,56.311,train,llm_extended,False,A1_product,False
56.644_c1,56.644,train,llm_extended,False,A1_product,False
56.644_c2,56.644,train,llm_extended,False,A3_logistics,False
56.644_c3,56.644,train,llm_extended,False,A3_logistics,False
56.644_c4,56.644,train,llm_extended,False,A1_product,False
56.644_c5,56.644,train,llm_extended,False,A4_service,False
56.644_c6,56.644,train,llm_extended,False,A5_price,False
56.644_c7,56.644,train,llm_extended,False,A3_logistics,False
68.1311_c2,68.1311,val,human_gold_iaa,True,A1_product,False
68.1311_c3,68.1311,val,llm_extended,False,A1_product,False
69.1_c1,69.1,train,llm_extended,False,A1_product,False
69.1_c2,69.1,train,llm_extended,False,A2_label,False
69.1_c3,69.1,train,llm_extended,False,A1_product,False
69.1_c4,69.1,train,human_gold_iaa,True,A3_logistics,False
69.1_c5,69.1,train,llm_extended,False,A3_logistics,False
69.1_c6,69.1,train,llm_extended,False,A1_product,False
69.1_c7,69.1,train,llm_extended,False,A5_price,False
69.1_c8,69.1,train,llm_extended,False,A1_product,False
69.1_c9,69.1,train,llm_extended,False,A1_product,False
69.1_c10,69.1,train,human_gold_iaa_override,True,A1_product,False
69.1_c11,69.1,train,llm_extended,False,A5_price,False
69.1_c12,69.1,train,llm_extended,False,A4_service,False
69.1_c13,69.1,train,human_gold_iaa,True,A2_label,False
7.17_c1,7.17,test,llm_extended,False,A2_label,False
7.17_c2,7.17,test,llm_extended,False,A1_product,False
7.17_c3,7.17,test,llm_extended,False,A1_product,False
7.17_c4,7.17,test,llm_extended,False,A3_logistics,False
7.17_c5,7.17,test,llm_extended,False,A3_logistics,False
7.17_c6,7.17,test,human_gold_iaa,True,A1_product,False
74.288_c1,74.288,train,llm_extended,False,A3_logistics,False
84.301_c1,84.301,train,llm_extended,False,A1_product,False
84.301_c3,84.301,train,human_gold_iaa,True,A1_product,False
85.1174_c1,85.1174,train,llm_extended,False,A2_label,False
85.1174_c2,85.1174,train,llm_extended,False,A1_product,False
88.1227_c1,88.1227,train,llm_extended,False,A1_product,False
88.1227_c2,88.1227,train,llm_extended,False,A1_product,False
88.1227_c3,88.1227,train,llm_extended,False,A1_product,False
88.1258_c1,88.1258,test,llm_extended,False,A1_product,False
88.1258_c2,88.1258,test,llm_extended,False,A1_product,False
88.1258_c3,88.1258,test,human_gold_iaa,True,A1_product,False
88.1839_c1,88.1839,train,llm_extended,False,A1_product,False
88.2565_c1,88.2565,train,llm_extended,False,A2_label,False
88.2565_c2,88.2565,train,llm_extended,False,A1_product,False
88.2565_c3,88.2565,train,llm_extended,False,A1_product,False
89.335_c1,89.335,train,human_gold_iaa,True,A1_product,False
89.335_c2,89.335,train,human_gold_iaa_override,True,A1_product,False
89.335_c3,89.335,train,llm_extended,False,A1_product,False
89.8_c1,89.8,train,human_gold_iaa,True,A1_product,False
89.8_c2,89.8,train,llm_extended,False,A2_label,False
89.8_c3,89.8,train,llm_extended,False,A1_product,False
89.8_c4,89.8,train,human_gold_iaa_override,True,A1_product,False
89.8_c5,89.8,train,llm_extended,False,A1_product,False
89.8_c6,89.8,train,human_gold_iaa,True,A1_product,False
89.8_c7,89.8,train,llm_extended,False,A1_product,False
89.8_c8,89.8,train,llm_extended,False,A1_product,False
89.8_c9,89.8,train,llm_extended,False,A3_logistics,False
89.8_c10,89.8,train,human_gold_iaa,True,A3_logistics,False
89.8_c11,89.8,train,llm_extended,False,A5_price,False
89.8_c12,89.8,train,human_gold_iaa,True,A1_product,False
89.8_c13,89.8,train,llm_extended,False,A3_logistics,False
89.82_c1,89.82,train,llm_extended,False,A3_logistics,False
89.82_c2,89.82,train,llm_extended,False,A3_logistics,False
89.82_c3,89.82,train,llm_extended,False,A1_product,False
89.82_c4,89.82,train,llm_extended,False,A5_price,False
89.82_c5,89.82,train,llm_extended,False,A1_product,False
89.82_c6,89.82,train,llm_extended,False,A1_product,False
89.82_c7,89.82,train,human_gold_iaa_override,True,A3_logistics,False
89.82_c8,89.82,train,llm_extended,False,A1_product,False
89.82_c9,89.82,train,human_gold_iaa_override,True,A3_logistics,False
89.82_c10,89.82,train,llm_extended,False,A1_product,False
90.89_c1,90.89,val,llm_extended,False,A1_product,False
94.1196_c1,94.1196,test,llm_extended,False,A5_price,False
94.1196_c2,94.1196,test,llm_extended,False,A2_label,False
94.7_c1,94.7,train,human_gold_iaa_override,True,A1_product,False
94.7_c2,94.7,train,llm_extended,False,A3_logistics,False
94.7_c3,94.7,train,llm_extended,False,A1_product,False
94.7_c4,94.7,train,llm_extended,False,A3_logistics,False
94.7_c5,94.7,train,llm_extended,False,A1_product,False
94.7_c6,94.7,train,llm_extended,False,A3_logistics,False
94.7_c7,94.7,train,llm_extended,False,A3_logistics,False
94.7_c8,94.7,train,llm_extended,False,A1_product,False
94.7_c9,94.7,train,llm_extended,False,A1_product,False
94.7_c10,94.7,train,llm_extended,False,A1_product,False
94.72_c1,94.72,train,llm_extended,False,A2_label,False
94.72_c2,94.72,train,llm_extended,False,A1_product,False
94.72_c3,94.72,train,llm_extended,False,A3_logistics,False
94.72_c4,94.72,train,llm_extended,False,A2_label,False
94.72_c5,94.72,train,llm_extended,False,A1_product,False
94.72_c6,94.72,train,llm_extended,False,A1_product,False
94.72_c7,94.72,train,llm_extended,False,A1_product,False
96.45_c1,96.45,test,llm_extended,False,A4_service,False
99.3_c1,99.3,train,llm_extended,False,A1_product,False
99.3_c2,99.3,train,human_gold_iaa,True,A5_price,False
99.3_c3,99.3,train,llm_extended,False,A3_logistics,False
99.3_c4,99.3,train,llm_extended,False,A3_logistics,False
99.3_c8,99.3,train,human_gold_iaa_override,True,A4_service,False
99.3_c9,99.3,train,llm_extended,False,A4_service,False
99.3_c12,99.3,train,human_gold_iaa,True,A1_product,False
6.1994_c1,6.1994,val,human_gold_iaa,True,A1_product,True
6.1994_c2,6.1994,val,llm_extended,False,A1_product,False
6.1994_c3,6.1994,val,human_gold_iaa,True,A1_product,True
6.1994_c4,6.1994,val,llm_extended,False,A1_product,False
6.1994_c5,6.1994,val,llm_extended,False,A1_product,False
6.1994_c6,6.1994,val,human_gold_iaa,True,A1_product,False
6.1994_c7,6.1994,val,llm_extended,False,A4_service,False
6.1994_c8,6.1994,val,llm_extended,False,A1_product,False
6.1994_c9,6.1994,val,human_gold_iaa_override,True,A1_product,True
6.2004_c1,6.2004,train,llm_extended,False,A1_product,False
6.2004_c2,6.2004,train,llm_extended,False,A1_product,False
86.69_c1,86.69,test,llm_extended,False,A5_price,False
45.1871_c6,45.1871,train,llm_extended,False,A1_product,False
45.1871_c8,45.1871,train,llm_extended,False,A1_product,False
45.1871_c9,45.1871,train,llm_extended,False,A1_product,False
47.104_c5,47.104,train,llm_extended,False,A1_product,False
47.618_c10,47.618,train,llm_extended,False,A1_product,False
90.3_c5,90.3,test,llm_extended,False,A3_logistics,False
94.595_c1,94.595,train,llm_extended,False,A1_product,False
94.595_c2,94.595,train,llm_extended,False,A4_service,False
94.595_c3,94.595,train,llm_extended,False,A3_logistics,False
94.595_c4,94.595,train,llm_extended,False,A1_product,False
94.595_c5,94.595,train,llm_extended,False,A1_product,False
94.595_c6,94.595,train,llm_extended,False,A4_service,False
94.595_c7,94.595,train,llm_extended,False,A4_service,False
94.595_c8,94.595,train,llm_extended,False,A1_product,False
94.595_c9,94.595,train,llm_extended,False,A1_product,False
94.595_c10,94.595,train,llm_extended,False,A1_product,False
94.595_c11,94.595,train,llm_extended,False,A4_service,False
99.372_c10,99.372,train,llm_extended,False,A1_product,False
99.372_c14,99.372,train,llm_extended,False,A1_product,False
