batch_id,review_id,clause_id_final,clause_text,clause_text_normalized,split_source,sentiment_polarity_hint,same_aspect_mixed_flag,different_aspect_mixed_flag,keep_for_absa,need_human_review,llm_confidence,need_human_review_original,has_extended_flags,in_iaa_gold_sample,annotation_source,aspect_hint_llm,complaint_severity_llm,praise_type_llm,contains_green_signal_llm,hedge_type_llm,aspect_hint,complaint_severity,praise_type,contains_green_signal,hedge_type,aspect_hint_source,complaint_severity_source,praise_type_source,contains_green_signal_source,hedge_type_source,green_skepticism_detail_llm,extended_source_batch_id,split_x,pred_aspect,split_y,silver_aspect,silver_sentiment,pred_sentiment,pred_sentiment_raw,confidence
batch_001,1.28,1.28_c1,hương vị:k mui,hương vị:k mui,resplit_llm,NEU,False,False,True,False,high,True,True,False,llm_extended,A1_product,none,none,False,none,A1_product,none,none,False,none,llm_extended,llm_extended,llm_extended,llm_extended,llm_extended,,batch_ext_049,train,A1_product,train,A1_product,NEU,NEU,NEU,0.7765
batch_001,1.28,1.28_c2,bao bì mẫu mã:dung,bao bì mẫu mã:dung,resplit_llm,POS,False,False,True,False,high,True,True,False,llm_extended,A2_label,moderate,product,False,none,A2_label,moderate,product,False,none,llm_extended,llm_extended,llm_extended,llm_extended,llm_extended,,batch_ext_088,train,A2_label,train,A2_label,POS,NEU,NEU,0.9929
batch_001,1.28,1.28_c4,hàng chất lượng,hàng chất lượng,resplit_llm,POS,False,False,True,False,high,True,True,True,human_gold_iaa,A1_product,none,product,False,none,A1_product,none,product,False,none,human_gold_iaa,human_gold_iaa,human_gold_iaa,human_gold_iaa,human_gold_iaa,,batch_ext_014,train,A1_product,train,A1_product,POS,POS,POS,0.9997
batch_001,1.28,1.28_c5,giao hàng siêu siêu nhanh,giao hàng siêu siêu nhanh,resplit_llm,POS,False,False,True,False,high,True,True,True,human_gold_iaa,A3_logistics,none,logistics,False,none,A3_logistics,none,logistics,False,none,human_gold_iaa,human_gold_iaa,human_gold_iaa,human_gold_iaa,human_gold_iaa,,batch_ext_062,train,A3_logistics,train,A3_logistics,POS,POS,POS,0.9996
batch_001,1.28,1.28_c6,"shop gói hàng cẩn thận lắm, có cả phiếu bảo hàng","shop gói hàng cẩn thận lắm, có cả phiếu bảo hàng",kept_43b,POS,False,False,True,False,high,True,True,True,human_gold_iaa,A3_logistics,none,logistics,False,none,A3_logistics,none,logistics,False,none,human_gold_iaa,human_gold_iaa,human_gold_iaa,human_gold_iaa,human_gold_iaa,,batch_ext_037,train,A3_logistics,train,A3_logistics,POS,POS,POS,0.9997
batch_001,1.28,1.28_c7,nói chung 10 điểm dịch vụ,nói chung 10 điểm dịch vụ,kept_43b,POS,False,False,True,False,high,True,True,False,llm_extended,A1_product,none,product,False,softener,A1_product,none,product,False,softener,llm_extended,llm_extended,llm_extended,llm_extended,llm_extended,,batch_ext_066,train,A1_product,train,A1_product,POS,POS,POS,0.9975
batch_001,1.28,1.28_c9,shop cứ như vậy nhé ạ. đừng vì lợi nhuận mà làm kém chất lượng,shop cứ như vậy nhé ạ. đừng vì lợi nhuận mà làm kém chất lượng,merged_llm,NEG,False,False,True,False,high,True,True,False,llm_extended,A4_service,moderate,service,False,none,A4_service,moderate,service,False,none,llm_extended,llm_extended,llm_extended,llm_extended,llm_extended,,batch_ext_106,train,A4_service,train,A4_service,NEG,POS,POS,0.999
batch_001,1.28,1.28_c11,anh giao hành chuyên nghiệp,anh giao hành chuyên nghiệp,kept_43b,POS,False,False,True,False,high,True,True,False,llm_extended,A3_logistics,none,product,False,none,A3_logistics,none,product,False,none,llm_extended,llm_extended,llm_extended,llm_extended,llm_extended,,batch_ext_031,train,A3_logistics,train,A3_logistics,POS,POS,POS,0.9994
batch_001,1.47,1.47_c1,hương vị:thom,hương vị:thom,resplit_llm,POS,False,False,True,False,high,True,True,False,llm_extended,A1_product,none,product,False,none,A1_product,none,product,False,none,llm_extended,llm_extended,llm_extended,llm_extended,llm_extended,,batch_ext_040,train,A1_product,train,A1_product,POS,NEU,NEU,0.994
batch_001,1.47,1.47_c2,bao bì mẫu mã:tot,bao bì mẫu mã:tot,resplit_llm,POS,False,False,True,False,high,True,True,False,llm_extended,A2_label,moderate,product,False,none,A2_label,moderate,product,False,none,llm_extended,llm_extended,llm_extended,llm_extended,llm_extended,,batch_ext_069,train,A2_label,train,A2_label,POS,NEU,NEU,0.5216
batch_001,1.47,1.47_c4,shop bọc cẩn thận,shop bọc cẩn thận,kept_43b,POS,False,False,True,False,high,True,True,False,llm_extended,A3_logistics,none,logistics,False,none,A3_logistics,none,logistics,False,none,llm_extended,llm_extended,llm_extended,llm_extended,llm_extended,,batch_ext_067,train,A3_logistics,train,A3_logistics,POS,POS,POS,0.9994
batch_001,1.47,1.47_c5,giao hàng nhanh,giao hàng nhanh,kept_43b,POS,False,False,True,False,high,True,True,True,human_gold_iaa,A3_logistics,none,logistics,False,none,A3_logistics,none,logistics,False,none,human_gold_iaa,human_gold_iaa,human_gold_iaa,human_gold_iaa,human_gold_iaa,,batch_ext_078,train,A3_logistics,train,A3_logistics,POS,POS,POS,0.9997
batch_001,1.47,1.47_c7,bình thường mua big c 25k mà săn 22k không phải đi ship giao tận nơi,bình thường mua big c 25k mà săn 22k không phải đi ship giao tận nơi,kept_43b,POS,False,False,True,False,high,True,True,False,llm_extended,A5_price,none,value,False,none,A5_price,none,value,False,none,llm_extended,llm_extended,llm_extended,llm_extended,llm_extended,,batch_ext_033,train,A5_price,train,A5_price,POS,NEG,NEG,0.9984
batch_001,1.47,1.47_c9,ship giao hàng nhiệt tình,ship giao hàng nhiệt tình,resplit_llm,POS,False,False,True,False,high,True,True,False,llm_extended,A3_logistics,none,service,False,none,A3_logistics,none,service,False,none,llm_extended,llm_extended,llm_extended,llm_extended,llm_extended,,batch_ext_109,train,A3_logistics,train,A3_logistics,POS,POS,POS,0.9997
batch_001,1.47,1.47_c10,rẻ hơn rất nhiều,rẻ hơn rất nhiều,resplit_llm,POS,False,False,True,False,high,True,True,False,llm_extended,A5_price,none,value,False,none,A5_price,none,value,False,none,llm_extended,llm_extended,llm_extended,llm_extended,llm_extended,,batch_ext_066,train,A5_price,train,A5_price,POS,POS,POS,0.9982
batch_002,1.8,1.8_c1,bao bì mẫu mã:đẹp,bao bì mẫu mã:đẹp,resplit_llm,POS,False,False,True,False,high,True,True,False,llm_extended,A2_label,moderate,product,False,none,A2_label,moderate,product,False,none,llm_extended,llm_extended,llm_extended,llm_extended,llm_extended,,batch_ext_022,train,A2_label,train,A2_label,POS,POS,POS,0.8707
batch_002,1.8,1.8_c3,mình rất thích cách đóng hàng của shop,mình rất thích cách đóng hàng của shop,resplit_llm,POS,False,False,True,False,high,True,True,True,human_gold_iaa_override,A4_service,none,service,False,none,A3_logistics,none,logistics,False,none,human_gold_iaa,human_gold_iaa,human_gold_iaa,human_gold_iaa,human_gold_iaa,,batch_ext_100,train,A3_logistics,train,A3_logistics,POS,POS,POS,0.9997
batch_002,1.8,1.8_c4,hộp bìa dày dặn,hộp bìa dày dặn,kept_43b,POS,False,False,True,False,high,True,True,False,llm_extended,A3_logistics,none,product,False,none,A3_logistics,none,product,False,none,llm_extended,llm_extended,llm_extended,llm_extended,llm_extended,,batch_ext_080,train,A3_logistics,train,A3_logistics,POS,POS,POS,0.9996
batch_002,1.8,1.8_c5,không bị méo,không bị méo,kept_43b,POS,False,False,True,False,high,True,True,False,llm_extended,A1_product,moderate,product,False,none,A1_product,moderate,product,False,none,llm_extended,llm_extended,llm_extended,llm_extended,llm_extended,,batch_ext_110,train,A1_product,train,A1_product,POS,POS,POS,0.9907
batch_002,1.8,1.8_c7,shipper thân thiện,shipper thân thiện,kept_43b,POS,False,False,True,False,high,True,True,False,llm_extended,A1_product,none,product,False,none,A1_product,none,product,False,none,llm_extended,llm_extended,llm_extended,llm_extended,llm_extended,,batch_ext_062,train,A1_product,train,A1_product,POS,POS,POS,0.9996
batch_002,1.8,1.8_c8,nhưng lúc đó mình ngủ không biết làm họ đợi mình đến 2h chiều nhưug không hề tức giận mà vẫn thân thiệt,nhưng lúc đó mình ngủ không biết làm họ đợi mình đến 2h chiều nhưug không hề tức giận mà vẫn thân thiệt,kept_43b,POS,False,False,True,False,high,True,True,False,llm_extended,A1_product,mild,product,False,none,A1_product,mild,product,False,none,llm_extended,llm_extended,llm_extended,llm_extended,llm_extended,,batch_ext_114,train,A1_product,train,A1_product,POS,POS,POS,0.999
batch_002,1.8,1.8_c9,shop nhắn tin cũng nhiệt tình,shop nhắn tin cũng nhiệt tình,kept_43b,POS,False,False,True,False,high,True,True,False,llm_extended,A4_service,moderate,service,False,softener,A4_service,moderate,service,False,softener,llm_extended,llm_extended,llm_extended,llm_extended,llm_extended,,batch_ext_016,train,A4_service,train,A4_service,POS,POS,POS,0.9997
batch_002,1.71,1.71_c1,shop gói hàng cẩn thận,shop gói hàng cẩn thận,kept_43b,POS,False,False,True,False,high,True,True,False,llm_extended,A3_logistics,none,logistics,False,none,A3_logistics,none,logistics,False,none,llm_extended,llm_extended,llm_extended,llm_extended,llm_extended,,batch_ext_100,train,A3_logistics,train,A3_logistics,POS,POS,POS,0.9996
batch_002,1.71,1.71_c2,đủ số lượng 4 gói,đủ số lượng 4 gói,kept_43b,POS,False,False,True,False,high,True,True,False,llm_extended,A1_product,none,product,False,none,A1_product,none,product,False,none,llm_extended,llm_extended,llm_extended,llm_extended,llm_extended,,batch_ext_008,train,A1_product,train,A1_product,POS,POS,POS,0.9984
batch_002,1.71,1.71_c3,bao bì sản phẩm lịch sự,bao bì sản phẩm lịch sự,kept_43b,POS,False,False,True,False,high,True,True,False,llm_extended,A2_label,moderate,product,False,none,A2_label,moderate,product,False,none,llm_extended,llm_extended,llm_extended,llm_extended,llm_extended,,batch_ext_107,train,A2_label,train,A2_label,POS,POS,POS,0.9995
batch_002,1.71,1.71_c4,chắc chắn và có tờ quy trình bảo hành rõ ràng,chắc chắn và có tờ quy trình bảo hành rõ ràng,kept_43b,POS,False,False,True,False,high,True,True,False,llm_extended,A1_product,none,product,False,softener,A1_product,none,product,False,softener,llm_extended,llm_extended,llm_extended,llm_extended,llm_extended,,batch_ext_032,train,A1_product,train,A1_product,POS,POS,POS,0.9996
batch_002,1.82,1.82_c2,bao bì mẫu mã:bao bì mẫu mã đẹp,bao bì mẫu mã:bao bì mẫu mã đẹp,kept_43b,POS,False,False,True,False,high,True,True,False,llm_extended,A2_label,moderate,product,False,none,A2_label,moderate,product,False,none,llm_extended,llm_extended,llm_extended,llm_extended,llm_extended,,batch_ext_112,train,A2_label,train,A2_label,POS,POS,POS,0.9958
batch_002,1.82,1.82_c3,đã nhận hàng rất ưng ý,đã nhận hàng rất ưng ý,resplit_llm,POS,False,False,True,False,high,True,True,False,llm_extended,A3_logistics,none,product,False,none,A3_logistics,none,product,False,none,llm_extended,llm_extended,llm_extended,llm_extended,llm_extended,,batch_ext_021,train,A3_logistics,train,A3_logistics,POS,POS,POS,0.9998
batch_002,1.82,1.82_c4,shop chăm sóc khách hàng chu đáo,shop chăm sóc khách hàng chu đáo,resplit_llm,POS,False,False,True,False,high,True,True,False,llm_extended,A4_service,moderate,service,False,none,A4_service,moderate,service,False,none,llm_extended,llm_extended,llm_extended,llm_extended,llm_extended,,batch_ext_014,train,A4_service,train,A4_service,POS,POS,POS,0.9996
batch_002,1.82,1.82_c5,hàng đóng gói cẩn thận,hàng đóng gói cẩn thận,kept_43b,POS,False,False,True,False,high,True,True,False,llm_extended,A3_logistics,none,logistics,False,none,A3_logistics,none,logistics,False,none,llm_extended,llm_extended,llm_extended,llm_extended,llm_extended,,batch_ext_099,train,A3_logistics,train,A3_logistics,POS,POS,POS,0.9996
batch_002,1.82,1.82_c6,mua hàng của shop mal thì rất yên tâm,mua hàng của shop mal thì rất yên tâm,kept_43b,POS,False,False,True,False,high,True,True,False,llm_extended,A4_service,mild,service,False,softener,A4_service,mild,service,False,softener,llm_extended,llm_extended,llm_extended,llm_extended,llm_extended,,batch_ext_103,train,A4_service,train,A4_service,POS,POS,POS,0.9989
batch_002,1.82,1.82_c7,shop nhiệt tình nhắn tin lại và đổi theo yêu cầu,shop nhiệt tình nhắn tin lại và đổi theo yêu cầu,kept_43b,POS,False,False,True,False,high,True,True,False,llm_extended,A4_service,none,service,False,none,A4_service,none,service,False,none,llm_extended,llm_extended,llm_extended,llm_extended,llm_extended,,batch_ext_001,train,A4_service,train,A4_service,POS,POS,POS,0.9997
batch_002,1.86,1.86_c1,bao bì mẫu mã:dung,bao bì mẫu mã:dung,resplit_llm,POS,False,False,True,False,high,True,True,False,llm_extended,A2_label,moderate,product,False,none,A2_label,moderate,product,False,none,llm_extended,llm_extended,llm_extended,llm_extended,llm_extended,,batch_ext_002,train,A2_label,train,A2_label,POS,NEU,NEU,0.9929
batch_002,1.86,1.86_c2,hương vị:nguyen vi,hương vị:nguyen vi,resplit_llm,POS,False,False,True,False,high,True,True,False,llm_extended,A1_product,none,product,False,none,A1_product,none,product,False,none,llm_extended,llm_extended,llm_extended,llm_extended,llm_extended,,batch_ext_032,train,A1_product,train,A1_product,POS,NEU,NEU,0.9739
batch_002,1.86,1.86_c3,giao nhanh dã man,giao nhanh dã man,kept_43b,POS,False,False,True,False,high,True,True,False,llm_extended,A3_logistics,none,logistics,False,none,A3_logistics,none,logistics,False,none,llm_extended,llm_extended,llm_extended,llm_extended,llm_extended,,batch_ext_096,train,A3_logistics,train,A3_logistics,POS,POS,POS,0.9997
batch_002,1.86,1.86_c4,"gói hành cực chuẩn chỉnh, cẩn thận","gói hành cực chuẩn chỉnh, cẩn thận",kept_43b,POS,False,False,True,False,high,True,True,True,human_gold_iaa_override,A1_product,none,product,False,none,A3_logistics,none,logistics,False,none,human_gold_iaa,human_gold_iaa,human_gold_iaa,human_gold_iaa,human_gold_iaa,,batch_ext_063,train,A3_logistics,train,A3_logistics,POS,POS,POS,0.999
batch_002,1.86,1.86_c6,nhưng thấy shop bán rẻ hơn những shop khác,nhưng thấy shop bán rẻ hơn những shop khác,kept_43b,POS,False,False,True,False,high,True,True,False,llm_extended,A5_price,mild,value,False,none,A5_price,mild,value,False,none,llm_extended,llm_extended,llm_extended,llm_extended,llm_extended,,batch_ext_053,train,A4_service,train,A5_price,POS,POS,POS,0.9987
batch_002,1.86,1.86_c7,anh giao hàng nhiệt tình,anh giao hàng nhiệt tình,kept_43b,POS,False,False,True,False,high,True,True,False,llm_extended,A3_logistics,none,service,False,none,A3_logistics,none,service,False,none,llm_extended,llm_extended,llm_extended,llm_extended,llm_extended,,batch_ext_002,train,A3_logistics,train,A3_logistics,POS,POS,POS,0.9996
batch_003,10.129,10.129_c1,good product,good product,kept_43b,POS,False,False,True,False,high,False,True,False,llm_extended,A1_product,none,product,False,none,A1_product,none,product,False,none,llm_extended,llm_extended,llm_extended,llm_extended,llm_extended,,batch_ext_003,train,A1_product,train,A1_product,POS,NEU,NEU,0.9966
batch_003,103.115,103.115_c1,an toàn,an toàn,resplit_llm,POS,False,False,True,False,high,False,True,True,human_gold_iaa_override,A1_product,none,product,True,none,A1_product,none,product,False,none,human_gold_iaa,human_gold_iaa,human_gold_iaa,human_gold_iaa,human_gold_iaa,,batch_ext_050,train,A1_product,train,A1_product,POS,POS,POS,0.9948
batch_003,103.115,103.115_c2,lần sau hết sẽ mua tiếp,lần sau hết sẽ mua tiếp,resplit_llm,POS,False,False,True,False,high,False,True,False,llm_extended,A1_product,none,product,False,wishful,A1_product,none,product,False,wishful,llm_extended,llm_extended,llm_extended,llm_extended,llm_extended,,batch_ext_001,train,A1_product,train,A1_product,POS,POS,POS,0.9994
batch_003,104.152,104.152_c1,goid hàng kỹ càng,goid hàng kỹ càng,resplit_llm,POS,False,False,True,False,high,False,True,False,llm_extended,A1_product,none,product,False,none,A1_product,none,product,False,none,llm_extended,llm_extended,llm_extended,llm_extended,llm_extended,,batch_ext_083,train,A1_product,train,A1_product,POS,POS,POS,0.9994
batch_003,104.152,104.152_c2,được tặng bình nước nữa,được tặng bình nước nữa,resplit_llm,POS,False,False,True,False,high,False,True,False,llm_extended,A4_service,none,service,False,none,A4_service,none,service,False,none,llm_extended,llm_extended,llm_extended,llm_extended,llm_extended,,batch_ext_043,train,A4_service,train,A4_service,POS,NEU,NEU,0.6198
batch_003,104.152,104.152_c3,uống mùi vị cũng dễ uống,uống mùi vị cũng dễ uống,resplit_llm,POS,False,False,True,False,high,False,True,False,llm_extended,A1_product,moderate,product,False,softener,A1_product,moderate,product,False,softener,llm_extended,llm_extended,llm_extended,llm_extended,llm_extended,,batch_ext_011,train,A1_product,train,A1_product,POS,POS,POS,0.9997
batch_003,104.253,104.253_c1,set trà dễ uống,set trà dễ uống,kept_43b,POS,False,False,True,False,high,False,True,False,llm_extended,A1_product,none,product,False,none,A1_product,none,product,False,none,llm_extended,llm_extended,llm_extended,llm_extended,llm_extended,,batch_ext_049,train,A1_product,train,A1_product,POS,POS,POS,0.9995
batch_004,105.1047,105.1047_c1,hàng đúng như quảng cáo,hàng đúng như quảng cáo,resplit_llm,POS,False,False,True,False,high,False,True,False,llm_extended,A2_label,none,product,False,none,A2_label,none,product,False,none,llm_extended,llm_extended,llm_extended,llm_extended,llm_extended,,batch_ext_032,train,A2_label,train,A2_label,POS,POS,POS,0.9976
batch_004,105.1047,105.1047_c2,uống dễ uống,uống dễ uống,resplit_llm,POS,False,False,True,False,high,False,True,False,llm_extended,A1_product,none,product,False,none,A1_product,none,product,False,none,llm_extended,llm_extended,llm_extended,llm_extended,llm_extended,,batch_ext_035,train,A1_product,train,A1_product,POS,POS,POS,0.9995
batch_004,105.1083,105.1083_c1,giống mô tả,giống mô tả,kept_43b,POS,False,False,True,False,high,False,True,True,human_gold_iaa_override,A2_label,none,product,False,none,A1_product,none,product,False,none,human_gold_iaa,human_gold_iaa,human_gold_iaa,human_gold_iaa,human_gold_iaa,,batch_ext_061,train,A2_label,train,A1_product,POS,POS,POS,0.9829
batch_006,105.629,105.629_c1,hương vị:dễ uống,hương vị:dễ uống,resplit_llm,POS,False,False,True,False,high,False,True,True,human_gold_iaa,A1_product,none,product,False,none,A1_product,none,product,False,none,human_gold_iaa,human_gold_iaa,human_gold_iaa,human_gold_iaa,human_gold_iaa,,batch_ext_016,train,A1_product,train,A1_product,POS,POS,POS,0.9983
batch_006,105.629,105.629_c3,hàng giống hình nha,hàng giống hình nha,resplit_llm,POS,False,False,True,False,high,False,True,False,llm_extended,A1_product,none,product,False,none,A1_product,none,product,False,none,llm_extended,llm_extended,llm_extended,llm_extended,llm_extended,,batch_ext_064,train,A1_product,train,A1_product,POS,POS,POS,0.9988
batch_008,11.975,11.975_c1,lần đầu mình mua sản của shop rất là ok,lần đầu mình mua sản của shop rất là ok,kept_43b,POS,False,False,True,False,high,True,True,True,human_gold_iaa,A4_service,none,service,False,none,A4_service,none,service,False,none,human_gold_iaa,human_gold_iaa,human_gold_iaa,human_gold_iaa,human_gold_iaa,,batch_ext_092,train,A4_service,train,A4_service,POS,POS,POS,0.9997
batch_008,11.975,11.975_c3,nhưng mình đã rất thật vọng khi sử dụng sản phẩm của shop,nhưng mình đã rất thật vọng khi sử dụng sản phẩm của shop,kept_43b,NEG,False,False,True,False,high,True,True,True,human_gold_iaa_override,A4_service,strong,none,False,none,A1_product,moderate,none,False,none,human_gold_iaa,human_gold_iaa,human_gold_iaa,human_gold_iaa,human_gold_iaa,,batch_ext_085,train,A4_service,train,A1_product,NEG,NEG,NEG,0.9857
batch_008,11.975,11.975_c4,trong gói hạt chia của shop có rất nhiều vật thể là và to như trong ảnh và video,trong gói hạt chia của shop có rất nhiều vật thể là và to như trong ảnh và video,resplit_llm,NEG,False,False,True,False,high,True,True,False,llm_extended,A4_service,moderate,none,False,none,A4_service,moderate,none,False,none,llm_extended,llm_extended,llm_extended,llm_extended,llm_extended,,batch_ext_016,train,A4_service,train,A4_service,NEG,POS,POS,0.9983
batch_008,11.975,11.975_c5,không những thế còn rất nhiều sạn trong gói,không những thế còn rất nhiều sạn trong gói,resplit_llm,NEG,False,False,True,False,high,True,True,False,llm_extended,A1_product,moderate,none,False,none,A1_product,moderate,none,False,none,llm_extended,llm_extended,llm_extended,llm_extended,llm_extended,,batch_ext_100,train,A1_product,train,A1_product,NEG,NEG,NEG,0.9823
batch_008,11.975,11.975_c8,đấy là còn chưa kể mk đã ngâm và ủ qua nước lọc trước xong thay cho bớt cặn mà còn uống rất sạn,đấy là còn chưa kể mk đã ngâm và ủ qua nước lọc trước xong thay cho bớt cặn mà còn uống rất sạn,kept_43b,NEG,False,False,True,False,high,True,True,False,llm_extended,A1_product,moderate,none,False,none,A1_product,moderate,none,False,none,llm_extended,llm_extended,llm_extended,llm_extended,llm_extended,,batch_ext_024,train,A1_product,train,A1_product,NEG,POS,POS,0.7862
batch_008,11.975,11.975_c9,mk còn mua 2 gói gạo của shop nhg chưa thử được không biết có bị sít rịt gì không,mk còn mua 2 gói gạo của shop nhg chưa thử được không biết có bị sít rịt gì không,kept_43b,NEG,False,False,True,False,high,True,True,False,llm_extended,A4_service,moderate,none,False,none,A4_service,moderate,none,False,none,llm_extended,llm_extended,llm_extended,llm_extended,llm_extended,,batch_ext_004,train,A4_service,train,A4_service,NEG,POS,POS,0.9987
batch_009,114.3,114.3_c1,oge dùng được,oge dùng được,resplit_llm,POS,False,False,True,False,high,False,True,False,llm_extended,A1_product,none,product,False,none,A1_product,none,product,False,none,llm_extended,llm_extended,llm_extended,llm_extended,llm_extended,,batch_ext_041,train,A1_product,train,A1_product,POS,POS,POS,0.9938
batch_009,114.3,114.3_c2,sẽ ủng hộ thêm,sẽ ủng hộ thêm,resplit_llm,POS,False,False,True,False,high,False,True,False,llm_extended,A1_product,none,product,False,none,A1_product,none,product,False,none,llm_extended,llm_extended,llm_extended,llm_extended,llm_extended,,batch_ext_072,train,A1_product,train,A1_product,POS,POS,POS,0.9981
batch_009,114.42,114.42_c1,giao hàng nhanh,giao hàng nhanh,kept_43b,POS,False,False,True,False,high,True,True,False,llm_extended,A3_logistics,none,logistics,False,none,A3_logistics,none,logistics,False,none,llm_extended,llm_extended,llm_extended,llm_extended,llm_extended,,batch_ext_047,train,A3_logistics,train,A3_logistics,POS,POS,POS,0.9997
batch_009,114.42,114.42_c2,đóng gói chắc chắn,đóng gói chắc chắn,kept_43b,POS,False,False,True,False,high,True,True,False,llm_extended,A3_logistics,none,logistics,False,softener,A3_logistics,none,logistics,False,softener,llm_extended,llm_extended,llm_extended,llm_extended,llm_extended,,batch_ext_073,train,A3_logistics,train,A3_logistics,POS,POS,POS,0.9991
batch_009,114.42,114.42_c3,hàng giống trong hình,hàng giống trong hình,resplit_llm,POS,False,False,True,False,high,True,True,False,llm_extended,A1_product,none,product,False,none,A1_product,none,product,False,none,llm_extended,llm_extended,llm_extended,llm_extended,llm_extended,,batch_ext_101,train,A1_product,train,A1_product,POS,POS,POS,0.9964
batch_009,114.42,114.42_c4,chất lượng phù hợp với giá,chất lượng phù hợp với giá,resplit_llm,POS,False,False,True,False,high,True,True,False,llm_extended,A5_price,none,value,False,none,A5_price,none,value,False,none,llm_extended,llm_extended,llm_extended,llm_extended,llm_extended,,batch_ext_098,train,A5_price,train,A5_price,POS,POS,POS,0.9994
batch_009,114.42,114.42_c5,chất liệu ok,chất liệu ok,resplit_llm,POS,False,False,True,False,high,True,True,False,llm_extended,A1_product,none,product,False,none,A1_product,none,product,False,none,llm_extended,llm_extended,llm_extended,llm_extended,llm_extended,,batch_ext_057,train,A1_product,train,A1_product,POS,POS,POS,0.9982
batch_009,114.42,114.42_c9,đảm bảo thức ăn còn nóng,đảm bảo thức ăn còn nóng,kept_43b,POS,False,False,True,False,high,True,True,False,llm_extended,A1_product,none,product,False,none,A1_product,none,product,False,none,llm_extended,llm_extended,llm_extended,llm_extended,llm_extended,,batch_ext_043,train,A1_product,train,A1_product,POS,NEU,NEU,0.9956
batch_009,114.42,114.42_c10,dụng cụ ăn uống đầy đủ,dụng cụ ăn uống đầy đủ,kept_43b,POS,False,False,True,False,high,True,True,False,llm_extended,A1_product,none,product,False,none,A1_product,none,product,False,none,llm_extended,llm_extended,llm_extended,llm_extended,llm_extended,,batch_ext_011,train,A1_product,train,A1_product,POS,POS,POS,0.9914
batch_009,114.42,114.42_c11,giao đủ số lượng,giao đủ số lượng,kept_43b,POS,False,False,True,False,high,True,True,True,human_gold_iaa_override,A3_logistics,none,product,False,none,A3_logistics,none,logistics,False,none,human_gold_iaa,human_gold_iaa,human_gold_iaa,human_gold_iaa,human_gold_iaa,,batch_ext_063,train,A3_logistics,train,A3_logistics,POS,POS,POS,0.9996
batch_009,114.42,114.42_c12,thức ăn ngon,thức ăn ngon,kept_43b,POS,False,False,True,False,high,True,True,False,llm_extended,A1_product,none,product,False,none,A1_product,none,product,False,none,llm_extended,llm_extended,llm_extended,llm_extended,llm_extended,,batch_ext_111,train,A1_product,train,A1_product,POS,POS,POS,0.9997
batch_009,12.1018,12.1018_c1,hương vị:cung được,hương vị:cung được,kept_43b,POS,False,False,True,False,high,False,True,False,llm_extended,A1_product,moderate,product,False,softener,A1_product,moderate,product,False,softener,llm_extended,llm_extended,llm_extended,llm_extended,llm_extended,,batch_ext_033,train,A1_product,train,A1_product,POS,POS,POS,0.9626
batch_010,12.1297,12.1297_c2,hương vị:thơm ngon,hương vị:thơm ngon,resplit_llm,POS,False,False,True,False,high,True,True,False,llm_extended,A1_product,none,product,False,none,A1_product,none,product,False,none,llm_extended,llm_extended,llm_extended,llm_extended,llm_extended,,batch_ext_066,train,A1_product,train,A1_product,POS,POS,POS,0.9985
batch_010,12.1297,12.1297_c6,không làm mình thất vọng,không làm mình thất vọng,kept_43b,POS,False,False,True,False,high,True,True,True,human_gold_iaa,A1_product,strong,product,False,none,A1_product,strong,product,False,none,human_gold_iaa,human_gold_iaa,human_gold_iaa,human_gold_iaa,human_gold_iaa,,batch_ext_111,train,A1_product,train,A1_product,POS,POS,POS,0.9639
batch_010,12.1297,12.1297_c7,cơm ngon xốp mềm,cơm ngon xốp mềm,kept_43b,POS,False,False,True,False,high,True,True,False,llm_extended,A1_product,none,product,False,none,A1_product,none,product,False,none,llm_extended,llm_extended,llm_extended,llm_extended,llm_extended,,batch_ext_030,train,A1_product,train,A1_product,POS,POS,POS,0.9993
batch_010,12.1297,12.1297_c8,ăn giống mùi gạo nếp cẩm trong sữa chua nếp cẩm,ăn giống mùi gạo nếp cẩm trong sữa chua nếp cẩm,kept_43b,POS,False,False,True,False,high,True,True,False,llm_extended,A1_product,mild,product,False,none,A1_product,mild,product,False,none,llm_extended,llm_extended,llm_extended,llm_extended,llm_extended,,batch_ext_020,train,A1_product,train,A1_product,POS,NEG,NEG,0.9989
batch_010,12.1297,12.1297_c9,nấu lên mùi thơm nức,nấu lên mùi thơm nức,kept_43b,POS,False,False,True,False,high,True,True,False,llm_extended,A1_product,none,product,False,none,A1_product,none,product,False,none,llm_extended,llm_extended,llm_extended,llm_extended,llm_extended,,batch_ext_090,train,A1_product,train,A1_product,POS,POS,POS,0.9996
batch_010,12.1297,12.1297_c10,bố mình nghĩ mình đang nấu xôi,bố mình nghĩ mình đang nấu xôi,kept_43b,POS,False,False,True,False,high,True,True,False,llm_extended,A1_product,none,product,False,none,A1_product,none,product,False,none,llm_extended,llm_extended,llm_extended,llm_extended,llm_extended,,batch_ext_112,train,A1_product,train,A1_product,POS,NEU,NEU,0.6439
batch_010,12.157,12.157_c2,gói cẩn thận lắm nhé,gói cẩn thận lắm nhé,resplit_llm,POS,False,False,True,False,high,False,True,False,llm_extended,A1_product,none,product,False,none,A1_product,none,product,False,none,llm_extended,llm_extended,llm_extended,llm_extended,llm_extended,,batch_ext_004,train,A3_logistics,train,A1_product,POS,POS,POS,0.9997
batch_010,12.616,12.616_c1,hàng chuẩn okay nên mua nhe mn,hàng chuẩn okay nên mua nhe mn,resplit_llm,POS,False,False,True,False,high,False,True,False,llm_extended,A1_product,none,product,False,wishful,A1_product,none,product,False,wishful,llm_extended,llm_extended,llm_extended,llm_extended,llm_extended,,batch_ext_028,train,A1_product,train,A1_product,POS,POS,POS,0.9997
batch_011,12.8,12.8_c3,shop đóng gói siêu kỹ,shop đóng gói siêu kỹ,resplit_llm,POS,False,False,True,False,high,True,True,False,llm_extended,A3_logistics,none,logistics,False,none,A3_logistics,none,logistics,False,none,llm_extended,llm_extended,llm_extended,llm_extended,llm_extended,,batch_ext_038,train,A3_logistics,train,A3_logistics,POS,POS,POS,0.9996
batch_011,12.8,12.8_c4,mỗi một loại hàng lại bọc chống sốc,mỗi một loại hàng lại bọc chống sốc,kept_43b,POS,False,False,True,False,high,True,True,False,llm_extended,A3_logistics,none,product,False,none,A3_logistics,none,product,False,none,llm_extended,llm_extended,llm_extended,llm_extended,llm_extended,,batch_ext_075,train,A3_logistics,train,A3_logistics,POS,NEU,NEU,0.7494
batch_011,12.8,12.8_c5,nên hàng nguyên vẹn không vỡ gãy hay mất chân không,nên hàng nguyên vẹn không vỡ gãy hay mất chân không,kept_43b,POS,False,False,True,False,high,True,True,True,human_gold_iaa_override,A1_product,strong,product,False,wishful,A3_logistics,strong,logistics,False,wishful,human_gold_iaa,human_gold_iaa,human_gold_iaa,human_gold_iaa,human_gold_iaa,,batch_ext_079,train,A3_logistics,train,A3_logistics,POS,POS,POS,0.9991
batch_011,12.8,12.8_c6,"gạo thì ăn quá nhiều loại của shop rồi, đều rất ngon dẻo thơm","gạo thì ăn quá nhiều loại của shop rồi, đều rất ngon dẻo thơm",merged_llm,POS,False,False,True,False,high,True,True,False,llm_extended,A4_service,none,service,False,none,A4_service,none,service,False,none,llm_extended,llm_extended,llm_extended,llm_extended,llm_extended,,batch_ext_039,train,A4_service,train,A4_service,POS,POS,POS,0.9997
batch_011,12.8,12.8_c9,ăn rất ưng,ăn rất ưng,kept_43b,POS,False,False,True,False,high,True,True,False,llm_extended,A1_product,none,product,False,none,A1_product,none,product,False,none,llm_extended,llm_extended,llm_extended,llm_extended,llm_extended,,batch_ext_085,train,A1_product,train,A1_product,POS,POS,POS,0.9997
batch_011,12.8,12.8_c10,sợi miến dai mềm chứ không nát,sợi miến dai mềm chứ không nát,resplit_llm,POS,False,False,True,False,high,True,True,False,llm_extended,A1_product,none,product,False,none,A1_product,none,product,False,none,llm_extended,llm_extended,llm_extended,llm_extended,llm_extended,,batch_ext_049,train,A1_product,train,A1_product,POS,POS,POS,0.9853
batch_011,12.8,12.8_c11,không bị sạn,không bị sạn,resplit_llm,POS,False,False,True,False,high,True,True,False,llm_extended,A1_product,moderate,product,False,none,A1_product,moderate,product,False,none,llm_extended,llm_extended,llm_extended,llm_extended,llm_extended,,batch_ext_081,train,A1_product,train,A1_product,POS,POS,POS,0.6549
batch_011,12.8,12.8_c12,đậu đỏ to lần trước mua an cũng ngon,đậu đỏ to lần trước mua an cũng ngon,resplit_llm,POS,False,False,True,False,high,True,True,False,llm_extended,A1_product,moderate,product,False,softener,A1_product,moderate,product,False,softener,llm_extended,llm_extended,llm_extended,llm_extended,llm_extended,,batch_ext_058,train,A1_product,train,A1_product,POS,POS,POS,0.9984
batch_011,12.8,12.8_c13,mặc dù vẫn có vài hạt sượng,mặc dù vẫn có vài hạt sượng,kept_43b,NEG,False,False,True,False,high,True,True,False,llm_extended,A5_price,moderate,none,False,none,A5_price,moderate,none,False,none,llm_extended,llm_extended,llm_extended,llm_extended,llm_extended,,batch_ext_073,train,A5_price,train,A5_price,NEG,NEU,NEU,0.8264
batch_011,12.8,12.8_c15,hạt sen chưa nầu nhưng nhìn hơi đen,hạt sen chưa nầu nhưng nhìn hơi đen,merged_llm,NEG,False,False,True,False,high,True,True,False,llm_extended,A1_product,moderate,none,False,softener,A1_product,moderate,none,False,softener,llm_extended,llm_extended,llm_extended,llm_extended,llm_extended,,batch_ext_101,train,A1_product,train,A1_product,NEG,NEG,NEG,0.9799
batch_011,12.828,12.828_c2,sản phẩm y hình,sản phẩm y hình,resplit_llm,POS,False,False,True,False,high,False,True,False,llm_extended,A1_product,none,product,False,none,A1_product,none,product,False,none,llm_extended,llm_extended,llm_extended,llm_extended,llm_extended,,batch_ext_097,train,A1_product,train,A1_product,POS,POS,POS,0.994
batch_012,13.7,13.7_c1,bao bì mẫu mã:mới tinh,bao bì mẫu mã:mới tinh,resplit_llm,POS,False,False,True,False,high,True,True,False,llm_extended,A2_label,moderate,product,False,none,A2_label,moderate,product,False,none,llm_extended,llm_extended,llm_extended,llm_extended,llm_extended,,batch_ext_096,train,A2_label,train,A2_label,POS,POS,POS,0.9805
batch_012,13.7,13.7_c2,hương vị:ngon,hương vị:ngon,resplit_llm,POS,False,False,True,False,high,True,True,True,human_gold_iaa,A1_product,none,product,False,none,A1_product,none,product,False,none,human_gold_iaa,human_gold_iaa,human_gold_iaa,human_gold_iaa,human_gold_iaa,,batch_ext_040,train,A1_product,train,A1_product,POS,POS,POS,0.9925
batch_012,13.7,13.7_c6,sản phẩm chất lượng,sản phẩm chất lượng,kept_43b,POS,False,False,True,False,high,True,True,False,llm_extended,A1_product,none,product,False,none,A1_product,none,product,False,none,llm_extended,llm_extended,llm_extended,llm_extended,llm_extended,,batch_ext_045,train,A1_product,train,A1_product,POS,POS,POS,0.9997
batch_012,13.7,13.7_c7,giá cả phải chăng hơn mấy shop kia,giá cả phải chăng hơn mấy shop kia,kept_43b,POS,False,False,True,False,high,True,True,False,llm_extended,A5_price,none,value,False,none,A5_price,none,value,False,none,llm_extended,llm_extended,llm_extended,llm_extended,llm_extended,,batch_ext_057,train,A5_price,train,A5_price,POS,POS,POS,0.9996
batch_012,14.1018,14.1018_c1,hương vị:cung được,hương vị:cung được,kept_43b,POS,False,False,True,False,high,False,True,False,llm_extended,A1_product,moderate,product,False,softener,A1_product,moderate,product,False,softener,llm_extended,llm_extended,llm_extended,llm_extended,llm_extended,,batch_ext_092,train,A1_product,train,A1_product,POS,POS,POS,0.9626
batch_013,14.1297,14.1297_c2,hương vị:thơm ngon,hương vị:thơm ngon,resplit_llm,POS,False,False,True,False,high,True,True,False,llm_extended,A1_product,none,product,False,none,A1_product,none,product,False,none,llm_extended,llm_extended,llm_extended,llm_extended,llm_extended,,batch_ext_085,train,A1_product,train,A1_product,POS,POS,POS,0.9985
batch_013,14.1297,14.1297_c6,không làm mình thất vọng,không làm mình thất vọng,kept_43b,POS,False,False,True,False,high,True,True,True,human_gold_iaa,A1_product,strong,product,False,none,A1_product,strong,product,False,none,human_gold_iaa,human_gold_iaa,human_gold_iaa,human_gold_iaa,human_gold_iaa,,batch_ext_047,train,A1_product,train,A1_product,POS,POS,POS,0.9639
batch_013,14.1297,14.1297_c7,cơm ngon xốp mềm,cơm ngon xốp mềm,kept_43b,POS,False,False,True,False,high,True,True,False,llm_extended,A1_product,none,product,False,none,A1_product,none,product,False,none,llm_extended,llm_extended,llm_extended,llm_extended,llm_extended,,batch_ext_050,train,A1_product,train,A1_product,POS,POS,POS,0.9993
batch_013,14.1297,14.1297_c8,ăn giống mùi gạo nếp cẩm trong sữa chua nếp cẩm,ăn giống mùi gạo nếp cẩm trong sữa chua nếp cẩm,kept_43b,POS,False,False,True,False,high,True,True,False,llm_extended,A1_product,mild,product,False,none,A1_product,mild,product,False,none,llm_extended,llm_extended,llm_extended,llm_extended,llm_extended,,batch_ext_034,train,A1_product,train,A1_product,POS,NEG,NEG,0.9989
batch_013,14.1297,14.1297_c9,nấu lên mùi thơm nức,nấu lên mùi thơm nức,kept_43b,POS,False,False,True,False,high,True,True,False,llm_extended,A1_product,none,product,False,none,A1_product,none,product,False,none,llm_extended,llm_extended,llm_extended,llm_extended,llm_extended,,batch_ext_024,train,A1_product,train,A1_product,POS,POS,POS,0.9996
batch_013,14.1297,14.1297_c10,bố mình nghĩ mình đang nấu xôi,bố mình nghĩ mình đang nấu xôi,kept_43b,POS,False,False,True,False,high,True,True,False,llm_extended,A1_product,none,product,False,none,A1_product,none,product,False,none,llm_extended,llm_extended,llm_extended,llm_extended,llm_extended,,batch_ext_002,train,A1_product,train,A1_product,POS,NEU,NEU,0.6439
batch_013,14.157,14.157_c2,gói cẩn thận lắm nhé,gói cẩn thận lắm nhé,resplit_llm,POS,False,False,True,False,high,False,True,False,llm_extended,A1_product,none,product,False,none,A1_product,none,product,False,none,llm_extended,llm_extended,llm_extended,llm_extended,llm_extended,,batch_ext_081,train,A3_logistics,train,A1_product,POS,POS,POS,0.9997
batch_014,14.7,14.7_c1,nhận hàng rất ưng ý,nhận hàng rất ưng ý,kept_43b,POS,False,False,True,False,high,False,True,False,llm_extended,A3_logistics,none,product,False,none,A3_logistics,none,product,False,none,llm_extended,llm_extended,llm_extended,llm_extended,llm_extended,,batch_ext_087,train,A3_logistics,train,A3_logistics,POS,POS,POS,0.9997
batch_014,14.7,14.7_c2,shop ép chân không rất đẹp,shop ép chân không rất đẹp,resplit_llm,POS,False,False,True,False,high,False,True,False,llm_extended,A4_service,none,service,False,none,A4_service,none,service,False,none,llm_extended,llm_extended,llm_extended,llm_extended,llm_extended,,batch_ext_018,train,A4_service,train,A4_service,POS,NEU,NEU,0.9996
batch_014,14.7,14.7_c3,và đúng số kg,và đúng số kg,resplit_llm,POS,False,False,True,False,high,False,True,False,llm_extended,A1_product,none,product,False,none,A1_product,none,product,False,none,llm_extended,llm_extended,llm_extended,llm_extended,llm_extended,,batch_ext_085,train,A1_product,train,A1_product,POS,POS,POS,0.9177
batch_014,14.7,14.7_c4,giao thùng hàng đóng gói cẩn thận,giao thùng hàng đóng gói cẩn thận,kept_43b,POS,False,False,True,False,high,False,True,False,llm_extended,A3_logistics,none,logistics,False,none,A3_logistics,none,logistics,False,none,llm_extended,llm_extended,llm_extended,llm_extended,llm_extended,,batch_ext_046,train,A3_logistics,train,A3_logistics,POS,POS,POS,0.9961
batch_014,14.7,14.7_c5,"quá nhiều màu sắc của gạo, rất đẹp, qua đây em thấy đặc sản điện biên rất phong phú","quá nhiều màu sắc của gạo, rất đẹp, qua đây em thấy đặc sản điện biên rất phong phú",kept_43b,POS,False,False,True,False,high,False,True,False,llm_extended,A1_product,none,product,False,none,A1_product,none,product,False,none,llm_extended,llm_extended,llm_extended,llm_extended,llm_extended,,batch_ext_082,train,A1_product,train,A1_product,POS,POS,POS,0.9987
batch_014,14.7,14.7_c6,shop bán hàng rất đa dạng chất lượng uy tín,shop bán hàng rất đa dạng chất lượng uy tín,merged_llm,POS,False,False,True,False,high,False,True,False,llm_extended,A4_service,none,service,False,none,A4_service,none,service,False,none,llm_extended,llm_extended,llm_extended,llm_extended,llm_extended,,batch_ext_008,train,A4_service,train,A4_service,POS,POS,POS,0.9997
batch_014,14.616,14.616_c1,hàng chuẩn okay nên mua nhe mn,hàng chuẩn okay nên mua nhe mn,resplit_llm,POS,False,False,True,False,high,False,True,False,llm_extended,A1_product,none,product,False,wishful,A1_product,none,product,False,wishful,llm_extended,llm_extended,llm_extended,llm_extended,llm_extended,,batch_ext_105,train,A1_product,train,A1_product,POS,POS,POS,0.9997
batch_014,14.635,14.635_c2,gạo lúc ship tới có 1 gói không được hút chân không nhé shop nhưng chắc cũng không sao,gạo lúc ship tới có 1 gói không được hút chân không nhé shop nhưng chắc cũng không sao,merged_llm,MIXED,True,False,True,False,high,False,True,False,llm_extended,A3_logistics,moderate,none,False,softener,A3_logistics,moderate,none,False,softener,llm_extended,llm_extended,llm_extended,llm_extended,llm_extended,,batch_ext_001,train,A3_logistics,train,A3_logistics,MIXED,POS,POS,0.9882
batch_014,14.635,14.635_c3,ship đầy đủ,ship đầy đủ,kept_43b,POS,False,False,True,False,high,False,True,False,llm_extended,A3_logistics,none,product,False,none,A3_logistics,none,product,False,none,llm_extended,llm_extended,llm_extended,llm_extended,llm_extended,,batch_ext_032,train,A3_logistics,train,A3_logistics,POS,POS,POS,0.999
batch_014,14.635,14.635_c4,gạo đen thì có bao bì riêng,gạo đen thì có bao bì riêng,kept_43b,NEU,False,False,True,False,high,False,True,False,llm_extended,A2_label,moderate,none,False,none,A2_label,moderate,none,False,none,llm_extended,llm_extended,llm_extended,llm_extended,llm_extended,,batch_ext_015,train,A2_label,train,A2_label,NEU,NEU,NEU,0.5359
batch_014,14.635,14.635_c5,gạo rồng thì đóng bịch nilon rồi dán tem thui ạ,gạo rồng thì đóng bịch nilon rồi dán tem thui ạ,resplit_llm,NEU,False,False,True,False,high,False,True,False,llm_extended,A2_label,none,none,False,none,A2_label,none,none,False,none,llm_extended,llm_extended,llm_extended,llm_extended,llm_extended,,batch_ext_056,train,A2_label,train,A2_label,NEU,NEU,NEU,0.6501
batch_014,14.635,14.635_c6,mình mua gạo của shop lần trước rồi thấy nấu nhanh không cần gâm cho xâm xấp 1 đốt ngón tay là nấu ngon rồi,mình mua gạo của shop lần trước rồi thấy nấu nhanh không cần gâm cho xâm xấp 1 đốt ngón tay là nấu ngon rồi,merged_llm,POS,False,False,True,False,high,False,True,False,llm_extended,A4_service,none,service,False,none,A4_service,none,service,False,none,llm_extended,llm_extended,llm_extended,llm_extended,llm_extended,,batch_ext_002,train,A4_service,train,A4_service,POS,NEU,NEU,0.9997
batch_014,14.635,14.635_c7,không thấy gạo bị hôi hay mối mọt gì cả,không thấy gạo bị hôi hay mối mọt gì cả,kept_43b,POS,False,False,True,False,high,False,True,False,llm_extended,A1_product,moderate,product,False,softener,A1_product,moderate,product,False,softener,llm_extended,llm_extended,llm_extended,llm_extended,llm_extended,,batch_ext_034,train,A1_product,train,A1_product,POS,NEG,NEG,0.9533
batch_014,14.635,14.635_c8,nên mua vì giá thành so với mặt bằng mình thấy cũng rẻ,nên mua vì giá thành so với mặt bằng mình thấy cũng rẻ,kept_43b,POS,False,False,True,False,high,False,True,False,llm_extended,A5_price,moderate,value,False,wishful,A5_price,moderate,value,False,wishful,llm_extended,llm_extended,llm_extended,llm_extended,llm_extended,,batch_ext_002,train,A5_price,train,A5_price,POS,POS,POS,0.999
batch_014,14.701,14.701_c2,đủ số lượng đúng sản phẩm,đủ số lượng đúng sản phẩm,resplit_llm,POS,False,False,True,False,high,False,True,True,human_gold_iaa_override,A1_product,none,product,False,none,A1_product,none,logistics,False,none,human_gold_iaa,human_gold_iaa,human_gold_iaa,human_gold_iaa,human_gold_iaa,,batch_ext_012,train,A1_product,train,A1_product,POS,POS,POS,0.9996
batch_014,14.701,14.701_c3,shipper vui vẻ,shipper vui vẻ,resplit_llm,POS,False,False,True,False,high,False,True,False,llm_extended,A1_product,none,product,False,none,A1_product,none,product,False,none,llm_extended,llm_extended,llm_extended,llm_extended,llm_extended,,batch_ext_107,train,A1_product,train,A1_product,POS,POS,POS,0.9997
batch_014,14.8,14.8_c2,cả 1 thùng cacton bự chảng gần 15kg shop đóng gói siêu kỹ mỗi một loại hàng lại bọc chống sốc,cả 1 thùng cacton bự chảng gần 15kg shop đóng gói siêu kỹ mỗi một loại hàng lại bọc chống sốc,merged_llm,POS,False,False,True,False,high,True,True,False,llm_extended,A3_logistics,none,logistics,False,none,A3_logistics,none,logistics,False,none,llm_extended,llm_extended,llm_extended,llm_extended,llm_extended,,batch_ext_014,train,A3_logistics,train,A3_logistics,POS,POS,POS,0.9996
batch_014,14.8,14.8_c3,nên hàng nguyên vẹn không vỡ gãy hay mất chân,nên hàng nguyên vẹn không vỡ gãy hay mất chân,kept_43b,POS,False,False,True,False,high,True,True,True,human_gold_iaa_override,A1_product,strong,product,False,wishful,A3_logistics,strong,logistics,False,wishful,human_gold_iaa,human_gold_iaa,human_gold_iaa,human_gold_iaa,human_gold_iaa,,batch_ext_044,train,A3_logistics,train,A3_logistics,POS,POS,POS,0.9992
batch_014,14.8,14.8_c4,không gạo thì ăn quá nhiều loại của shop rồi đều rất ngon dẻo thơm nên không đánh giá nữa,không gạo thì ăn quá nhiều loại của shop rồi đều rất ngon dẻo thơm nên không đánh giá nữa,merged_llm,POS,False,False,True,False,high,True,True,False,llm_extended,A5_price,none,value,False,wishful,A5_price,none,value,False,wishful,llm_extended,llm_extended,llm_extended,llm_extended,llm_extended,,batch_ext_094,train,A5_price,train,A5_price,POS,POS,POS,0.9996
batch_014,14.8,14.8_c5,bún miến phở mỳ mới mua lần đầu hôm qua nhận hàng nấu thử miến luôn ăn rất ưng,bún miến phở mỳ mới mua lần đầu hôm qua nhận hàng nấu thử miến luôn ăn rất ưng,merged_llm,POS,False,False,True,False,high,True,True,True,human_gold_iaa_override,A3_logistics,none,product,False,none,A1_product,none,product,False,none,human_gold_iaa,human_gold_iaa,human_gold_iaa,human_gold_iaa,human_gold_iaa,,batch_ext_096,train,A1_product,train,A1_product,POS,POS,POS,0.9996
batch_014,14.8,14.8_c6,"sợi miến dai mềm chứ không nát, không bị sạn","sợi miến dai mềm chứ không nát, không bị sạn",resplit_llm,POS,False,False,True,False,high,True,True,False,llm_extended,A1_product,moderate,product,False,none,A1_product,moderate,product,False,none,llm_extended,llm_extended,llm_extended,llm_extended,llm_extended,,batch_ext_019,train,A1_product,train,A1_product,POS,POS,POS,0.9978
batch_014,14.8,14.8_c7,đậu đỏ to lần trước mua an cũng ngon,đậu đỏ to lần trước mua an cũng ngon,resplit_llm,POS,False,False,True,False,high,True,True,False,llm_extended,A1_product,moderate,product,False,softener,A1_product,moderate,product,False,softener,llm_extended,llm_extended,llm_extended,llm_extended,llm_extended,,batch_ext_090,train,A1_product,train,A1_product,POS,POS,POS,0.9984
batch_014,14.8,14.8_c8,mặc dù vẫn có vài hạt sượng,mặc dù vẫn có vài hạt sượng,kept_43b,NEG,False,False,True,False,high,True,True,False,llm_extended,A5_price,moderate,none,False,none,A5_price,moderate,none,False,none,llm_extended,llm_extended,llm_extended,llm_extended,llm_extended,,batch_ext_071,train,A5_price,train,A5_price,NEG,NEU,NEU,0.8264
batch_014,14.8,14.8_c10,hạt sen chưa nầu nhưng nhìn hơi đen hy vọng bở ngon,hạt sen chưa nầu nhưng nhìn hơi đen hy vọng bở ngon,merged_llm,NEG,False,False,True,False,high,True,True,False,llm_extended,A1_product,moderate,product,False,wishful,A1_product,moderate,product,False,wishful,llm_extended,llm_extended,llm_extended,llm_extended,llm_extended,,batch_ext_003,train,A1_product,train,A1_product,NEG,NEU,NEU,0.939
batch_014,14.792,14.792_c1,đúng đủ số lượng gạo,đúng đủ số lượng gạo,kept_43b,POS,False,False,True,False,high,False,True,False,llm_extended,A1_product,none,product,False,none,A1_product,none,product,False,none,llm_extended,llm_extended,llm_extended,llm_extended,llm_extended,,batch_ext_095,train,A1_product,train,A1_product,POS,POS,POS,0.9991
batch_015,14.828,14.828_c2,sản phẩm y hình,sản phẩm y hình,resplit_llm,POS,False,False,True,False,high,False,True,True,human_gold_iaa,A1_product,none,product,False,none,A1_product,none,product,False,none,human_gold_iaa,human_gold_iaa,human_gold_iaa,human_gold_iaa,human_gold_iaa,,batch_ext_098,train,A1_product,train,A1_product,POS,POS,POS,0.994
batch_015,14.849,14.849_c2,"sản phẩm bình thường, mọi thứ bình thường","sản phẩm bình thường, mọi thứ bình thường",resplit_llm,NEU,False,False,True,False,high,False,True,False,llm_extended,A1_product,none,none,False,none,A1_product,none,none,False,none,llm_extended,llm_extended,llm_extended,llm_extended,llm_extended,,batch_ext_004,train,A1_product,train,A1_product,NEU,NEU,NEU,0.9984
batch_015,16.114,16.114_c1,sản phẩm đúng như mô tả,sản phẩm đúng như mô tả,resplit_llm,POS,False,False,True,False,high,False,True,True,human_gold_iaa_override,A2_label,none,product,False,none,A1_product,none,product,False,none,human_gold_iaa,human_gold_iaa,human_gold_iaa,human_gold_iaa,human_gold_iaa,,batch_ext_066,train,A2_label,train,A1_product,POS,POS,POS,0.9982
batch_017,18.32,18.32_c1,sản phẩm chứa hàm lượng protein cao trong các loại hạt cùng vô vàn các chất dinh dưỡng tổng hợp,sản phẩm chứa hàm lượng protein cao trong các loại hạt cùng vô vàn các chất dinh dưỡng tổng hợp,kept_43b,POS,False,False,True,False,high,False,True,True,human_gold_iaa_override,A3_logistics,strong,product,False,softener,A1_product,strong,product,False,softener,human_gold_iaa,human_gold_iaa,human_gold_iaa,human_gold_iaa,human_gold_iaa,,batch_ext_070,train,A1_product,train,A1_product,POS,POS,POS,0.9958
batch_017,18.469,18.469_c2,lần đầu rất chi là ok nhé,lần đầu rất chi là ok nhé,kept_43b,POS,False,False,True,False,high,False,True,False,llm_extended,A1_product,none,product,False,none,A1_product,none,product,False,none,llm_extended,llm_extended,llm_extended,llm_extended,llm_extended,,batch_ext_021,train,A1_product,train,A1_product,POS,POS,POS,0.9993
batch_017,18.469,18.469_c3,"sao lần này yến mạch lại có mọt,mua 8 bịch thì hết 5 bịch bị mọt","sao lần này yến mạch lại có mọt,mua 8 bịch thì hết 5 bịch bị mọt",kept_43b,NEG,False,False,True,False,high,False,True,False,llm_extended,A1_product,moderate,none,False,none,A1_product,moderate,none,False,none,llm_extended,llm_extended,llm_extended,llm_extended,llm_extended,,batch_ext_096,train,A1_product,train,A1_product,NEG,NEG,NEG,0.9968
batch_017,18.469,18.469_c4,mà date 12 2023 lận,mà date 12 2023 lận,kept_43b,NEU,False,False,True,False,high,False,True,False,llm_extended,A2_label,none,none,False,none,A2_label,none,none,False,none,llm_extended,llm_extended,llm_extended,llm_extended,llm_extended,,batch_ext_065,train,A2_label,train,A2_label,NEU,POS,POS,0.9688
batch_017,18.469,18.469_c5,cũng không rõ shop chạy date hay sao chứ có mọt là hàng cũ roài,cũng không rõ shop chạy date hay sao chứ có mọt là hàng cũ roài,merged_llm,NEG,False,False,True,False,high,False,True,False,llm_extended,A2_label,moderate,none,False,softener,A2_label,moderate,none,False,softener,llm_extended,llm_extended,llm_extended,llm_extended,llm_extended,,batch_ext_028,train,A2_label,train,A2_label,NEG,NEU,NEU,0.8659
batch_017,18.469,18.469_c7,"ép miệng bịch không chắc nhé bị xì hơi, bóp nhẹ nó bung","ép miệng bịch không chắc nhé bị xì hơi, bóp nhẹ nó bung",merged_llm,NEG,False,False,True,False,high,False,True,False,llm_extended,A1_product,moderate,none,False,softener,A1_product,moderate,none,False,softener,llm_extended,llm_extended,llm_extended,llm_extended,llm_extended,,batch_ext_049,train,A1_product,train,A1_product,NEG,NEG,NEG,0.9992
batch_017,18.494,18.494_c1,sản phẩm đúng mô tả,sản phẩm đúng mô tả,kept_43b,POS,False,False,True,False,high,False,True,False,llm_extended,A2_label,none,product,False,none,A2_label,none,product,False,none,llm_extended,llm_extended,llm_extended,llm_extended,llm_extended,,batch_ext_057,train,A2_label,train,A2_label,POS,POS,POS,0.9971
batch_018,18.636,18.636_c1,cũng đc,cũng đc,kept_43b,POS,False,False,True,False,high,False,True,False,llm_extended,A1_product,moderate,product,False,softener,A1_product,moderate,product,False,softener,llm_extended,llm_extended,llm_extended,llm_extended,llm_extended,,batch_ext_087,train,A1_product,train,A1_product,POS,POS,POS,0.9906
batch_018,18.644,18.644_c1,hàng như mô tả,hàng như mô tả,kept_43b,POS,False,False,True,False,high,False,True,False,llm_extended,A2_label,none,product,False,none,A2_label,none,product,False,none,llm_extended,llm_extended,llm_extended,llm_extended,llm_extended,,batch_ext_053,train,A2_label,train,A2_label,POS,POS,POS,0.9966
batch_018,18.646,18.646_c1,bình thường,bình thường,kept_43b,NEU,False,False,True,False,high,False,True,False,llm_extended,A1_product,none,none,False,none,A1_product,none,none,False,none,llm_extended,llm_extended,llm_extended,llm_extended,llm_extended,,batch_ext_071,train,A1_product,train,A1_product,NEU,NEU,NEU,0.9982
batch_018,19.21,19.21_c2,sẽ tiếp tục ủng hộ,sẽ tiếp tục ủng hộ,resplit_llm,POS,False,False,True,False,high,False,True,False,llm_extended,A1_product,none,product,False,none,A1_product,none,product,False,none,llm_extended,llm_extended,llm_extended,llm_extended,llm_extended,,batch_ext_021,train,A1_product,train,A1_product,POS,POS,POS,0.9957
batch_018,2.121,2.121_c1,đã mua đi mua lại nhiều lần,đã mua đi mua lại nhiều lần,resplit_llm,POS,False,False,True,False,high,False,True,False,llm_extended,A1_product,none,product,False,none,A1_product,none,product,False,none,llm_extended,llm_extended,llm_extended,llm_extended,llm_extended,,batch_ext_030,train,A1_product,train,A1_product,POS,POS,POS,0.9994
batch_018,2.121,2.121_c2,hạt chia dễ uống,hạt chia dễ uống,resplit_llm,POS,False,False,True,False,high,False,True,False,llm_extended,A1_product,none,product,False,none,A1_product,none,product,False,none,llm_extended,llm_extended,llm_extended,llm_extended,llm_extended,,batch_ext_047,train,A1_product,train,A1_product,POS,POS,POS,0.9995
batch_018,2.121,2.121_c3,nhiề tác dụng,nhiề tác dụng,resplit_llm,POS,False,False,True,False,high,False,True,False,llm_extended,A1_product,none,product,False,none,A1_product,none,product,False,none,llm_extended,llm_extended,llm_extended,llm_extended,llm_extended,,batch_ext_084,train,A1_product,train,A1_product,POS,POS,POS,0.7303
batch_018,2.164,2.164_c2,gói hàng kĩ càng,gói hàng kĩ càng,resplit_llm,POS,False,False,True,False,high,False,True,True,human_gold_iaa_override,A3_logistics,none,product,False,none,A3_logistics,none,logistics,False,none,human_gold_iaa,human_gold_iaa,human_gold_iaa,human_gold_iaa,human_gold_iaa,,batch_ext_077,train,A3_logistics,train,A3_logistics,POS,POS,POS,0.9995
batch_020,2.46,2.46_c2,hàng thì cũng vẫn như bình thường thôi,hàng thì cũng vẫn như bình thường thôi,resplit_llm,NEU,False,False,True,False,high,False,True,False,llm_extended,A1_product,moderate,none,False,softener,A1_product,moderate,none,False,softener,llm_extended,llm_extended,llm_extended,llm_extended,llm_extended,,batch_ext_007,train,A1_product,train,A1_product,NEU,NEU,NEU,0.9973
batch_020,2.616,2.616_c1,giống như mô tả,giống như mô tả,kept_43b,POS,False,False,True,False,high,False,True,False,llm_extended,A2_label,none,product,False,none,A2_label,none,product,False,none,llm_extended,llm_extended,llm_extended,llm_extended,llm_extended,,batch_ext_086,train,A2_label,train,A2_label,POS,POS,POS,0.9673
batch_020,20.1265,20.1265_c1,hương vị:ngon,hương vị:ngon,resplit_llm,POS,False,False,True,False,high,False,True,False,llm_extended,A1_product,none,product,False,none,A1_product,none,product,False,none,llm_extended,llm_extended,llm_extended,llm_extended,llm_extended,,batch_ext_095,train,A1_product,train,A1_product,POS,POS,POS,0.9925
batch_020,20.1776,20.1776_c1,mình đã nhận được hàng đầy đủ,mình đã nhận được hàng đầy đủ,resplit_llm,POS,False,False,True,False,high,False,True,False,llm_extended,A1_product,none,product,False,none,A1_product,none,product,False,none,llm_extended,llm_extended,llm_extended,llm_extended,llm_extended,,batch_ext_029,train,A1_product,train,A1_product,POS,POS,POS,0.9996
batch_020,20.1776,20.1776_c2,mình mong là sản phẩm sẽ okelah cho mẹ mình,mình mong là sản phẩm sẽ okelah cho mẹ mình,resplit_llm,NEU,False,False,True,False,high,False,True,False,llm_extended,A1_product,none,none,False,wishful,A1_product,none,none,False,wishful,llm_extended,llm_extended,llm_extended,llm_extended,llm_extended,,batch_ext_068,train,A1_product,train,A1_product,NEU,POS,POS,0.9988
batch_022,20.1007,20.1007_c1,mẫu mã đẹp,mẫu mã đẹp,resplit_llm,POS,False,False,True,False,high,False,True,False,llm_extended,A1_product,none,product,False,none,A1_product,none,product,False,none,llm_extended,llm_extended,llm_extended,llm_extended,llm_extended,,batch_ext_105,train,A2_label,train,A1_product,POS,POS,POS,0.9997
batch_022,20.1007,20.1007_c2,hạt chia nhiều,hạt chia nhiều,resplit_llm,POS,False,False,True,False,high,False,True,False,llm_extended,A1_product,none,product,False,none,A1_product,none,product,False,none,llm_extended,llm_extended,llm_extended,llm_extended,llm_extended,,batch_ext_102,train,A1_product,train,A1_product,POS,NEU,NEU,0.5944
batch_022,20.1007,20.1007_c3,mỗi ngày uống một chút nên chắc có vẻ sẽ lâu hết,mỗi ngày uống một chút nên chắc có vẻ sẽ lâu hết,resplit_llm,POS,False,False,True,False,high,False,True,False,llm_extended,A1_product,moderate,product,False,wishful,A1_product,moderate,product,False,wishful,llm_extended,llm_extended,llm_extended,llm_extended,llm_extended,,batch_ext_086,train,A1_product,train,A1_product,POS,POS,POS,0.9729
batch_022,21.13,21.13_c1,shipper chỗ mình quen thân thiện,shipper chỗ mình quen thân thiện,resplit_llm,POS,False,False,True,False,high,False,True,False,llm_extended,A1_product,none,product,False,none,A1_product,none,product,False,none,llm_extended,llm_extended,llm_extended,llm_extended,llm_extended,,batch_ext_054,train,A1_product,train,A1_product,POS,POS,POS,0.9989
batch_022,21.13,21.13_c2,thời gian nhận hàng nhanh,thời gian nhận hàng nhanh,resplit_llm,POS,False,False,True,False,high,False,True,False,llm_extended,A3_logistics,none,logistics,False,none,A3_logistics,none,logistics,False,none,llm_extended,llm_extended,llm_extended,llm_extended,llm_extended,,batch_ext_103,train,A3_logistics,train,A3_logistics,POS,POS,POS,0.9997
batch_023,21.358,21.358_c1,hạt đều đẹp nhé,hạt đều đẹp nhé,kept_43b,POS,False,False,True,False,high,False,True,False,llm_extended,A1_product,none,product,False,none,A1_product,none,product,False,none,llm_extended,llm_extended,llm_extended,llm_extended,llm_extended,,batch_ext_048,train,A1_product,train,A1_product,POS,POS,POS,0.9997
batch_023,22.11,22.11_c1,sản phẩm như mô tả,sản phẩm như mô tả,kept_43b,POS,False,False,True,False,high,False,True,False,llm_extended,A2_label,none,product,False,none,A2_label,none,product,False,none,llm_extended,llm_extended,llm_extended,llm_extended,llm_extended,,batch_ext_077,train,A2_label,train,A2_label,POS,POS,POS,0.9952
batch_025,24.2289,24.2289_c1,nhận đủ hàng,nhận đủ hàng,resplit_llm,POS,False,False,True,False,high,False,True,False,llm_extended,A1_product,none,product,False,none,A1_product,none,product,False,none,llm_extended,llm_extended,llm_extended,llm_extended,llm_extended,,batch_ext_019,train,A3_logistics,train,A1_product,POS,POS,POS,0.9991
batch_025,24.2289,24.2289_c2,đóng cẩn thận,đóng cẩn thận,resplit_llm,POS,False,False,True,False,high,False,True,False,llm_extended,A1_product,none,product,False,none,A1_product,none,product,False,none,llm_extended,llm_extended,llm_extended,llm_extended,llm_extended,,batch_ext_019,train,A3_logistics,train,A1_product,POS,POS,POS,0.9988
batch_025,24.2289,24.2289_c3,đã mua nhiều lần,đã mua nhiều lần,resplit_llm,POS,False,False,True,False,high,False,True,False,llm_extended,A1_product,none,product,False,none,A1_product,none,product,False,none,llm_extended,llm_extended,llm_extended,llm_extended,llm_extended,,batch_ext_088,train,A1_product,train,A1_product,POS,POS,POS,0.9889
batch_027,24.2874,24.2874_c1,gaio hàng nhanh,gaio hàng nhanh,resplit_llm,POS,False,False,True,False,high,False,True,True,human_gold_iaa_override,A1_product,none,product,False,none,A3_logistics,none,logistics,False,none,human_gold_iaa,human_gold_iaa,human_gold_iaa,human_gold_iaa,human_gold_iaa,,batch_ext_039,train,A3_logistics,train,A3_logistics,POS,POS,POS,0.9991
batch_027,24.2874,24.2874_c2,đúng hàng đủ hàng,đúng hàng đủ hàng,resplit_llm,POS,False,False,True,False,high,False,True,False,llm_extended,A1_product,none,product,False,none,A1_product,none,product,False,none,llm_extended,llm_extended,llm_extended,llm_extended,llm_extended,,batch_ext_097,train,A3_logistics,train,A1_product,POS,POS,POS,0.9997
batch_027,24.2874,24.2874_c3,hàng đẹp,hàng đẹp,resplit_llm,POS,False,False,True,False,high,False,True,False,llm_extended,A1_product,none,product,False,none,A1_product,none,product,False,none,llm_extended,llm_extended,llm_extended,llm_extended,llm_extended,,batch_ext_022,train,A1_product,train,A1_product,POS,POS,POS,0.9997
batch_030,118.96,118.96_c2,sản phẩm dầu lạc mở ra mùi lạc,sản phẩm dầu lạc mở ra mùi lạc,resplit_llm,POS,False,False,True,False,high,False,True,False,llm_extended,A1_product,none,product,False,none,A1_product,none,product,False,none,llm_extended,llm_extended,llm_extended,llm_extended,llm_extended,,batch_ext_015,train,A1_product,train,A1_product,POS,NEG,NEG,0.9994
batch_030,27.1162,27.1162_c1,nhận đủ số lượng hàng,nhận đủ số lượng hàng,resplit_llm,POS,False,False,True,False,high,False,True,False,llm_extended,A1_product,none,product,False,none,A1_product,none,product,False,none,llm_extended,llm_extended,llm_extended,llm_extended,llm_extended,,batch_ext_043,train,A1_product,train,A1_product,POS,POS,POS,0.9994
batch_031,27.452,27.452_c2,sau sẽ tiếp tục ủng hộ nhiều lần,sau sẽ tiếp tục ủng hộ nhiều lần,resplit_llm,POS,False,False,True,False,high,False,True,False,llm_extended,A1_product,none,product,False,none,A1_product,none,product,False,none,llm_extended,llm_extended,llm_extended,llm_extended,llm_extended,,batch_ext_054,train,A1_product,train,A1_product,POS,POS,POS,0.9994
batch_032,27.78,27.78_c1,sau khi cho bé ăn thử thì hạt lanh nấu lên bị đắng,sau khi cho bé ăn thử thì hạt lanh nấu lên bị đắng,resplit_llm,NEG,False,False,True,False,medium,True,True,True,human_gold_iaa_override,A1_product,strong,none,False,none,A1_product,moderate,none,False,none,human_gold_iaa,human_gold_iaa,human_gold_iaa,human_gold_iaa,human_gold_iaa,,batch_ext_065,train,A1_product,train,A1_product,NEG,NEG,NEG,0.9761
batch_032,27.78,27.78_c2,yến mạch loại này phải xay ra và lọc qua rây không thể ăn ngay được,yến mạch loại này phải xay ra và lọc qua rây không thể ăn ngay được,resplit_llm,NEG,False,False,True,False,medium,True,True,False,llm_extended,A1_product,moderate,none,False,none,A1_product,moderate,none,False,none,llm_extended,llm_extended,llm_extended,llm_extended,llm_extended,,batch_ext_044,train,A1_product,train,A1_product,NEG,NEG,NEG,0.9991
batch_032,27.78,27.78_c3,hạt sen thì sượng,hạt sen thì sượng,resplit_llm,NEG,False,False,True,False,medium,True,True,False,llm_extended,A1_product,moderate,none,False,none,A1_product,moderate,none,False,none,llm_extended,llm_extended,llm_extended,llm_extended,llm_extended,,batch_ext_026,train,A1_product,train,A1_product,NEG,POS,POS,0.838
batch_032,27.78,27.78_c4,nói chung là tất cả các loại hạt này phải ngâm qua đêm và phải nấu sơ bên ngoài thì may ra nấu bằng nồi nấu chậm mới tạm ổn,nói chung là tất cả các loại hạt này phải ngâm qua đêm và phải nấu sơ bên ngoài thì may ra nấu bằng nồi nấu chậm mới tạm ổn,resplit_llm,NEG,False,False,True,False,medium,True,True,False,llm_extended,A1_product,moderate,product,False,softener,A1_product,moderate,product,False,softener,llm_extended,llm_extended,llm_extended,llm_extended,llm_extended,,batch_ext_040,train,A1_product,train,A1_product,NEG,POS,POS,0.6131
batch_032,27.78,27.78_c6,nói chung là bé nhà mình không có thích,nói chung là bé nhà mình không có thích,resplit_llm,NEG,False,False,True,False,medium,True,True,True,human_gold_iaa_override,A1_product,strong,none,False,softener,A1_product,moderate,none,False,softener,human_gold_iaa,human_gold_iaa,human_gold_iaa,human_gold_iaa,human_gold_iaa,,batch_ext_046,train,A1_product,train,A1_product,NEG,NEG,NEG,0.9961
batch_032,27.78,27.78_c7,nên sẽ không có nhu cầu mua lại,nên sẽ không có nhu cầu mua lại,resplit_llm,NEG,False,False,True,False,medium,True,True,False,llm_extended,A1_product,moderate,none,False,wishful,A1_product,moderate,none,False,wishful,llm_extended,llm_extended,llm_extended,llm_extended,llm_extended,,batch_ext_012,train,A1_product,train,A1_product,NEG,NEU,NEU,0.7061
batch_032,27.78,27.78_c9,ăn đậu xanh sẽ thơm và bùi hơn,ăn đậu xanh sẽ thơm và bùi hơn,resplit_llm,POS,False,False,True,False,medium,True,True,True,human_gold_iaa_override,A1_product,none,product,True,none,A1_product,none,product,False,none,human_gold_iaa,human_gold_iaa,human_gold_iaa,human_gold_iaa,human_gold_iaa,,batch_ext_027,train,A1_product,train,A1_product,POS,POS,POS,0.9973
batch_035,28.1548,28.1548_c1,hạt này nhiều chất dinh dưỡng phù hợp cho các bé lắm,hạt này nhiều chất dinh dưỡng phù hợp cho các bé lắm,resplit_llm,POS,False,False,True,False,high,False,True,True,human_gold_iaa_override,A3_logistics,strong,product,False,none,A1_product,strong,product,False,none,human_gold_iaa,human_gold_iaa,human_gold_iaa,human_gold_iaa,human_gold_iaa,,batch_ext_083,train,A1_product,train,A1_product,POS,POS,POS,0.9997
batch_036,28.1858,28.1858_c1,"63k mà được 7 hạt, ult ba chấm luôn","63k mà được 7 hạt, ult ba chấm luôn",kept_43b,NEG,False,False,True,False,high,False,True,False,llm_extended,A5_price,moderate,none,False,none,A5_price,moderate,none,False,none,llm_extended,llm_extended,llm_extended,llm_extended,llm_extended,,batch_ext_105,train,A5_price,train,A5_price,NEG,POS,POS,0.9994
batch_036,28.1918,28.1918_c1,gói hàng cẩn thận,gói hàng cẩn thận,kept_43b,POS,False,False,True,False,high,False,True,False,llm_extended,A3_logistics,none,logistics,False,none,A3_logistics,none,logistics,False,none,llm_extended,llm_extended,llm_extended,llm_extended,llm_extended,,batch_ext_045,train,A3_logistics,train,A3_logistics,POS,POS,POS,0.9996
batch_036,28.1928,28.1928_c1,hạt sen mới đầu mình nấu bị sượng,hạt sen mới đầu mình nấu bị sượng,resplit_llm,NEG,False,False,True,False,high,False,True,False,llm_extended,A1_product,moderate,none,False,none,A1_product,moderate,none,False,none,llm_extended,llm_extended,llm_extended,llm_extended,llm_extended,,batch_ext_015,train,A1_product,train,A1_product,NEG,NEG,NEG,0.9836
batch_036,28.1928,28.1928_c2,lần 2 cũng bị sượng nhẹ,lần 2 cũng bị sượng nhẹ,resplit_llm,NEG,False,False,True,False,high,False,True,False,llm_extended,A1_product,moderate,none,False,softener,A1_product,moderate,none,False,softener,llm_extended,llm_extended,llm_extended,llm_extended,llm_extended,,batch_ext_099,train,A1_product,train,A1_product,NEG,NEG,NEG,0.9988
batch_036,28.1928,28.1928_c4,đợi nước trong nồi nấu chậm nóng lên mìn bỏ vào hầm 2h thì hath sen mềm và bùi lắm,đợi nước trong nồi nấu chậm nóng lên mìn bỏ vào hầm 2h thì hath sen mềm và bùi lắm,resplit_llm,POS,False,False,True,False,high,False,True,False,llm_extended,A1_product,moderate,product,False,none,A1_product,moderate,product,False,none,llm_extended,llm_extended,llm_extended,llm_extended,llm_extended,,batch_ext_014,train,A1_product,train,A1_product,POS,POS,POS,0.992
batch_036,28.1928,28.1928_c5,mọi người vẫn nên tách hath ra rửa lại vì còn xót đôi ít tim sen nhé,mọi người vẫn nên tách hath ra rửa lại vì còn xót đôi ít tim sen nhé,resplit_llm,NEG,False,False,True,False,high,False,True,False,llm_extended,A1_product,moderate,none,False,wishful,A1_product,moderate,none,False,wishful,llm_extended,llm_extended,llm_extended,llm_extended,llm_extended,,batch_ext_027,train,A1_product,train,A1_product,NEG,POS,POS,0.9803
batch_038,28.2303,28.2303_c1,hạt ngon dùng làm bột uống bổ thận cho phụ nữ,hạt ngon dùng làm bột uống bổ thận cho phụ nữ,kept_43b,POS,False,False,True,False,high,False,True,False,llm_extended,A1_product,none,product,False,none,A1_product,none,product,False,none,llm_extended,llm_extended,llm_extended,llm_extended,llm_extended,,batch_ext_071,train,A1_product,train,A1_product,POS,POS,POS,0.9996
batch_039,28.2921,28.2921_c1,hương vị:oki,hương vị:oki,kept_43b,POS,False,False,True,False,high,False,True,False,llm_extended,A1_product,none,product,False,none,A1_product,none,product,False,none,llm_extended,llm_extended,llm_extended,llm_extended,llm_extended,,batch_ext_092,train,A1_product,train,A1_product,POS,NEU,NEU,0.5334
batch_039,28.2959,28.2959_c1,hạt oce nha mn,hạt oce nha mn,resplit_llm,POS,False,False,True,False,high,False,True,True,human_gold_iaa,A1_product,none,product,False,none,A1_product,none,product,False,none,human_gold_iaa,human_gold_iaa,human_gold_iaa,human_gold_iaa,human_gold_iaa,,batch_ext_069,train,A1_product,train,A1_product,POS,POS,POS,0.9996
batch_039,28.2959,28.2959_c2,ngâm nước là nảy mầm được á mọi người,ngâm nước là nảy mầm được á mọi người,resplit_llm,POS,False,False,True,False,high,False,True,False,llm_extended,A1_product,none,product,False,none,A1_product,none,product,False,none,llm_extended,llm_extended,llm_extended,llm_extended,llm_extended,,batch_ext_109,train,A1_product,train,A1_product,POS,NEU,NEU,0.9366
batch_039,28.45,28.45_c1,giáo hàng nhanh,giáo hàng nhanh,resplit_llm,POS,False,False,True,False,high,False,True,False,llm_extended,A3_logistics,none,logistics,False,none,A3_logistics,none,logistics,False,none,llm_extended,llm_extended,llm_extended,llm_extended,llm_extended,,batch_ext_080,train,A3_logistics,train,A3_logistics,POS,POS,POS,0.9996
batch_039,28.45,28.45_c2,sản phẩm đóng bọc đep,sản phẩm đóng bọc đep,resplit_llm,POS,False,False,True,False,high,False,True,False,llm_extended,A3_logistics,none,logistics,False,none,A3_logistics,none,logistics,False,none,llm_extended,llm_extended,llm_extended,llm_extended,llm_extended,,batch_ext_112,train,A3_logistics,train,A3_logistics,POS,POS,POS,0.9996
batch_039,28.45,28.45_c3,lần sau sẽ ủng hộ,lần sau sẽ ủng hộ,resplit_llm,POS,False,False,True,False,high,False,True,False,llm_extended,A1_product,none,product,False,wishful,A1_product,none,product,False,wishful,llm_extended,llm_extended,llm_extended,llm_extended,llm_extended,,batch_ext_104,train,A1_product,train,A1_product,POS,POS,POS,0.9993
batch_042,34.27,34.27_c1,"yến mạch hữu cơ, nấu các món ăn dặm cho bé","yến mạch hữu cơ, nấu các món ăn dặm cho bé",kept_43b,NEU,False,False,True,False,high,False,True,True,human_gold_iaa_override,A1_product,strong,none,True,none,A2_label,strong,none,True,none,human_gold_iaa,human_gold_iaa,human_gold_iaa,human_gold_iaa,human_gold_iaa,,batch_ext_047,train,A2_label,train,A2_label,NEU,POS,POS,0.9886
batch_042,34.271,34.271_c1,hàng đẹp chất lupwjng đúng nhu yêu càu,hàng đẹp chất lupwjng đúng nhu yêu càu,resplit_llm,POS,False,False,True,False,high,False,True,False,llm_extended,A1_product,none,product,False,none,A1_product,none,product,False,none,llm_extended,llm_extended,llm_extended,llm_extended,llm_extended,,batch_ext_034,train,A1_product,train,A1_product,POS,POS,POS,0.9997
batch_042,34.416,34.416_c1,nhiều lắm làm được nhiều món cho con ăn luôn,nhiều lắm làm được nhiều món cho con ăn luôn,kept_43b,POS,False,False,True,False,high,False,True,False,llm_extended,A1_product,none,product,False,none,A1_product,none,product,False,none,llm_extended,llm_extended,llm_extended,llm_extended,llm_extended,,batch_ext_090,train,A1_product,train,A1_product,POS,POS,POS,0.9996
batch_044,35.749,35.749_c2,Nhanh như một cơn gió,nhanh như một cơn gió,resplit_llm,POS,False,False,True,False,high,False,True,True,human_gold_iaa_override,A1_product,none,product,False,none,A3_logistics,none,logistics,False,none,human_gold_iaa,human_gold_iaa,human_gold_iaa,human_gold_iaa,human_gold_iaa,,batch_ext_032,train,A3_logistics,train,A3_logistics,POS,NEU,NEU,0.9935
batch_044,36.162,36.162_c1,thơm.,thơm.,resplit_llm,POS,False,False,True,False,high,False,True,False,llm_extended,A1_product,none,product,False,none,A1_product,none,product,False,none,llm_extended,llm_extended,llm_extended,llm_extended,llm_extended,,batch_ext_065,train,A1_product,train,A1_product,POS,POS,POS,0.9729
batch_044,36.184,36.184_c1,khá dễ uống và tiện lợi khi muốn bổ sung chất xơ,khá dễ uống và tiện lợi khi muốn bổ sung chất xơ,kept_43b,POS,False,False,True,False,high,False,True,False,llm_extended,A5_price,moderate,value,False,softener,A5_price,moderate,value,False,softener,llm_extended,llm_extended,llm_extended,llm_extended,llm_extended,,batch_ext_013,train,A5_price,train,A5_price,POS,POS,POS,0.9996
batch_044,37.13,37.13_c2,từ ngày biết đến gạo này suy nghĩ thay đổi hẳn,từ ngày biết đến gạo này suy nghĩ thay đổi hẳn,kept_43b,POS,False,False,True,False,high,True,True,False,llm_extended,A1_product,none,product,False,none,A1_product,none,product,False,none,llm_extended,llm_extended,llm_extended,llm_extended,llm_extended,,batch_ext_074,train,A1_product,train,A1_product,POS,POS,POS,0.9986
batch_044,37.13,37.13_c3,dẻo như xôi nếp,dẻo như xôi nếp,kept_43b,POS,False,False,True,False,high,True,True,False,llm_extended,A1_product,none,product,False,none,A1_product,none,product,False,none,llm_extended,llm_extended,llm_extended,llm_extended,llm_extended,,batch_ext_065,train,A1_product,train,A1_product,POS,POS,POS,0.992
batch_044,37.13,37.13_c4,"nhưng bùi, thơm","nhưng bùi, thơm",kept_43b,POS,False,False,True,False,high,True,True,False,llm_extended,A1_product,mild,product,False,none,A1_product,mild,product,False,none,llm_extended,llm_extended,llm_extended,llm_extended,llm_extended,,batch_ext_050,train,A1_product,train,A1_product,POS,POS,POS,0.9983
batch_044,37.13,37.13_c5,"nấu không ăn hết, đun lại vẫn dẻo","nấu không ăn hết, đun lại vẫn dẻo",kept_43b,POS,False,False,True,False,high,True,True,False,llm_extended,A1_product,none,product,False,none,A1_product,none,product,False,none,llm_extended,llm_extended,llm_extended,llm_extended,llm_extended,,batch_ext_005,train,A1_product,train,A1_product,POS,POS,POS,0.9436
batch_044,37.13,37.13_c6,giá hơi cao,giá hơi cao,kept_43b,NEG,False,False,True,False,high,True,True,False,llm_extended,A5_price,moderate,none,False,softener,A5_price,moderate,none,False,softener,llm_extended,llm_extended,llm_extended,llm_extended,llm_extended,,batch_ext_061,train,A5_price,train,A5_price,NEG,NEU,NEU,0.9992
batch_044,37.13,37.13_c7,nhưng ăn ít ngon miệng,nhưng ăn ít ngon miệng,kept_43b,POS,False,False,True,False,high,True,True,False,llm_extended,A1_product,mild,product,False,none,A1_product,mild,product,False,none,llm_extended,llm_extended,llm_extended,llm_extended,llm_extended,,batch_ext_027,train,A1_product,train,A1_product,POS,NEU,NEU,0.5346
batch_044,37.13,37.13_c8,nhiều dinh dưỡng vẫn hơn ăn nhiều giá rẻ mà ít chất,nhiều dinh dưỡng vẫn hơn ăn nhiều giá rẻ mà ít chất,kept_43b,POS,False,False,True,False,high,True,True,False,llm_extended,A5_price,none,value,False,none,A5_price,none,value,False,none,llm_extended,llm_extended,llm_extended,llm_extended,llm_extended,,batch_ext_094,train,A5_price,train,A5_price,POS,POS,POS,0.948
batch_044,4.244,4.244_c1,gạo thì very oke,gạo thì very oke,resplit_llm,POS,False,False,True,False,high,False,True,False,llm_extended,A1_product,none,product,False,none,A1_product,none,product,False,none,llm_extended,llm_extended,llm_extended,llm_extended,llm_extended,,batch_ext_035,train,A1_product,train,A1_product,POS,POS,POS,0.9996
batch_044,4.244,4.244_c2,dễ nấu,dễ nấu,resplit_llm,POS,False,False,True,False,high,False,True,False,llm_extended,A1_product,none,product,False,none,A1_product,none,product,False,none,llm_extended,llm_extended,llm_extended,llm_extended,llm_extended,,batch_ext_111,train,A1_product,train,A1_product,POS,POS,POS,0.999
batch_044,4.67,4.67_c1,nhưng vẫn nhận hàng được nha mọi người nằm ngay q8 vùng đỏ mà vẫn nhận được,nhưng vẫn nhận hàng được nha mọi người nằm ngay q8 vùng đỏ mà vẫn nhận được,resplit_llm,POS,False,False,True,False,medium,False,True,False,llm_extended,A3_logistics,mild,product,False,none,A3_logistics,mild,product,False,none,llm_extended,llm_extended,llm_extended,llm_extended,llm_extended,,batch_ext_058,train,A3_logistics,train,A3_logistics,POS,NEG,NEG,0.6005
batch_045,41.28,41.28_c1,sản phẩm đúng như mô tả,sản phẩm đúng như mô tả,kept_43b,POS,False,False,True,False,high,False,True,False,llm_extended,A2_label,none,product,False,none,A2_label,none,product,False,none,llm_extended,llm_extended,llm_extended,llm_extended,llm_extended,,batch_ext_021,train,A2_label,train,A2_label,POS,POS,POS,0.9982
batch_045,41.28,41.28_c2,chất lượng tốt,chất lượng tốt,kept_43b,POS,False,False,True,False,high,False,True,False,llm_extended,A1_product,none,product,False,none,A1_product,none,product,False,none,llm_extended,llm_extended,llm_extended,llm_extended,llm_extended,,batch_ext_109,train,A1_product,train,A1_product,POS,POS,POS,0.9995
batch_045,41.28,41.28_c3,đóng gói cẩn thận,đóng gói cẩn thận,kept_43b,POS,False,False,True,False,high,False,True,False,llm_extended,A3_logistics,none,logistics,False,none,A3_logistics,none,logistics,False,none,llm_extended,llm_extended,llm_extended,llm_extended,llm_extended,,batch_ext_090,train,A3_logistics,train,A3_logistics,POS,POS,POS,0.9994
batch_045,41.28,41.28_c4,giao hàng nhanh,giao hàng nhanh,kept_43b,POS,False,False,True,False,high,False,True,False,llm_extended,A3_logistics,none,logistics,False,none,A3_logistics,none,logistics,False,none,llm_extended,llm_extended,llm_extended,llm_extended,llm_extended,,batch_ext_033,train,A3_logistics,train,A3_logistics,POS,POS,POS,0.9997
batch_045,41.28,41.28_c5,"nhận được sản phẩm nguyên vẹn, không bị móp méo","nhận được sản phẩm nguyên vẹn, không bị móp méo",merged_llm,POS,False,False,True,False,high,False,True,False,llm_extended,A1_product,moderate,product,False,none,A1_product,moderate,product,False,none,llm_extended,llm_extended,llm_extended,llm_extended,llm_extended,,batch_ext_075,train,A1_product,train,A1_product,POS,POS,POS,0.9866
batch_045,41.28,41.28_c6,"dùng thử thấy rất ổn, phù hợp với nhu cầu của mình","dùng thử thấy rất ổn, phù hợp với nhu cầu của mình",kept_43b,POS,False,False,True,False,high,False,True,False,llm_extended,A3_logistics,none,product,False,none,A3_logistics,none,product,False,none,llm_extended,llm_extended,llm_extended,llm_extended,llm_extended,,batch_ext_013,train,A3_logistics,train,A3_logistics,POS,POS,POS,0.9995
batch_045,41.28,41.28_c7,"shop tư vấn nhiệt tình, phản hồi nhanh chóng","shop tư vấn nhiệt tình, phản hồi nhanh chóng",kept_43b,POS,False,False,True,False,high,False,True,False,llm_extended,A4_service,mild,service,False,softener,A4_service,mild,service,False,softener,llm_extended,llm_extended,llm_extended,llm_extended,llm_extended,,batch_ext_037,train,A4_service,train,A4_service,POS,POS,POS,0.9983
batch_045,43.17,43.17_c2,hiện tại thấy ổn,hiện tại thấy ổn,kept_43b,POS,False,False,True,False,high,True,True,False,llm_extended,A1_product,none,product,False,none,A1_product,none,product,False,none,llm_extended,llm_extended,llm_extended,llm_extended,llm_extended,,batch_ext_103,train,A1_product,train,A1_product,POS,POS,POS,0.8625
batch_045,43.17,43.17_c3,trái thì cũng sẽ có trái to và nhỏ và vụn chứ không phải trái nào cũng bự,trái thì cũng sẽ có trái to và nhỏ và vụn chứ không phải trái nào cũng bự,merged_llm,NEU,False,False,True,False,medium,True,True,False,llm_extended,A1_product,moderate,none,False,softener,A1_product,moderate,none,False,softener,llm_extended,llm_extended,llm_extended,llm_extended,llm_extended,,batch_ext_031,train,A1_product,train,A1_product,NEU,NEG,NEG,0.6294
batch_045,43.17,43.17_c4,giao tới tay thì bao bì còn nguyên,giao tới tay thì bao bì còn nguyên,kept_43b,POS,False,False,True,False,high,True,True,False,llm_extended,A2_label,moderate,product,False,none,A2_label,moderate,product,False,none,llm_extended,llm_extended,llm_extended,llm_extended,llm_extended,,batch_ext_006,train,A2_label,train,A2_label,POS,POS,POS,0.9482
batch_045,43.17,43.17_c7,màu ra đẹp,màu ra đẹp,kept_43b,POS,False,False,True,False,high,True,True,False,llm_extended,A1_product,none,product,False,none,A1_product,none,product,False,none,llm_extended,llm_extended,llm_extended,llm_extended,llm_extended,,batch_ext_025,train,A1_product,train,A1_product,POS,POS,POS,0.9797
batch_045,43.17,43.17_c8,ngọt thanh,ngọt thanh,kept_43b,POS,False,False,True,False,high,True,True,False,llm_extended,A1_product,none,product,False,none,A1_product,none,product,False,none,llm_extended,llm_extended,llm_extended,llm_extended,llm_extended,,batch_ext_003,train,A1_product,train,A1_product,POS,POS,POS,0.999
batch_045,43.219,43.219_c1,hương vị:tệ nó lạt nhách à mọi người ơi,hương vị:tệ nó lạt nhách à mọi người ơi,resplit_llm,NEG,False,False,True,False,high,False,True,False,llm_extended,A1_product,moderate,none,False,none,A1_product,moderate,none,False,none,llm_extended,llm_extended,llm_extended,llm_extended,llm_extended,,batch_ext_064,train,A1_product,train,A1_product,NEG,NEG,NEG,0.9976
batch_045,43.219,43.219_c3,cái nó có nguyên con sâu luôn ý,cái nó có nguyên con sâu luôn ý,resplit_llm,NEG,False,False,True,False,high,False,True,False,llm_extended,A1_product,moderate,none,False,none,A1_product,moderate,none,False,none,llm_extended,llm_extended,llm_extended,llm_extended,llm_extended,,batch_ext_067,train,A1_product,train,A1_product,NEG,NEG,NEG,0.78
batch_045,43.219,43.219_c4,có nhiều bụi nó nổi lên đó mọi người thấy không,có nhiều bụi nó nổi lên đó mọi người thấy không,resplit_llm,NEG,False,False,True,False,high,False,True,False,llm_extended,A1_product,moderate,none,False,none,A1_product,moderate,none,False,none,llm_extended,llm_extended,llm_extended,llm_extended,llm_extended,,batch_ext_019,train,A1_product,train,A1_product,NEG,NEG,NEG,0.9984
batch_045,43.219,43.219_c5,với mình có bỏ đường vô nữa mà uống không có vị gì hết,với mình có bỏ đường vô nữa mà uống không có vị gì hết,resplit_llm,NEG,False,False,True,False,high,False,True,True,human_gold_iaa_override,A1_product,strong,none,False,none,A1_product,moderate,none,False,none,human_gold_iaa,human_gold_iaa,human_gold_iaa,human_gold_iaa,human_gold_iaa,,batch_ext_085,train,A1_product,train,A1_product,NEG,NEG,NEG,0.9982
batch_045,43.219,43.219_c6,dâu thì ăn lạt nhách à lúc khô với lúc mình ngâm luôn á nha,dâu thì ăn lạt nhách à lúc khô với lúc mình ngâm luôn á nha,resplit_llm,NEG,False,False,True,False,high,False,True,False,llm_extended,A1_product,moderate,none,False,none,A1_product,moderate,none,False,none,llm_extended,llm_extended,llm_extended,llm_extended,llm_extended,,batch_ext_113,train,A1_product,train,A1_product,NEG,NEG,NEG,0.9709
batch_045,43.219,43.219_c7,chê nha mọi người mua phí tiền lắm,chê nha mọi người mua phí tiền lắm,resplit_llm,NEG,False,False,True,False,high,False,True,False,llm_extended,A5_price,moderate,none,False,none,A5_price,moderate,none,False,none,llm_extended,llm_extended,llm_extended,llm_extended,llm_extended,,batch_ext_032,train,A5_price,train,A5_price,NEG,NEG,NEG,0.987
batch_045,43.239,43.239_c1,sản phẩm giống mô tả,sản phẩm giống mô tả,kept_43b,POS,False,False,True,False,high,False,True,False,llm_extended,A2_label,none,product,False,none,A2_label,none,product,False,none,llm_extended,llm_extended,llm_extended,llm_extended,llm_extended,,batch_ext_109,train,A2_label,train,A2_label,POS,POS,POS,0.9941
batch_045,43.29,43.29_c1,bao bì đóng gói cẩn thận,bao bì đóng gói cẩn thận,kept_43b,POS,False,False,True,False,high,False,True,False,llm_extended,A2_label,moderate,logistics,False,none,A2_label,moderate,logistics,False,none,llm_extended,llm_extended,llm_extended,llm_extended,llm_extended,,batch_ext_013,train,A3_logistics,train,A2_label,POS,POS,POS,0.9996
batch_045,43.29,43.29_c2,giữ gìn chất lượng sản phẩm lại đẹp nha,giữ gìn chất lượng sản phẩm lại đẹp nha,kept_43b,POS,False,False,True,False,high,False,True,False,llm_extended,A1_product,none,product,False,none,A1_product,none,product,False,none,llm_extended,llm_extended,llm_extended,llm_extended,llm_extended,,batch_ext_042,train,A1_product,train,A1_product,POS,POS,POS,0.9985
batch_045,43.29,43.29_c3,túi zip đẹp phong cách riêng,túi zip đẹp phong cách riêng,kept_43b,POS,False,False,True,False,high,False,True,False,llm_extended,A1_product,none,product,False,none,A1_product,none,product,False,none,llm_extended,llm_extended,llm_extended,llm_extended,llm_extended,,batch_ext_036,train,A1_product,train,A1_product,POS,POS,POS,0.9997
batch_045,43.29,43.29_c4,hợp vệ sinh an toàn thực phẩm..trông rất tuyệt vời bắt mắt,hợp vệ sinh an toàn thực phẩm..trông rất tuyệt vời bắt mắt,merged_llm,POS,False,False,True,False,high,False,True,True,human_gold_iaa_override,A3_logistics,none,product,True,none,A2_label,none,product,True,none,human_gold_iaa,human_gold_iaa,human_gold_iaa,human_gold_iaa,human_gold_iaa,,batch_ext_052,train,A2_label,train,A2_label,POS,POS,POS,0.9993
batch_045,43.29,43.29_c5,ăn rồi..thơm lắm.. thích ăn thêm,ăn rồi..thơm lắm.. thích ăn thêm,kept_43b,POS,False,False,True,False,high,False,True,False,llm_extended,A1_product,none,product,False,none,A1_product,none,product,False,none,llm_extended,llm_extended,llm_extended,llm_extended,llm_extended,,batch_ext_101,train,A1_product,train,A1_product,POS,POS,POS,0.9994
batch_045,43.29,43.29_c6,pha trà với kỷ tử là tuyệt vời,pha trà với kỷ tử là tuyệt vời,kept_43b,POS,False,False,True,False,high,False,True,False,llm_extended,A1_product,none,product,False,none,A1_product,none,product,False,none,llm_extended,llm_extended,llm_extended,llm_extended,llm_extended,,batch_ext_091,train,A1_product,train,A1_product,POS,POS,POS,0.9992
batch_045,43.335,43.335_c1,bao bì mẫu mã:mới,bao bì mẫu mã:mới,resplit_llm,POS,False,False,True,False,medium,True,True,False,llm_extended,A2_label,moderate,product,False,none,A2_label,moderate,product,False,none,llm_extended,llm_extended,llm_extended,llm_extended,llm_extended,,batch_ext_017,train,A2_label,train,A2_label,POS,POS,POS,0.9672
batch_045,43.335,43.335_c2,đây là một trong những shop yêu thích của mình nhé các bạn,đây là một trong những shop yêu thích của mình nhé các bạn,merged_llm,POS,False,False,True,False,medium,True,True,False,llm_extended,A4_service,mild,service,False,none,A4_service,mild,service,False,none,llm_extended,llm_extended,llm_extended,llm_extended,llm_extended,,batch_ext_072,train,A4_service,train,A4_service,POS,POS,POS,0.9998
batch_045,43.335,43.335_c4,nhận hàng về ưng lắm luôn,nhận hàng về ưng lắm luôn,kept_43b,POS,False,False,True,False,medium,True,True,False,llm_extended,A3_logistics,none,product,False,none,A3_logistics,none,product,False,none,llm_extended,llm_extended,llm_extended,llm_extended,llm_extended,,batch_ext_010,train,A3_logistics,train,A3_logistics,POS,POS,POS,0.9997
batch_045,43.335,43.335_c5,sản phẩm chất lượng,sản phẩm chất lượng,kept_43b,POS,False,False,True,False,medium,True,True,False,llm_extended,A1_product,none,product,False,none,A1_product,none,product,False,none,llm_extended,llm_extended,llm_extended,llm_extended,llm_extended,,batch_ext_106,train,A1_product,train,A1_product,POS,POS,POS,0.9997
batch_045,43.335,43.335_c6,giá cả phải chăng hơn mấy shop kia,giá cả phải chăng hơn mấy shop kia,kept_43b,POS,False,False,True,False,medium,True,True,False,llm_extended,A5_price,none,value,False,none,A5_price,none,value,False,none,llm_extended,llm_extended,llm_extended,llm_extended,llm_extended,,batch_ext_011,train,A5_price,train,A5_price,POS,POS,POS,0.9996
batch_045,43.335,43.335_c8,hihi ai ngờ nhận hàng shop không làm mình thất vọng nha,hihi ai ngờ nhận hàng shop không làm mình thất vọng nha,kept_43b,POS,False,False,True,False,medium,True,True,True,human_gold_iaa_override,A3_logistics,strong,product,False,none,A3_logistics,strong,logistics,False,none,human_gold_iaa,human_gold_iaa,human_gold_iaa,human_gold_iaa,human_gold_iaa,,batch_ext_034,train,A3_logistics,train,A3_logistics,POS,POS,POS,0.9998
batch_045,43.335,43.335_c13,nhân viên bên shop thì trên cả tuyệt zời EMOJI_POS,nhân viên bên shop thì trên cả tuyệt zời emoji_pos,kept_43b,POS,False,False,True,False,medium,True,True,True,human_gold_iaa,A4_service,none,service,False,none,A4_service,none,service,False,none,human_gold_iaa,human_gold_iaa,human_gold_iaa,human_gold_iaa,human_gold_iaa,,batch_ext_018,train,A4_service,train,A4_service,POS,POS,POS,0.9995
batch_048,45.2852,45.2852_c1,săn sale 2kg 130k wa rẻ,săn sale 2kg 130k wa rẻ,kept_43b,POS,False,False,True,False,high,True,True,False,llm_extended,A5_price,none,value,False,none,A5_price,none,value,False,none,llm_extended,llm_extended,llm_extended,llm_extended,llm_extended,,batch_ext_018,train,A5_price,train,A5_price,POS,POS,POS,0.999
batch_048,45.2852,45.2852_c2,trái nhỏ,trái nhỏ,kept_43b,NEU,False,False,True,False,high,True,True,False,llm_extended,A1_product,none,none,False,none,A1_product,none,none,False,none,llm_extended,llm_extended,llm_extended,llm_extended,llm_extended,,batch_ext_017,train,A1_product,train,A1_product,NEU,NEG,NEG,0.8464
batch_048,45.2852,45.2852_c3,"nhưng ngọt, ngon","nhưng ngọt, ngon",kept_43b,POS,False,False,True,False,high,True,True,False,llm_extended,A1_product,mild,product,False,none,A1_product,mild,product,False,none,llm_extended,llm_extended,llm_extended,llm_extended,llm_extended,,batch_ext_090,train,A1_product,train,A1_product,POS,POS,POS,0.9734
batch_048,45.2852,45.2852_c8,.1kg tính cả bì,.1kg tính cả bì,resplit_llm,NEG,False,False,True,False,high,True,True,False,llm_extended,A1_product,moderate,none,False,none,A1_product,moderate,none,False,none,llm_extended,llm_extended,llm_extended,llm_extended,llm_extended,,batch_ext_098,train,A5_price,train,A1_product,NEG,NEG,NEG,0.7269
batch_048,45.2852,45.2852_c9,lần này mua có 1 gói bị hôi dầu nhẹ,lần này mua có 1 gói bị hôi dầu nhẹ,kept_43b,NEG,False,False,True,False,high,True,True,False,llm_extended,A1_product,moderate,none,False,softener,A1_product,moderate,none,False,softener,llm_extended,llm_extended,llm_extended,llm_extended,llm_extended,,batch_ext_041,train,A1_product,train,A1_product,NEG,NEG,NEG,0.9974
batch_048,45.2852,45.2852_c10,shop 1đổi 1,shop 1đổi 1,resplit_llm,POS,False,False,True,False,high,True,True,True,human_gold_iaa,A4_service,none,service,False,none,A4_service,none,service,False,none,human_gold_iaa,human_gold_iaa,human_gold_iaa,human_gold_iaa,human_gold_iaa,,batch_ext_035,train,A4_service,train,A4_service,POS,NEG,NEG,0.9966
batch_048,45.3,45.3_c1,hương vị:ngon,hương vị:ngon,kept_43b,POS,False,False,True,False,high,True,True,False,llm_extended,A1_product,none,product,False,none,A1_product,none,product,False,none,llm_extended,llm_extended,llm_extended,llm_extended,llm_extended,,batch_ext_068,train,A1_product,train,A1_product,POS,POS,POS,0.9925
batch_048,45.3,45.3_c2,không ngọt gắt,không ngọt gắt,kept_43b,POS,False,False,True,False,high,True,True,False,llm_extended,A1_product,none,product,False,none,A1_product,none,product,False,none,llm_extended,llm_extended,llm_extended,llm_extended,llm_extended,,batch_ext_089,train,A1_product,train,A1_product,POS,POS,POS,0.985
batch_048,45.3,45.3_c4,đóng gói gọn gàng,đóng gói gọn gàng,resplit_llm,POS,False,False,True,False,high,True,True,False,llm_extended,A3_logistics,none,product,False,none,A3_logistics,none,product,False,none,llm_extended,llm_extended,llm_extended,llm_extended,llm_extended,,batch_ext_063,train,A3_logistics,train,A3_logistics,POS,POS,POS,0.9994
batch_048,45.3,45.3_c5,giao hàng nhanh chóng,giao hàng nhanh chóng,kept_43b,POS,False,False,True,False,high,True,True,False,llm_extended,A3_logistics,none,logistics,False,none,A3_logistics,none,logistics,False,none,llm_extended,llm_extended,llm_extended,llm_extended,llm_extended,,batch_ext_069,train,A3_logistics,train,A3_logistics,POS,POS,POS,0.9996
batch_048,45.3,45.3_c7,"nói chung: có nhãn mác, nơi sản xuất, phiếu bảo hành sản phẩm nên yên tâm","nói chung: có nhãn mác, nơi sản xuất, phiếu bảo hành sản phẩm nên yên tâm",merged_llm,POS,False,False,True,False,high,True,True,False,llm_extended,A5_price,moderate,value,False,wishful,A5_price,moderate,value,False,wishful,llm_extended,llm_extended,llm_extended,llm_extended,llm_extended,,batch_ext_020,train,A5_price,train,A5_price,POS,POS,POS,0.9983
batch_048,45.38,45.38_c1,bao bì mẫu mã:nhược khương,bao bì mẫu mã:nhược khương,resplit_llm,NEU,False,False,True,False,high,True,True,False,llm_extended,A2_label,moderate,none,False,none,A2_label,moderate,none,False,none,llm_extended,llm_extended,llm_extended,llm_extended,llm_extended,,batch_ext_042,train,A2_label,train,A2_label,NEU,POS,POS,0.9904
batch_048,45.38,45.38_c2,hương vị:thơm mềm dẻo,hương vị:thơm mềm dẻo,resplit_llm,POS,False,False,True,False,high,True,True,False,llm_extended,A1_product,none,product,False,none,A1_product,none,product,False,none,llm_extended,llm_extended,llm_extended,llm_extended,llm_extended,,batch_ext_046,train,A1_product,train,A1_product,POS,POS,POS,0.9943
batch_048,45.38,45.38_c3,được lựa chọn các quả đều,được lựa chọn các quả đều,resplit_llm,POS,False,False,True,False,high,True,True,True,human_gold_iaa,A1_product,strong,product,False,none,A1_product,strong,product,False,none,human_gold_iaa,human_gold_iaa,human_gold_iaa,human_gold_iaa,human_gold_iaa,,batch_ext_054,train,A1_product,train,A1_product,POS,POS,POS,0.99
batch_048,45.38,45.38_c5,ruột vàng,ruột vàng,kept_43b,POS,False,False,True,False,high,True,True,False,llm_extended,A1_product,none,product,False,none,A1_product,none,product,False,none,llm_extended,llm_extended,llm_extended,llm_extended,llm_extended,,batch_ext_069,train,A1_product,train,A1_product,POS,POS,POS,0.956
batch_048,45.38,45.38_c6,không sâu mọt hay bị khô đầu,không sâu mọt hay bị khô đầu,kept_43b,POS,False,False,True,False,high,True,True,False,llm_extended,A1_product,moderate,product,False,none,A1_product,moderate,product,False,none,llm_extended,llm_extended,llm_extended,llm_extended,llm_extended,,batch_ext_062,train,A1_product,train,A1_product,POS,NEG,NEG,0.9985
batch_050,47.201,47.201_c1,sản phẩm giống mô tả của nhà bán hàng,sản phẩm giống mô tả của nhà bán hàng,resplit_llm,POS,False,False,True,False,high,False,True,False,llm_extended,A2_label,none,product,False,none,A2_label,none,product,False,none,llm_extended,llm_extended,llm_extended,llm_extended,llm_extended,,batch_ext_021,train,A2_label,train,A2_label,POS,NEG,NEG,0.9197
batch_050,47.216,47.216_c1,Quả to,quả to,resplit_llm,POS,False,False,True,False,high,False,True,False,llm_extended,A1_product,none,product,False,none,A1_product,none,product,False,none,llm_extended,llm_extended,llm_extended,llm_extended,llm_extended,,batch_ext_112,train,A1_product,train,A1_product,POS,POS,POS,0.8619
batch_050,47.2236,47.2236_c1,hàng đúng mô tả,hàng đúng mô tả,kept_43b,POS,False,False,True,False,high,False,True,False,llm_extended,A2_label,none,product,False,none,A2_label,none,product,False,none,llm_extended,llm_extended,llm_extended,llm_extended,llm_extended,,batch_ext_018,train,A2_label,train,A2_label,POS,POS,POS,0.9982
batch_050,47.2245,47.2245_c1,cũng bình thường,cũng bình thường,resplit_llm,NEU,False,False,True,False,high,False,True,False,llm_extended,A1_product,moderate,none,False,softener,A1_product,moderate,none,False,softener,llm_extended,llm_extended,llm_extended,llm_extended,llm_extended,,batch_ext_050,train,A1_product,train,A1_product,NEU,NEU,NEU,0.9994
batch_050,47.2245,47.2245_c2,được cái nó uy tín hơn loại trôi nổi,được cái nó uy tín hơn loại trôi nổi,resplit_llm,POS,False,False,True,False,high,False,True,True,human_gold_iaa,A1_product,none,product,False,none,A1_product,none,product,False,none,human_gold_iaa,human_gold_iaa,human_gold_iaa,human_gold_iaa,human_gold_iaa,,batch_ext_097,train,A1_product,train,A1_product,POS,POS,POS,0.9848
batch_051,47.34,47.34_c1,hương vị:ngon ngọt,hương vị:ngon ngọt,resplit_llm,POS,False,False,True,False,high,True,True,False,llm_extended,A1_product,none,product,False,none,A1_product,none,product,False,none,llm_extended,llm_extended,llm_extended,llm_extended,llm_extended,,batch_ext_057,train,A1_product,train,A1_product,POS,POS,POS,0.9981
batch_051,47.34,47.34_c2,bao bì mẫu mã:đẹp,bao bì mẫu mã:đẹp,resplit_llm,POS,False,False,True,False,high,True,True,False,llm_extended,A2_label,moderate,product,False,none,A2_label,moderate,product,False,none,llm_extended,llm_extended,llm_extended,llm_extended,llm_extended,,batch_ext_030,train,A2_label,train,A2_label,POS,POS,POS,0.8707
batch_051,47.34,47.34_c7,bịch 1 không,bịch 1 không,kept_43b,NEU,False,False,True,False,high,True,True,False,llm_extended,A1_product,none,none,False,none,A1_product,none,none,False,none,llm_extended,llm_extended,llm_extended,llm_extended,llm_extended,,batch_ext_043,train,A1_product,train,A1_product,NEU,NEG,NEG,0.9971
batch_051,47.34,47.34_c8,trái to,trái to,resplit_llm,POS,False,False,True,False,high,True,True,True,human_gold_iaa,A1_product,none,product,False,none,A1_product,none,product,False,none,human_gold_iaa,human_gold_iaa,human_gold_iaa,human_gold_iaa,human_gold_iaa,,batch_ext_049,train,A1_product,train,A1_product,POS,POS,POS,0.9903
batch_051,47.34,47.34_c9,ăn ngọt,ăn ngọt,resplit_llm,POS,False,False,True,False,high,True,True,False,llm_extended,A1_product,none,product,False,none,A1_product,none,product,False,none,llm_extended,llm_extended,llm_extended,llm_extended,llm_extended,,batch_ext_043,train,A1_product,train,A1_product,POS,NEU,NEU,0.8844
batch_051,47.34,47.34_c13,giá lại rẻ nữa,giá lại rẻ nữa,kept_43b,POS,False,False,True,False,high,True,True,False,llm_extended,A5_price,none,value,False,none,A5_price,none,value,False,none,llm_extended,llm_extended,llm_extended,llm_extended,llm_extended,,batch_ext_079,train,A5_price,train,A5_price,POS,POS,POS,0.9998
batch_051,47.35,47.35_c2,shop giao nhanh,shop giao nhanh,resplit_llm,POS,False,False,True,False,high,True,True,False,llm_extended,A3_logistics,none,logistics,False,none,A3_logistics,none,logistics,False,none,llm_extended,llm_extended,llm_extended,llm_extended,llm_extended,,batch_ext_033,train,A3_logistics,train,A3_logistics,POS,POS,POS,0.9997
batch_051,47.35,47.35_c4,đặt của shop táo này ăn cũng rất ngon không thua kém gì đâu ạ,đặt của shop táo này ăn cũng rất ngon không thua kém gì đâu ạ,resplit_llm,POS,False,False,True,False,high,True,True,False,llm_extended,A5_price,moderate,value,False,softener,A5_price,moderate,value,False,softener,llm_extended,llm_extended,llm_extended,llm_extended,llm_extended,,batch_ext_108,train,A5_price,train,A5_price,POS,NEU,NEU,0.9995
batch_051,47.35,47.35_c5,khác thương hiệu thôi mà giá lại rất mềm,khác thương hiệu thôi mà giá lại rất mềm,resplit_llm,POS,False,False,True,False,high,True,True,True,human_gold_iaa,A5_price,none,value,False,none,A5_price,none,value,False,none,human_gold_iaa,human_gold_iaa,human_gold_iaa,human_gold_iaa,human_gold_iaa,,batch_ext_059,train,A5_price,train,A5_price,POS,NEU,NEU,0.9981
batch_051,47.35,47.35_c6,được tặng thêm túi táo nhỏ vị ngọt hơn loại to,được tặng thêm túi táo nhỏ vị ngọt hơn loại to,resplit_llm,POS,False,False,True,False,high,True,True,False,llm_extended,A4_service,none,service,False,none,A4_service,none,service,False,none,llm_extended,llm_extended,llm_extended,llm_extended,llm_extended,,batch_ext_074,train,A4_service,train,A4_service,POS,POS,POS,0.9818
batch_051,47.381,47.381_c1,bao bì mẫu mã:đúng,bao bì mẫu mã:đúng,kept_43b,POS,False,False,True,False,high,True,True,False,llm_extended,A2_label,moderate,product,False,none,A2_label,moderate,product,False,none,llm_extended,llm_extended,llm_extended,llm_extended,llm_extended,,batch_ext_087,train,A2_label,train,A2_label,POS,POS,POS,0.9413
batch_051,47.381,47.381_c2,giống với quảng cáo,giống với quảng cáo,resplit_llm,POS,False,False,True,False,high,True,True,False,llm_extended,A2_label,none,product,False,none,A2_label,none,product,False,none,llm_extended,llm_extended,llm_extended,llm_extended,llm_extended,,batch_ext_060,train,A2_label,train,A2_label,POS,POS,POS,0.577
batch_051,47.381,47.381_c3,hương vị:vị chua ngọt nhẹ,hương vị:vị chua ngọt nhẹ,resplit_llm,POS,False,False,True,False,high,True,True,False,llm_extended,A1_product,mild,product,False,none,A1_product,mild,product,False,none,llm_extended,llm_extended,llm_extended,llm_extended,llm_extended,,batch_ext_035,train,A1_product,train,A1_product,POS,NEU,NEU,0.9591
batch_051,47.381,47.381_c4,thơm mùi đặc trưng của táo,thơm mùi đặc trưng của táo,resplit_llm,POS,False,False,True,False,high,True,True,False,llm_extended,A1_product,none,product,False,none,A1_product,none,product,False,none,llm_extended,llm_extended,llm_extended,llm_extended,llm_extended,,batch_ext_051,train,A1_product,train,A1_product,POS,POS,POS,0.9995
batch_051,47.381,47.381_c7,quả to thật sự luôn,quả to thật sự luôn,kept_43b,POS,False,False,True,False,high,True,True,False,llm_extended,A1_product,none,product,False,none,A1_product,none,product,False,none,llm_extended,llm_extended,llm_extended,llm_extended,llm_extended,,batch_ext_006,train,A1_product,train,A1_product,POS,POS,POS,0.988
batch_051,47.381,47.381_c9,xứng đáng tiền ạ. tui cực kì kén chọn,xứng đáng tiền ạ. tui cực kì kén chọn,kept_43b,POS,False,False,True,False,high,True,True,False,llm_extended,A5_price,none,value,False,none,A5_price,none,value,False,none,llm_extended,llm_extended,llm_extended,llm_extended,llm_extended,,batch_ext_043,train,A5_price,train,A5_price,POS,POS,POS,0.9971
batch_051,47.41,47.41_c1,hương vị:thơm lắm,hương vị:thơm lắm,resplit_llm,POS,False,False,True,False,high,True,True,False,llm_extended,A1_product,none,product,False,none,A1_product,none,product,False,none,llm_extended,llm_extended,llm_extended,llm_extended,llm_extended,,batch_ext_065,train,A1_product,train,A1_product,POS,POS,POS,0.9853
batch_051,47.41,47.41_c2,bao bì mẫu mã:bao bì đẹp,bao bì mẫu mã:bao bì đẹp,resplit_llm,POS,False,False,True,False,high,True,True,False,llm_extended,A2_label,moderate,product,False,none,A2_label,moderate,product,False,none,llm_extended,llm_extended,llm_extended,llm_extended,llm_extended,,batch_ext_102,train,A2_label,train,A2_label,POS,POS,POS,0.998
batch_051,47.41,47.41_c4,nhận hàng đổ ra đếm đúng 90q,nhận hàng đổ ra đếm đúng 90q,kept_43b,POS,False,False,True,False,high,True,True,True,human_gold_iaa_override,A3_logistics,none,product,False,none,A3_logistics,none,logistics,False,none,human_gold_iaa,human_gold_iaa,human_gold_iaa,human_gold_iaa,human_gold_iaa,,batch_ext_049,train,A3_logistics,train,A3_logistics,POS,NEG,NEG,0.9981
batch_051,47.41,47.41_c5,nhưng quả không to như trứng gà đâu ạ,nhưng quả không to như trứng gà đâu ạ,resplit_llm,NEG,False,False,True,False,high,True,True,False,llm_extended,A1_product,moderate,none,False,none,A1_product,moderate,none,False,none,llm_extended,llm_extended,llm_extended,llm_extended,llm_extended,,batch_ext_074,train,A1_product,train,A1_product,NEG,NEU,NEU,0.8876
batch_051,47.41,47.41_c8,m mua 2 túi là 2kg hết 296k,m mua 2 túi là 2kg hết 296k,kept_43b,NEU,False,False,True,False,high,True,True,False,llm_extended,A5_price,none,none,False,none,A5_price,none,none,False,none,llm_extended,llm_extended,llm_extended,llm_extended,llm_extended,,batch_ext_001,train,A5_price,train,A5_price,NEU,NEG,NEG,0.8531
batch_051,47.41,47.41_c9,được tặng kèm 2 gói nho khô,được tặng kèm 2 gói nho khô,kept_43b,POS,False,False,True,False,high,True,True,False,llm_extended,A4_service,moderate,service,False,none,A4_service,moderate,service,False,none,llm_extended,llm_extended,llm_extended,llm_extended,llm_extended,,batch_ext_064,train,A4_service,train,A4_service,POS,POS,POS,0.9977
batch_051,47.41,47.41_c11,vị nhẹ thanh rất ngon,vị nhẹ thanh rất ngon,kept_43b,POS,False,False,True,False,high,True,True,False,llm_extended,A1_product,none,product,False,none,A1_product,none,product,False,none,llm_extended,llm_extended,llm_extended,llm_extended,llm_extended,,batch_ext_016,train,A1_product,train,A1_product,POS,POS,POS,0.9997
batch_051,47.596,47.596_c1,shop giao hàng cực nhanh,shop giao hàng cực nhanh,kept_43b,POS,False,False,True,False,high,True,True,False,llm_extended,A3_logistics,none,logistics,False,none,A3_logistics,none,logistics,False,none,llm_extended,llm_extended,llm_extended,llm_extended,llm_extended,,batch_ext_059,train,A3_logistics,train,A3_logistics,POS,POS,POS,0.9996
batch_051,47.596,47.596_c2,giao đúng chủng loại,giao đúng chủng loại,kept_43b,POS,False,False,True,False,high,True,True,False,llm_extended,A3_logistics,none,product,False,none,A3_logistics,none,product,False,none,llm_extended,llm_extended,llm_extended,llm_extended,llm_extended,,batch_ext_029,train,A3_logistics,train,A3_logistics,POS,POS,POS,0.9992
batch_051,47.596,47.596_c3,"táo có vị dẻo, tươi ngon","táo có vị dẻo, tươi ngon",kept_43b,POS,False,False,True,False,high,True,True,False,llm_extended,A1_product,none,product,False,none,A1_product,none,product,False,none,llm_extended,llm_extended,llm_extended,llm_extended,llm_extended,,batch_ext_006,train,A1_product,train,A1_product,POS,POS,POS,0.9963
batch_051,47.596,47.596_c4,vị hơi chua hơn táo nhỏ,vị hơi chua hơn táo nhỏ,kept_43b,NEU,False,False,True,False,high,True,True,False,llm_extended,A1_product,mild,none,False,softener,A1_product,mild,none,False,softener,llm_extended,llm_extended,llm_extended,llm_extended,llm_extended,,batch_ext_060,train,A1_product,train,A1_product,NEU,POS,POS,0.8629
batch_051,47.596,47.596_c6,có khuyến mãi kèm theo 1 túi táo nhược khương size bé,có khuyến mãi kèm theo 1 túi táo nhược khương size bé,kept_43b,POS,False,False,True,False,high,True,True,True,human_gold_iaa,A5_price,strong,value,False,none,A5_price,strong,value,False,none,human_gold_iaa,human_gold_iaa,human_gold_iaa,human_gold_iaa,human_gold_iaa,,batch_ext_056,train,A5_price,train,A5_price,POS,NEU,NEU,0.8708
batch_051,47.596,47.596_c7,tầm 220 quả kg,tầm 220 quả kg,kept_43b,NEU,False,False,True,False,high,True,True,False,llm_extended,A1_product,mild,none,False,softener,A1_product,mild,none,False,softener,llm_extended,llm_extended,llm_extended,llm_extended,llm_extended,,batch_ext_035,train,A1_product,train,A1_product,NEU,NEU,NEU,0.9802
batch_051,47.596,47.596_c8,gói khuyến mãi của shop chỉ có 19 quả và trọng lượg 80gam thôi chứ không được 100gam như thông tin shop đưa ra,gói khuyến mãi của shop chỉ có 19 quả và trọng lượg 80gam thôi chứ không được 100gam như thông tin shop đưa ra,merged_llm,NEG,False,False,True,False,high,True,True,False,llm_extended,A5_price,moderate,value,False,none,A5_price,moderate,value,False,none,llm_extended,llm_extended,llm_extended,llm_extended,llm_extended,,batch_ext_038,train,A5_price,train,A5_price,NEG,NEG,NEG,0.9991
batch_053,5.78,5.78_c1,sản phẩm đẹp đúng mô tả,sản phẩm đẹp đúng mô tả,resplit_llm,POS,False,False,True,False,high,False,True,False,llm_extended,A2_label,none,product,False,none,A2_label,none,product,False,none,llm_extended,llm_extended,llm_extended,llm_extended,llm_extended,,batch_ext_003,train,A2_label,train,A2_label,POS,POS,POS,0.9995
batch_053,5.78,5.78_c2,hàng đẹp như hình ảnh cung cấp,hàng đẹp như hình ảnh cung cấp,resplit_llm,POS,False,False,True,False,high,False,True,False,llm_extended,A1_product,moderate,product,False,softener,A1_product,moderate,product,False,softener,llm_extended,llm_extended,llm_extended,llm_extended,llm_extended,,batch_ext_042,train,A1_product,train,A1_product,POS,POS,POS,0.9996
batch_053,53.58,53.58_c1,bao bì mẫu mã:rất tệ,bao bì mẫu mã:rất tệ,kept_43b,NEG,False,False,True,False,high,True,True,True,human_gold_iaa_override,A2_label,strong,none,False,none,A1_product,strong,none,False,none,human_gold_iaa,human_gold_iaa,human_gold_iaa,human_gold_iaa,human_gold_iaa,,batch_ext_064,train,A2_label,train,A1_product,NEG,NEG,NEG,0.9995
batch_053,53.58,53.58_c2,"shop giao hàng rất lâu, mình ở xài gòn, tận 4 ngày mới nhận được hàng","shop giao hàng rất lâu, mình ở xài gòn, tận 4 ngày mới nhận được hàng",kept_43b,NEG,False,False,True,False,high,True,True,False,llm_extended,A3_logistics,moderate,none,False,none,A3_logistics,moderate,none,False,none,llm_extended,llm_extended,llm_extended,llm_extended,llm_extended,,batch_ext_095,train,A3_logistics,train,A3_logistics,NEG,NEG,NEG,0.998
batch_053,53.58,53.58_c3,điều quan trọng là khi nhận hàng shop gói hàng rất không cẩn thận,điều quan trọng là khi nhận hàng shop gói hàng rất không cẩn thận,kept_43b,NEG,False,False,True,False,high,True,True,False,llm_extended,A3_logistics,moderate,none,False,none,A3_logistics,moderate,none,False,none,llm_extended,llm_extended,llm_extended,llm_extended,llm_extended,,batch_ext_009,train,A3_logistics,train,A3_logistics,NEG,NEG,NEG,0.9981
batch_053,53.58,53.58_c4,làm cho mình có cảm giác không tôn trọng khách hàng,làm cho mình có cảm giác không tôn trọng khách hàng,kept_43b,NEG,False,False,True,False,high,True,True,False,llm_extended,A1_product,moderate,none,False,none,A1_product,moderate,none,False,none,llm_extended,llm_extended,llm_extended,llm_extended,llm_extended,,batch_ext_003,train,A1_product,train,A1_product,NEG,NEG,NEG,0.9994
batch_053,53.58,53.58_c5,"hộp giấy không có đáy, không nắp, chỉ quấn carton xung quanh rồi bọc nilon, thấy luôn cả sản phẩm bên trong","hộp giấy không có đáy, không nắp, chỉ quấn carton xung quanh rồi bọc nilon, thấy luôn cả sản phẩm bên trong",kept_43b,NEG,False,False,True,False,high,True,True,False,llm_extended,A3_logistics,moderate,none,False,none,A3_logistics,moderate,none,False,none,llm_extended,llm_extended,llm_extended,llm_extended,llm_extended,,batch_ext_056,train,A3_logistics,train,A3_logistics,NEG,NEG,NEG,0.9993
batch_053,53.58,53.58_c6,từ việc này mình nghi ngờ về chất lượng sản phẩm,từ việc này mình nghi ngờ về chất lượng sản phẩm,kept_43b,NEG,False,False,True,False,high,True,True,False,llm_extended,A1_product,moderate,product,False,none,A1_product,moderate,product,False,none,llm_extended,llm_extended,llm_extended,llm_extended,llm_extended,,batch_ext_065,train,A1_product,train,A1_product,NEG,NEG,NEG,0.9755
batch_053,53.58,53.58_c7,không chắc đây là sản phẩm hữu cơ như shop nói,không chắc đây là sản phẩm hữu cơ như shop nói,kept_43b,NEG,False,False,True,False,high,True,True,True,human_gold_iaa_override,A4_service,moderate,none,True,softener,A2_label,moderate,none,True,softener,human_gold_iaa,human_gold_iaa,human_gold_iaa,human_gold_iaa,human_gold_iaa,không chắc đây là sản phẩm hữu cơ như shop nói,batch_ext_013,train,A2_label,train,A2_label,NEG,NEG,NEG,0.7002
batch_053,53.58,53.58_c8,làm ăn có tâm thì không ai gói hàng kiểu này,làm ăn có tâm thì không ai gói hàng kiểu này,kept_43b,NEG,False,False,True,False,high,True,True,False,llm_extended,A3_logistics,moderate,none,False,softener,A3_logistics,moderate,none,False,softener,llm_extended,llm_extended,llm_extended,llm_extended,llm_extended,,batch_ext_070,train,A3_logistics,train,A3_logistics,NEG,NEG,NEG,0.9952
batch_053,53.64,53.64_c1,bao bì mẫu mã:bắt mắt,bao bì mẫu mã:bắt mắt,kept_43b,POS,False,False,True,False,high,True,True,False,llm_extended,A2_label,moderate,product,False,none,A2_label,moderate,product,False,none,llm_extended,llm_extended,llm_extended,llm_extended,llm_extended,,batch_ext_104,train,A2_label,train,A2_label,POS,NEG,NEG,0.7727
batch_053,53.64,53.64_c2,khá tươi sáng,khá tươi sáng,resplit_llm,POS,False,False,True,False,high,True,True,False,llm_extended,A1_product,none,product,False,softener,A1_product,none,product,False,softener,llm_extended,llm_extended,llm_extended,llm_extended,llm_extended,,batch_ext_101,train,A1_product,train,A1_product,POS,POS,POS,0.9997
batch_053,53.64,53.64_c4,giá thành khá rẻ,giá thành khá rẻ,kept_43b,POS,False,False,True,False,high,True,True,False,llm_extended,A5_price,none,value,False,softener,A5_price,none,value,False,softener,llm_extended,llm_extended,llm_extended,llm_extended,llm_extended,,batch_ext_027,train,A5_price,train,A5_price,POS,POS,POS,0.9997
batch_053,53.64,53.64_c6,nhưng cảm quan ban đầu về sản phẩm khá tốt,nhưng cảm quan ban đầu về sản phẩm khá tốt,kept_43b,POS,False,False,True,False,high,True,True,False,llm_extended,A1_product,mild,product,False,softener,A1_product,mild,product,False,softener,llm_extended,llm_extended,llm_extended,llm_extended,llm_extended,,batch_ext_005,train,A1_product,train,A1_product,POS,POS,POS,0.9935
batch_053,53.64,53.64_c7,chỉ có đóng gói hơi thấy ghê,chỉ có đóng gói hơi thấy ghê,kept_43b,NEG,False,False,True,False,high,True,True,False,llm_extended,A3_logistics,moderate,none,False,softener,A3_logistics,moderate,none,False,softener,llm_extended,llm_extended,llm_extended,llm_extended,llm_extended,,batch_ext_069,train,A3_logistics,train,A3_logistics,NEG,NEG,NEG,0.9868
batch_053,53.64,53.64_c8,lúc shipper đưa kiện hàng thấy quải chè đậu ghê nơi,lúc shipper đưa kiện hàng thấy quải chè đậu ghê nơi,kept_43b,NEG,False,False,True,False,high,True,True,False,llm_extended,A1_product,moderate,none,False,none,A1_product,moderate,none,False,none,llm_extended,llm_extended,llm_extended,llm_extended,llm_extended,,batch_ext_094,train,A1_product,train,A1_product,NEG,POS,POS,0.992
batch_053,53.64,53.64_c11,chăm chút phần đóng gói xíu thể hiện sự tôn trọng sản phẩm của mình cũng như sự tận tâm trong việc cung cấp cho khách,chăm chút phần đóng gói xíu thể hiện sự tôn trọng sản phẩm của mình cũng như sự tận tâm trong việc cung cấp cho khách,kept_43b,NEG,False,False,True,False,high,True,True,False,llm_extended,A3_logistics,moderate,none,False,softener,A3_logistics,moderate,none,False,softener,llm_extended,llm_extended,llm_extended,llm_extended,llm_extended,,batch_ext_058,train,A3_logistics,train,A3_logistics,NEG,POS,POS,0.926
batch_054,54.1288,54.1288_c1,Trà uống man mát,trà uống man mát,resplit_llm,POS,False,False,True,False,high,False,True,False,llm_extended,A1_product,none,product,False,none,A1_product,none,product,False,none,llm_extended,llm_extended,llm_extended,llm_extended,llm_extended,,batch_ext_048,train,A1_product,train,A1_product,POS,POS,POS,0.9994
batch_054,54.1288,54.1288_c2,mình thấy uống rễ ngủ hơn,mình thấy uống rễ ngủ hơn,resplit_llm,POS,False,False,True,False,high,False,True,True,human_gold_iaa_override,A5_price,none,value,False,none,A1_product,none,product,False,none,human_gold_iaa,human_gold_iaa,human_gold_iaa,human_gold_iaa,human_gold_iaa,,batch_ext_072,train,A1_product,train,A1_product,POS,POS,POS,0.9928
batch_054,54.1288,54.1288_c3,nói chung là sản phẩm được nha,nói chung là sản phẩm được nha,resplit_llm,POS,False,False,True,False,high,False,True,False,llm_extended,A1_product,none,product,False,softener,A1_product,none,product,False,softener,llm_extended,llm_extended,llm_extended,llm_extended,llm_extended,,batch_ext_058,train,A1_product,train,A1_product,POS,POS,POS,0.9996
batch_054,54.1313,54.1313_c1,Uống tạm được,uống tạm được,kept_43b,NEU,False,False,True,False,medium,False,True,False,llm_extended,A1_product,moderate,none,False,softener,A1_product,moderate,none,False,softener,llm_extended,llm_extended,llm_extended,llm_extended,llm_extended,,batch_ext_075,train,A1_product,train,A1_product,NEU,POS,POS,0.9881
batch_054,54.333,54.333_c1,"thơm, có vị ngọt ngọt","thơm, có vị ngọt ngọt",kept_43b,POS,False,False,True,False,high,False,True,False,llm_extended,A1_product,none,product,False,none,A1_product,none,product,False,none,llm_extended,llm_extended,llm_extended,llm_extended,llm_extended,,batch_ext_089,train,A1_product,train,A1_product,POS,POS,POS,0.999
batch_054,54.333,54.333_c2,nhưng không có nhiều mùi hoa cúc lắm,nhưng không có nhiều mùi hoa cúc lắm,kept_43b,NEG,False,False,True,False,high,False,True,False,llm_extended,A1_product,moderate,none,False,none,A1_product,moderate,none,False,none,llm_extended,llm_extended,llm_extended,llm_extended,llm_extended,,batch_ext_046,train,A1_product,train,A1_product,NEG,NEG,NEG,0.9929
batch_054,54.333,54.333_c4,săn được giá sale 19k hộp cũng tốt,săn được giá sale 19k hộp cũng tốt,kept_43b,POS,False,False,True,False,high,False,True,False,llm_extended,A5_price,moderate,value,False,softener,A5_price,moderate,value,False,softener,llm_extended,llm_extended,llm_extended,llm_extended,llm_extended,,batch_ext_042,train,A5_price,train,A5_price,POS,POS,POS,0.9885
batch_054,54.333,54.333_c5,gói hàng kĩ. bên trong đóng gói kĩ,gói hàng kĩ. bên trong đóng gói kĩ,merged_llm,POS,False,False,True,False,high,False,True,False,llm_extended,A3_logistics,none,product,False,none,A3_logistics,none,product,False,none,llm_extended,llm_extended,llm_extended,llm_extended,llm_extended,,batch_ext_036,train,A3_logistics,train,A3_logistics,POS,POS,POS,0.999
batch_054,54.333,54.333_c6,nhưng giá sale thì ổn chứ nếu giá 130k như shop niêm yết thì không ổn chút nào,nhưng giá sale thì ổn chứ nếu giá 130k như shop niêm yết thì không ổn chút nào,merged_llm,NEG,False,False,True,False,high,False,True,True,human_gold_iaa,A5_price,moderate,value,False,conditional,A5_price,moderate,value,False,conditional,human_gold_iaa,human_gold_iaa,human_gold_iaa,human_gold_iaa,human_gold_iaa,,batch_ext_008,train,A5_price,train,A5_price,NEG,NEG,NEG,0.9695
batch_054,54.333,54.333_c7,thậm chí 70k thì cũng hơi cao so với chất lượng,thậm chí 70k thì cũng hơi cao so với chất lượng,kept_43b,NEG,False,False,True,False,high,False,True,False,llm_extended,A5_price,moderate,value,False,softener,A5_price,moderate,value,False,softener,llm_extended,llm_extended,llm_extended,llm_extended,llm_extended,,batch_ext_079,train,A5_price,train,A5_price,NEG,NEG,NEG,0.6241
batch_054,54.333,54.333_c8,nhưng uống vị rất dễ uống đó mọi người,nhưng uống vị rất dễ uống đó mọi người,kept_43b,POS,False,False,True,False,high,False,True,False,llm_extended,A1_product,mild,product,False,none,A1_product,mild,product,False,none,llm_extended,llm_extended,llm_extended,llm_extended,llm_extended,,batch_ext_035,train,A1_product,train,A1_product,POS,POS,POS,0.9976
batch_054,54.41,54.41_c1,mẫu mã đẹp,mẫu mã đẹp,resplit_llm,POS,False,False,True,False,high,False,True,True,human_gold_iaa,A1_product,none,product,False,none,A1_product,none,product,False,none,human_gold_iaa,human_gold_iaa,human_gold_iaa,human_gold_iaa,human_gold_iaa,,batch_ext_070,train,A2_label,train,A1_product,POS,POS,POS,0.9997
batch_054,54.41,54.41_c3,hàng như hình nha,hàng như hình nha,resplit_llm,POS,False,False,True,False,high,False,True,False,llm_extended,A1_product,none,product,False,none,A1_product,none,product,False,none,llm_extended,llm_extended,llm_extended,llm_extended,llm_extended,,batch_ext_023,train,A1_product,train,A1_product,POS,POS,POS,0.9988
batch_054,54.729,54.729_c1,trà hoa cúc mua cho bé 8y đến lớp uống để dễ ngủ trưa,trà hoa cúc mua cho bé 8y đến lớp uống để dễ ngủ trưa,resplit_llm,POS,False,False,True,False,high,False,True,True,human_gold_iaa,A1_product,strong,product,False,none,A1_product,strong,product,False,none,human_gold_iaa,human_gold_iaa,human_gold_iaa,human_gold_iaa,human_gold_iaa,,batch_ext_077,train,A1_product,train,A1_product,POS,POS,POS,0.5471
batch_054,54.729,54.729_c2,trà dễ uống,trà dễ uống,resplit_llm,POS,False,False,True,False,high,False,True,False,llm_extended,A1_product,none,product,False,none,A1_product,none,product,False,none,llm_extended,llm_extended,llm_extended,llm_extended,llm_extended,,batch_ext_042,train,A1_product,train,A1_product,POS,POS,POS,0.9996
batch_056,55.4,55.4_c1,trà kim tiền thảo râu mèo thiên mộc uống mát,trà kim tiền thảo râu mèo thiên mộc uống mát,resplit_llm,POS,False,False,True,False,high,False,True,True,human_gold_iaa_override,A5_price,strong,value,False,none,A1_product,strong,product,False,none,human_gold_iaa,human_gold_iaa,human_gold_iaa,human_gold_iaa,human_gold_iaa,,batch_ext_008,train,A1_product,train,A1_product,POS,POS,POS,0.9989
batch_056,55.4,55.4_c2,vị dịu nhẹ dễ uống,vị dịu nhẹ dễ uống,resplit_llm,POS,False,False,True,False,high,False,True,False,llm_extended,A1_product,none,product,False,none,A1_product,none,product,False,none,llm_extended,llm_extended,llm_extended,llm_extended,llm_extended,,batch_ext_040,train,A1_product,train,A1_product,POS,POS,POS,0.9998
batch_056,55.4,55.4_c3,dùng đều giúp cơ thể thanh nhiệt rõ rệt,dùng đều giúp cơ thể thanh nhiệt rõ rệt,resplit_llm,POS,False,False,True,False,high,False,True,False,llm_extended,A1_product,none,product,False,none,A1_product,none,product,False,none,llm_extended,llm_extended,llm_extended,llm_extended,llm_extended,,batch_ext_081,train,A1_product,train,A1_product,POS,POS,POS,0.9996
batch_056,56.106,56.106_c1,hương vị:thom,hương vị:thom,kept_43b,POS,False,False,True,False,high,True,True,False,llm_extended,A1_product,none,product,False,none,A1_product,none,product,False,none,llm_extended,llm_extended,llm_extended,llm_extended,llm_extended,,batch_ext_061,train,A1_product,train,A1_product,POS,NEU,NEU,0.994
batch_056,56.106,56.106_c2,de uong,de uong,kept_43b,POS,False,False,True,False,high,True,True,False,llm_extended,A1_product,none,product,False,none,A1_product,none,product,False,none,llm_extended,llm_extended,llm_extended,llm_extended,llm_extended,,batch_ext_100,train,A1_product,train,A1_product,POS,POS,POS,0.8798
batch_056,56.106,56.106_c3,tot suc khoe đối tượng sử dụng:tat ca moi nguoi,tot suc khoe đối tượng sử dụng:tat ca moi nguoi,resplit_llm,POS,False,False,True,False,high,True,True,True,human_gold_iaa_override,A1_product,none,product,False,none,A1_product,none,product,True,none,human_gold_iaa,human_gold_iaa,human_gold_iaa,human_gold_iaa,human_gold_iaa,,batch_ext_019,train,A1_product,train,A1_product,POS,POS,POS,0.9339
batch_056,56.106,56.106_c4,bao bì mẫu mã:dep,bao bì mẫu mã:dep,resplit_llm,POS,False,False,True,False,high,True,True,False,llm_extended,A2_label,moderate,product,False,none,A2_label,moderate,product,False,none,llm_extended,llm_extended,llm_extended,llm_extended,llm_extended,,batch_ext_018,train,A2_label,train,A2_label,POS,POS,POS,0.9938
batch_056,56.106,56.106_c5,chac chan,chac chan,kept_43b,POS,False,False,True,False,high,True,True,False,llm_extended,A1_product,none,product,False,softener,A1_product,none,product,False,softener,llm_extended,llm_extended,llm_extended,llm_extended,llm_extended,,batch_ext_077,train,A1_product,train,A1_product,POS,POS,POS,0.992
batch_056,56.106,56.106_c7,ship nhanh,ship nhanh,kept_43b,POS,False,False,True,False,high,True,True,False,llm_extended,A3_logistics,none,logistics,False,none,A3_logistics,none,logistics,False,none,llm_extended,llm_extended,llm_extended,llm_extended,llm_extended,,batch_ext_043,train,A3_logistics,train,A3_logistics,POS,POS,POS,0.9997
batch_056,56.106,56.106_c8,gia re,gia re,kept_43b,POS,False,False,True,False,high,True,True,False,llm_extended,A5_price,none,value,False,none,A5_price,none,value,False,none,llm_extended,llm_extended,llm_extended,llm_extended,llm_extended,,batch_ext_060,train,A5_price,train,A5_price,POS,NEU,NEU,0.9812
batch_056,56.106,56.106_c9,uy tinh,uy tinh,kept_43b,POS,False,False,True,False,high,True,True,False,llm_extended,A1_product,none,product,False,none,A1_product,none,product,False,none,llm_extended,llm_extended,llm_extended,llm_extended,llm_extended,,batch_ext_064,train,A1_product,train,A1_product,POS,POS,POS,0.9953
batch_056,56.106,56.106_c11,hang chat luong,hang chat luong,kept_43b,POS,False,False,True,False,high,True,True,False,llm_extended,A1_product,none,product,False,none,A1_product,none,product,False,none,llm_extended,llm_extended,llm_extended,llm_extended,llm_extended,,batch_ext_100,train,A1_product,train,A1_product,POS,POS,POS,0.9995
batch_056,56.106,56.106_c12,dang mua,dang mua,kept_43b,POS,False,False,True,False,high,True,True,False,llm_extended,A1_product,none,product,False,none,A1_product,none,product,False,none,llm_extended,llm_extended,llm_extended,llm_extended,llm_extended,,batch_ext_059,train,A1_product,train,A1_product,POS,POS,POS,0.6124
batch_056,56.131,56.131_c1,trà uống ngon,trà uống ngon,kept_43b,POS,False,False,True,False,high,True,True,True,human_gold_iaa,A1_product,none,product,False,none,A1_product,none,product,False,none,human_gold_iaa,human_gold_iaa,human_gold_iaa,human_gold_iaa,human_gold_iaa,,batch_ext_037,train,A1_product,train,A1_product,POS,POS,POS,0.9996
batch_056,56.131,56.131_c2,mẫu mã bao bì sản phẩm rất xịn sò,mẫu mã bao bì sản phẩm rất xịn sò,kept_43b,POS,False,False,True,False,high,True,True,False,llm_extended,A2_label,moderate,product,False,none,A2_label,moderate,product,False,none,llm_extended,llm_extended,llm_extended,llm_extended,llm_extended,,batch_ext_064,train,A2_label,train,A2_label,POS,POS,POS,0.9997
batch_056,56.131,56.131_c3,date còn rất lâu,date còn rất lâu,kept_43b,POS,False,False,True,False,high,True,True,False,llm_extended,A2_label,moderate,product,False,none,A2_label,moderate,product,False,none,llm_extended,llm_extended,llm_extended,llm_extended,llm_extended,,batch_ext_013,train,A2_label,train,A2_label,POS,POS,POS,0.5121
batch_056,56.131,56.131_c4,shop đóng gói kĩ càng,shop đóng gói kĩ càng,resplit_llm,POS,False,False,True,False,high,True,True,False,llm_extended,A3_logistics,none,product,False,none,A3_logistics,none,product,False,none,llm_extended,llm_extended,llm_extended,llm_extended,llm_extended,,batch_ext_005,train,A3_logistics,train,A3_logistics,POS,POS,POS,0.9995
batch_056,56.131,56.131_c5,giao hàng nhanh,giao hàng nhanh,resplit_llm,POS,False,False,True,False,high,True,True,False,llm_extended,A3_logistics,none,logistics,False,none,A3_logistics,none,logistics,False,none,llm_extended,llm_extended,llm_extended,llm_extended,llm_extended,,batch_ext_056,train,A3_logistics,train,A3_logistics,POS,POS,POS,0.9997
batch_056,56.131,56.131_c6,mình rất ưng ý,mình rất ưng ý,kept_43b,POS,False,False,True,False,high,True,True,False,llm_extended,A1_product,none,product,False,none,A1_product,none,product,False,none,llm_extended,llm_extended,llm_extended,llm_extended,llm_extended,,batch_ext_036,train,A1_product,train,A1_product,POS,POS,POS,0.9997
batch_056,56.1676,56.1676_c1,hương vị:tốt,hương vị:tốt,resplit_llm,POS,False,False,True,False,high,True,True,False,llm_extended,A1_product,none,product,False,none,A1_product,none,product,False,none,llm_extended,llm_extended,llm_extended,llm_extended,llm_extended,,batch_ext_051,train,A1_product,train,A1_product,POS,NEU,NEU,0.9047
batch_056,56.1676,56.1676_c2,shop giao thiếu 2 hộp trà atiso túi lọc ldp,shop giao thiếu 2 hộp trà atiso túi lọc ldp,merged_llm,NEG,False,False,True,False,high,True,True,False,llm_extended,A3_logistics,moderate,none,False,none,A3_logistics,moderate,none,False,none,llm_extended,llm_extended,llm_extended,llm_extended,llm_extended,,batch_ext_036,train,A3_logistics,train,A3_logistics,NEG,NEG,NEG,0.9988
batch_056,56.1676,56.1676_c3,tôi đã liên hệ và yêu cầu giao bù cho đủ số lượng thì shop báo hết sản phẩm,tôi đã liên hệ và yêu cầu giao bù cho đủ số lượng thì shop báo hết sản phẩm,merged_llm,NEG,False,False,True,False,high,True,True,False,llm_extended,A3_logistics,moderate,none,False,none,A3_logistics,moderate,none,False,none,llm_extended,llm_extended,llm_extended,llm_extended,llm_extended,,batch_ext_098,train,A3_logistics,train,A3_logistics,NEG,NEG,NEG,0.9991
batch_056,56.1676,56.1676_c4,có phải là hết sản phẩm nên giao thiếu cho khách không,có phải là hết sản phẩm nên giao thiếu cho khách không,kept_43b,NEG,False,False,True,False,high,True,True,False,llm_extended,A3_logistics,moderate,none,False,wishful,A3_logistics,moderate,none,False,wishful,llm_extended,llm_extended,llm_extended,llm_extended,llm_extended,,batch_ext_021,train,A3_logistics,train,A3_logistics,NEG,NEG,NEG,0.9985
batch_056,56.1676,56.1676_c5,shop làm ăn tệ,shop làm ăn tệ,kept_43b,NEG,False,False,True,False,high,True,True,False,llm_extended,A4_service,moderate,none,False,none,A4_service,moderate,none,False,none,llm_extended,llm_extended,llm_extended,llm_extended,llm_extended,,batch_ext_055,train,A4_service,train,A4_service,NEG,NEG,NEG,0.9988
batch_056,56.1712,56.1712_c1,đối tượng sử dụng:mọi người hương vị:atiso trà dễ uống,đối tượng sử dụng:mọi người hương vị:atiso trà dễ uống,resplit_llm,POS,False,False,True,False,high,False,True,False,llm_extended,A1_product,none,product,False,none,A1_product,none,product,False,none,llm_extended,llm_extended,llm_extended,llm_extended,llm_extended,,batch_ext_094,train,A1_product,train,A1_product,POS,POS,POS,0.6086
batch_056,56.1712,56.1712_c2,uống hàng ngày thay nước lọc mát gan,uống hàng ngày thay nước lọc mát gan,resplit_llm,POS,False,False,True,False,high,False,True,False,llm_extended,A1_product,none,product,False,none,A1_product,none,product,False,none,llm_extended,llm_extended,llm_extended,llm_extended,llm_extended,,batch_ext_035,train,A1_product,train,A1_product,POS,POS,POS,0.9312
batch_056,56.1795,56.1795_c2,the delivery is fast,the delivery is fast,resplit_llm,POS,False,False,True,False,high,False,True,False,llm_extended,A1_product,none,product,False,none,A1_product,none,product,False,none,llm_extended,llm_extended,llm_extended,llm_extended,llm_extended,,batch_ext_083,train,A1_product,train,A1_product,POS,NEU,NEU,0.9993
batch_056,56.1795,56.1795_c3,and the packaging is good,and the packaging is good,resplit_llm,POS,False,False,True,False,high,False,True,False,llm_extended,A1_product,none,product,False,none,A1_product,none,product,False,none,llm_extended,llm_extended,llm_extended,llm_extended,llm_extended,,batch_ext_104,train,A1_product,train,A1_product,POS,NEU,NEU,0.8761
batch_057,56.1801,56.1801_c2,delivery is fast and good,delivery is fast and good,resplit_llm,POS,False,False,True,False,high,False,True,False,llm_extended,A1_product,none,product,False,none,A1_product,none,product,False,none,llm_extended,llm_extended,llm_extended,llm_extended,llm_extended,,batch_ext_010,train,A1_product,train,A1_product,POS,NEU,NEU,0.999
batch_057,56.1801,56.1801_c3,"i m satisfied with the product, too","i m satisfied with the product, too",resplit_llm,POS,False,False,True,False,high,False,True,False,llm_extended,A1_product,none,product,False,none,A1_product,none,product,False,none,llm_extended,llm_extended,llm_extended,llm_extended,llm_extended,,batch_ext_038,train,A1_product,train,A1_product,POS,POS,POS,0.9939
batch_057,56.21,56.21_c2,uống ghiền luôn,uống ghiền luôn,kept_43b,POS,False,False,True,False,high,True,True,False,llm_extended,A1_product,none,product,False,none,A1_product,none,product,False,none,llm_extended,llm_extended,llm_extended,llm_extended,llm_extended,,batch_ext_011,train,A1_product,train,A1_product,POS,POS,POS,0.9997
batch_057,56.21,56.21_c4,uống ngủ được,uống ngủ được,kept_43b,POS,False,False,True,False,high,True,True,False,llm_extended,A1_product,none,product,False,none,A1_product,none,product,False,none,llm_extended,llm_extended,llm_extended,llm_extended,llm_extended,,batch_ext_056,train,A1_product,train,A1_product,POS,POS,POS,0.9885
batch_057,56.21,56.21_c5,mát gan,mát gan,kept_43b,POS,False,False,True,False,high,True,True,False,llm_extended,A1_product,none,product,False,none,A1_product,none,product,False,none,llm_extended,llm_extended,llm_extended,llm_extended,llm_extended,,batch_ext_073,train,A1_product,train,A1_product,POS,POS,POS,0.9992
batch_057,56.21,56.21_c6,thích hợp cho mùa hè,thích hợp cho mùa hè,kept_43b,POS,False,False,True,False,high,True,True,False,llm_extended,A3_logistics,none,product,False,none,A3_logistics,none,product,False,none,llm_extended,llm_extended,llm_extended,llm_extended,llm_extended,,batch_ext_079,train,A3_logistics,train,A3_logistics,POS,POS,POS,0.9991
batch_057,56.21,56.21_c7,thêm đá vào uống ngon hết sảy,thêm đá vào uống ngon hết sảy,kept_43b,POS,False,False,True,False,high,True,True,False,llm_extended,A1_product,none,product,False,none,A1_product,none,product,False,none,llm_extended,llm_extended,llm_extended,llm_extended,llm_extended,,batch_ext_019,train,A1_product,train,A1_product,POS,POS,POS,0.9996
batch_057,56.2122,56.2122_c1,delivery is fast and accurate,delivery is fast and accurate,resplit_llm,POS,False,False,True,False,high,False,True,True,human_gold_iaa_override,A1_product,none,product,False,none,A3_logistics,none,logistics,False,none,human_gold_iaa,human_gold_iaa,human_gold_iaa,human_gold_iaa,human_gold_iaa,,batch_ext_068,train,A1_product,train,A3_logistics,POS,NEU,NEU,0.9987
batch_057,56.2122,56.2122_c2,the goods were safely delivered,the goods were safely delivered,resplit_llm,POS,False,False,True,False,high,False,True,False,llm_extended,A1_product,none,product,False,none,A1_product,none,product,False,none,llm_extended,llm_extended,llm_extended,llm_extended,llm_extended,,batch_ext_017,train,A1_product,train,A1_product,POS,NEU,NEU,0.9987
batch_062,56.738,56.738_c3,"chè bắp, chè đậu xanh bông cau, chè lục cà sá, chè chuối,.. đều rất hấp dẫn và nóng hổi nha","chè bắp, chè đậu xanh bông cau, chè lục cà sá, chè chuối,.. đều rất hấp dẫn và nóng hổi nha",resplit_llm,POS,False,False,True,False,high,False,True,True,human_gold_iaa_override,A1_product,mild,product,True,softener,A1_product,mild,product,False,softener,human_gold_iaa,human_gold_iaa,human_gold_iaa,human_gold_iaa,human_gold_iaa,,batch_ext_041,train,A1_product,train,A1_product,POS,POS,POS,0.9995
batch_062,56.738,56.738_c4,"vị ngọt thanh, nhẹ nhàng rất dễ ăn","vị ngọt thanh, nhẹ nhàng rất dễ ăn",resplit_llm,POS,False,False,True,False,high,False,True,False,llm_extended,A1_product,none,product,False,none,A1_product,none,product,False,none,llm_extended,llm_extended,llm_extended,llm_extended,llm_extended,,batch_ext_077,train,A1_product,train,A1_product,POS,POS,POS,0.9996
batch_063,59.271,59.271_c1,hương vị:dễ ăn,hương vị:dễ ăn,resplit_llm,POS,False,False,True,False,high,False,True,False,llm_extended,A1_product,none,product,False,none,A1_product,none,product,False,none,llm_extended,llm_extended,llm_extended,llm_extended,llm_extended,,batch_ext_012,train,A1_product,train,A1_product,POS,POS,POS,0.9822
batch_063,59.271,59.271_c2,có thể làm tráng miệng vào 3h chiều,có thể làm tráng miệng vào 3h chiều,resplit_llm,NEU,False,False,True,False,high,False,True,False,llm_extended,A1_product,none,none,False,none,A1_product,none,none,False,none,llm_extended,llm_extended,llm_extended,llm_extended,llm_extended,,batch_ext_032,train,A1_product,train,A1_product,NEU,NEU,NEU,0.9285
batch_063,59.506,59.506_c1,ăn cx được,ăn cx được,kept_43b,POS,False,False,True,False,high,False,True,False,llm_extended,A1_product,none,product,False,none,A1_product,none,product,False,none,llm_extended,llm_extended,llm_extended,llm_extended,llm_extended,,batch_ext_044,train,A1_product,train,A1_product,POS,POS,POS,0.9991
batch_063,6.1163,6.1163_c1,dễ ăn,dễ ăn,resplit_llm,POS,False,False,True,False,high,False,True,False,llm_extended,A1_product,none,product,False,none,A1_product,none,product,False,none,llm_extended,llm_extended,llm_extended,llm_extended,llm_extended,,batch_ext_060,train,A1_product,train,A1_product,POS,POS,POS,0.9989
batch_063,6.1163,6.1163_c2,màu đẹp như xôi,màu đẹp như xôi,resplit_llm,POS,False,False,True,False,high,False,True,False,llm_extended,A1_product,none,product,False,none,A1_product,none,product,False,none,llm_extended,llm_extended,llm_extended,llm_extended,llm_extended,,batch_ext_109,train,A1_product,train,A1_product,POS,POS,POS,0.999
batch_064,6.1531,6.1531_c1,"sản phẩm đúng với mô tả của sốp, khôgn có điểm nào để chê hết cả","sản phẩm đúng với mô tả của sốp, khôgn có điểm nào để chê hết cả",kept_43b,POS,False,False,True,False,high,False,True,True,human_gold_iaa_override,A2_label,none,product,False,none,A1_product,none,product,False,none,human_gold_iaa,human_gold_iaa,human_gold_iaa,human_gold_iaa,human_gold_iaa,,batch_ext_026,train,A2_label,train,A1_product,POS,POS,POS,0.9995
batch_064,6.1571,6.1571_c1,gói hàng kĩ,gói hàng kĩ,kept_43b,POS,False,False,True,False,high,False,True,False,llm_extended,A3_logistics,none,product,False,none,A3_logistics,none,product,False,none,llm_extended,llm_extended,llm_extended,llm_extended,llm_extended,,batch_ext_011,train,A3_logistics,train,A3_logistics,POS,POS,POS,0.9995
batch_064,6.1582,6.1582_c1,đã mua thử nhiều nơi mà đến đây là dừng sẽ mua lại lần sau,đã mua thử nhiều nơi mà đến đây là dừng sẽ mua lại lần sau,kept_43b,POS,False,False,True,False,high,False,True,False,llm_extended,A1_product,none,product,False,wishful,A1_product,none,product,False,wishful,llm_extended,llm_extended,llm_extended,llm_extended,llm_extended,,batch_ext_060,train,A1_product,train,A1_product,POS,POS,POS,0.9993
batch_065,6.1931,6.1931_c1,"ăn giống gạo nếp vậy á,","ăn giống gạo nếp vậy á,",resplit_llm,POS,False,False,True,False,high,False,True,False,llm_extended,A1_product,none,product,False,none,A1_product,none,product,False,none,llm_extended,llm_extended,llm_extended,llm_extended,llm_extended,,batch_ext_023,train,A1_product,train,A1_product,POS,NEU,NEU,0.943
batch_065,6.1931,6.1931_c2,mua gạo được tặng dây đo để kiểm soát cơ thể nè,mua gạo được tặng dây đo để kiểm soát cơ thể nè,resplit_llm,POS,False,False,True,False,high,False,True,False,llm_extended,A4_service,none,service,False,none,A4_service,none,service,False,none,llm_extended,llm_extended,llm_extended,llm_extended,llm_extended,,batch_ext_095,train,A4_service,train,A4_service,POS,NEU,NEU,0.9837
batch_067,6.26,6.26_c2,bao bì mẫu mã:đẹp,bao bì mẫu mã:đẹp,resplit_llm,POS,False,False,True,False,medium,True,True,False,llm_extended,A2_label,moderate,product,False,none,A2_label,moderate,product,False,none,llm_extended,llm_extended,llm_extended,llm_extended,llm_extended,,batch_ext_084,train,A2_label,train,A2_label,POS,POS,POS,0.8707
batch_067,6.26,6.26_c3,đóng gói cẩn thận,đóng gói cẩn thận,resplit_llm,POS,False,False,True,False,medium,True,True,False,llm_extended,A3_logistics,none,logistics,False,none,A3_logistics,none,logistics,False,none,llm_extended,llm_extended,llm_extended,llm_extended,llm_extended,,batch_ext_096,train,A3_logistics,train,A3_logistics,POS,POS,POS,0.9994
batch_067,6.26,6.26_c4,giao hàng nhanh,giao hàng nhanh,kept_43b,POS,False,False,True,False,medium,True,True,True,human_gold_iaa,A3_logistics,none,logistics,False,none,A3_logistics,none,logistics,False,none,human_gold_iaa,human_gold_iaa,human_gold_iaa,human_gold_iaa,human_gold_iaa,,batch_ext_034,train,A3_logistics,train,A3_logistics,POS,POS,POS,0.9997
batch_067,6.26,6.26_c5,ship thân thiện hoà đồng,ship thân thiện hoà đồng,merged_llm,POS,False,False,True,False,medium,True,True,False,llm_extended,A3_logistics,none,product,False,none,A3_logistics,none,product,False,none,llm_extended,llm_extended,llm_extended,llm_extended,llm_extended,,batch_ext_073,train,A3_logistics,train,A3_logistics,POS,POS,POS,0.9997
batch_067,6.26,6.26_c6,hàng giao đúng loại mình mua,hàng giao đúng loại mình mua,kept_43b,POS,False,False,True,False,medium,True,True,False,llm_extended,A3_logistics,none,product,False,none,A3_logistics,none,product,False,none,llm_extended,llm_extended,llm_extended,llm_extended,llm_extended,,batch_ext_065,train,A3_logistics,train,A3_logistics,POS,POS,POS,0.9994
batch_067,6.26,6.26_c8,tuy nhiên chỉ có 1túi đuợc hút chân không còn túi kia thì không hút chân không,tuy nhiên chỉ có 1túi đuợc hút chân không còn túi kia thì không hút chân không,resplit_llm,NEG,False,False,True,False,medium,True,True,False,llm_extended,A3_logistics,moderate,none,False,none,A3_logistics,moderate,none,False,none,llm_extended,llm_extended,llm_extended,llm_extended,llm_extended,,batch_ext_035,train,A3_logistics,train,A3_logistics,NEG,NEU,NEU,0.9951
batch_067,6.523,6.523_c2,gói hàng cẩn thận lắm lun,gói hàng cẩn thận lắm lun,resplit_llm,POS,False,False,True,False,high,False,True,False,llm_extended,A3_logistics,none,logistics,False,none,A3_logistics,none,logistics,False,none,llm_extended,llm_extended,llm_extended,llm_extended,llm_extended,,batch_ext_062,train,A3_logistics,train,A3_logistics,POS,POS,POS,0.9998
batch_067,6.831,6.831_c1,quy trình mua hàng công nhận là dễ dàng thật,quy trình mua hàng công nhận là dễ dàng thật,resplit_llm,POS,False,False,True,False,high,False,True,False,llm_extended,A1_product,none,product,False,none,A1_product,none,product,False,none,llm_extended,llm_extended,llm_extended,llm_extended,llm_extended,,batch_ext_050,train,A1_product,train,A1_product,POS,POS,POS,0.781
batch_067,6.831,6.831_c2,vừa mới đặt hàng và đã nhận được hàng rồi này,vừa mới đặt hàng và đã nhận được hàng rồi này,resplit_llm,POS,False,False,True,False,high,False,True,False,llm_extended,A5_price,moderate,value,False,none,A5_price,moderate,value,False,none,llm_extended,llm_extended,llm_extended,llm_extended,llm_extended,,batch_ext_014,train,A5_price,train,A5_price,POS,POS,POS,0.9985
batch_068,60.39,60.39_c2,sẽ mua lại,sẽ mua lại,resplit_llm,POS,False,False,True,False,high,False,True,False,llm_extended,A1_product,none,product,False,none,A1_product,none,product,False,none,llm_extended,llm_extended,llm_extended,llm_extended,llm_extended,,batch_ext_023,train,A1_product,train,A1_product,POS,POS,POS,0.999
batch_068,62.1022,62.1022_c1,hàng đẹp,hàng đẹp,resplit_llm,POS,False,False,True,False,high,False,True,False,llm_extended,A1_product,none,product,False,none,A1_product,none,product,False,none,llm_extended,llm_extended,llm_extended,llm_extended,llm_extended,,batch_ext_011,train,A1_product,train,A1_product,POS,POS,POS,0.9997
batch_068,62.1022,62.1022_c2,mua lại lần 2 rồi,mua lại lần 2 rồi,resplit_llm,POS,False,False,True,False,high,False,True,False,llm_extended,A1_product,none,product,False,none,A1_product,none,product,False,none,llm_extended,llm_extended,llm_extended,llm_extended,llm_extended,,batch_ext_024,train,A1_product,train,A1_product,POS,POS,POS,0.9992
batch_068,62.1169,62.1169_c1,hương vị:oke,hương vị:oke,resplit_llm,POS,False,False,True,False,high,False,True,True,human_gold_iaa,A1_product,none,product,False,none,A1_product,none,product,False,none,human_gold_iaa,human_gold_iaa,human_gold_iaa,human_gold_iaa,human_gold_iaa,,batch_ext_023,train,A1_product,train,A1_product,POS,NEU,NEU,0.7879
batch_068,62.1169,62.1169_c2,màu sắc:đệp,màu sắc:đệp,resplit_llm,POS,False,False,True,False,high,False,True,False,llm_extended,A1_product,none,product,False,none,A1_product,none,product,False,none,llm_extended,llm_extended,llm_extended,llm_extended,llm_extended,,batch_ext_045,train,A1_product,train,A1_product,POS,NEU,NEU,0.8083
batch_070,62.591,62.591_c1,đậu đỏ to,đậu đỏ to,resplit_llm,POS,False,False,True,False,high,False,True,False,llm_extended,A1_product,none,product,False,none,A1_product,none,product,False,none,llm_extended,llm_extended,llm_extended,llm_extended,llm_extended,,batch_ext_056,train,A1_product,train,A1_product,POS,NEG,NEG,0.8973
batch_070,62.591,62.591_c2,mình cân thử thì ffusng nhứnhop mô tả nhed,mình cân thử thì ffusng nhứnhop mô tả nhed,resplit_llm,POS,False,False,True,False,high,False,True,False,llm_extended,A2_label,none,product,False,none,A2_label,none,product,False,none,llm_extended,llm_extended,llm_extended,llm_extended,llm_extended,,batch_ext_075,train,A2_label,train,A2_label,POS,POS,POS,0.9964
batch_070,62.591,62.591_c3,shopee mall cx yên tâm,shopee mall cx yên tâm,resplit_llm,POS,False,False,True,False,high,False,True,False,llm_extended,A1_product,mild,product,False,softener,A1_product,mild,product,False,softener,llm_extended,llm_extended,llm_extended,llm_extended,llm_extended,,batch_ext_003,train,A1_product,train,A1_product,POS,POS,POS,0.9996
batch_070,62.842,62.842_c1,dịch vụ nhanh chóng và tin cậy,dịch vụ nhanh chóng và tin cậy,kept_43b,POS,False,False,True,False,high,False,True,False,llm_extended,A1_product,none,product,False,none,A1_product,none,product,False,none,llm_extended,llm_extended,llm_extended,llm_extended,llm_extended,,batch_ext_110,train,A1_product,train,A1_product,POS,POS,POS,0.9995
batch_070,62.981,62.981_c1,hàng giống mô tả,hàng giống mô tả,resplit_llm,POS,False,False,True,False,high,False,True,False,llm_extended,A2_label,none,product,False,none,A2_label,none,product,False,none,llm_extended,llm_extended,llm_extended,llm_extended,llm_extended,,batch_ext_067,train,A2_label,train,A2_label,POS,POS,POS,0.9976
batch_070,62.981,62.981_c2,đậu hạt đều,đậu hạt đều,resplit_llm,POS,False,False,True,False,high,False,True,True,human_gold_iaa,A1_product,none,product,False,none,A1_product,none,product,False,none,human_gold_iaa,human_gold_iaa,human_gold_iaa,human_gold_iaa,human_gold_iaa,,batch_ext_040,train,A1_product,train,A1_product,POS,POS,POS,0.9982
batch_070,62.981,62.981_c3,khô ráo,khô ráo,resplit_llm,POS,False,False,True,False,high,False,True,False,llm_extended,A1_product,moderate,product,False,none,A1_product,moderate,product,False,none,llm_extended,llm_extended,llm_extended,llm_extended,llm_extended,,batch_ext_084,train,A1_product,train,A1_product,POS,POS,POS,0.6326
batch_071,63.1524,63.1524_c1,đã mua lại lần thứ 3 rồi,đã mua lại lần thứ 3 rồi,kept_43b,POS,False,False,True,False,high,False,True,False,llm_extended,A1_product,none,product,False,none,A1_product,none,product,False,none,llm_extended,llm_extended,llm_extended,llm_extended,llm_extended,,batch_ext_090,train,A1_product,train,A1_product,POS,POS,POS,0.9994
batch_071,63.473,63.473_c2,the delivery is fast,the delivery is fast,resplit_llm,POS,False,False,True,False,high,False,True,False,llm_extended,A1_product,none,product,False,none,A1_product,none,product,False,none,llm_extended,llm_extended,llm_extended,llm_extended,llm_extended,,batch_ext_103,train,A1_product,train,A1_product,POS,NEU,NEU,0.9993
batch_071,63.473,63.473_c4,taste nice,taste nice,resplit_llm,POS,False,False,True,False,high,False,True,False,llm_extended,A1_product,none,product,False,none,A1_product,none,product,False,none,llm_extended,llm_extended,llm_extended,llm_extended,llm_extended,,batch_ext_068,train,A1_product,train,A1_product,POS,NEU,NEU,0.9173
batch_072,64.1194,64.1194_c1,hương vị:bình thường,hương vị:bình thường,resplit_llm,NEU,False,False,True,False,high,True,True,False,llm_extended,A1_product,none,none,False,none,A1_product,none,none,False,none,llm_extended,llm_extended,llm_extended,llm_extended,llm_extended,,batch_ext_070,train,A1_product,train,A1_product,NEU,NEU,NEU,0.9992
batch_072,64.1194,64.1194_c2,bao bì mẫu mã:bình thường,bao bì mẫu mã:bình thường,resplit_llm,NEU,False,False,True,False,high,True,True,False,llm_extended,A2_label,moderate,none,False,none,A2_label,moderate,none,False,none,llm_extended,llm_extended,llm_extended,llm_extended,llm_extended,,batch_ext_006,train,A2_label,train,A2_label,NEU,NEU,NEU,0.9966
batch_072,64.1194,64.1194_c5,size to thì mình mong hạt được chất lượng,size to thì mình mong hạt được chất lượng,kept_43b,NEU,False,False,True,False,high,True,True,False,llm_extended,A2_label,none,product,False,wishful,A2_label,none,product,False,wishful,llm_extended,llm_extended,llm_extended,llm_extended,llm_extended,,batch_ext_022,train,A1_product,train,A2_label,NEU,NEU,NEU,0.9916
batch_072,64.1194,64.1194_c8,thất vọng,thất vọng,kept_43b,NEG,False,False,True,False,high,True,True,True,human_gold_iaa_override,A1_product,strong,none,False,none,A1_product,moderate,none,False,none,human_gold_iaa,human_gold_iaa,human_gold_iaa,human_gold_iaa,human_gold_iaa,,batch_ext_096,train,A1_product,train,A1_product,NEG,NEG,NEG,0.9993
batch_072,64.1194,64.1194_c9,"vị của hạt cũng nhạt toẹt, không ngon như những loại maca mình từng ăn","vị của hạt cũng nhạt toẹt, không ngon như những loại maca mình từng ăn",kept_43b,NEG,False,False,True,False,high,True,True,False,llm_extended,A1_product,moderate,product,False,softener,A1_product,moderate,product,False,softener,llm_extended,llm_extended,llm_extended,llm_extended,llm_extended,,batch_ext_012,train,A1_product,train,A1_product,NEG,NEG,NEG,0.9992
batch_072,64.1194,64.1194_c10,shop đóng gói thùng hàng cũng rất hời hợt,shop đóng gói thùng hàng cũng rất hời hợt,kept_43b,NEG,False,False,True,False,high,True,True,False,llm_extended,A3_logistics,moderate,none,False,softener,A3_logistics,moderate,none,False,softener,llm_extended,llm_extended,llm_extended,llm_extended,llm_extended,,batch_ext_042,train,A3_logistics,train,A3_logistics,NEG,NEG,NEG,0.9938
batch_072,64.1194,64.1194_c16,chắc đây là lần đầu cũng như lần cuối mình đặt hàng của shop,chắc đây là lần đầu cũng như lần cuối mình đặt hàng của shop,kept_43b,NEG,False,False,True,False,high,True,True,False,llm_extended,A5_price,moderate,none,False,softener,A5_price,moderate,none,False,softener,llm_extended,llm_extended,llm_extended,llm_extended,llm_extended,,batch_ext_076,train,A5_price,train,A5_price,NEG,NEG,NEG,0.9956
batch_074,64.155,64.155_c1,ăn cũng tạm được,ăn cũng tạm được,kept_43b,NEU,False,False,True,False,high,False,True,False,llm_extended,A1_product,moderate,none,False,softener,A1_product,moderate,none,False,softener,llm_extended,llm_extended,llm_extended,llm_extended,llm_extended,,batch_ext_039,train,A1_product,train,A1_product,NEU,POS,POS,0.9704
batch_074,64.439,64.439_c2,"shop cân đủ khối lượng, trừ vỏ đi còn đúng 500g mỗi túi","shop cân đủ khối lượng, trừ vỏ đi còn đúng 500g mỗi túi",kept_43b,POS,False,False,True,False,high,False,True,True,human_gold_iaa,A4_service,strong,service,False,none,A4_service,strong,service,False,none,human_gold_iaa,human_gold_iaa,human_gold_iaa,human_gold_iaa,human_gold_iaa,,batch_ext_012,train,A4_service,train,A4_service,POS,NEG,NEG,0.6156
batch_074,64.439,64.439_c3,hạt thì có hạt to nhỏ lẫn nhau,hạt thì có hạt to nhỏ lẫn nhau,kept_43b,NEU,False,False,True,False,high,False,True,True,human_gold_iaa,A1_product,none,none,False,none,A1_product,none,none,False,none,human_gold_iaa,human_gold_iaa,human_gold_iaa,human_gold_iaa,human_gold_iaa,,batch_ext_030,train,A1_product,train,A1_product,NEU,NEG,NEG,0.9957
batch_074,64.439,64.439_c4,"trên bao bì shop tick luôn loại size mà mang tặng thì hơi kì nếu mua loại nhỏ chẳng hạn, shop có thể note tạm ở đâu khác","trên bao bì shop tick luôn loại size mà mang tặng thì hơi kì nếu mua loại nhỏ chẳng hạn, shop có thể note tạm ở đâu khác",merged_llm,NEG,False,False,True,False,high,False,True,True,human_gold_iaa_override,A2_label,moderate,none,False,conditional,A4_service,mild,none,False,conditional,human_gold_iaa,human_gold_iaa,human_gold_iaa,human_gold_iaa,human_gold_iaa,,batch_ext_001,train,A4_service,train,A4_service,NEG,NEU,NEU,0.9963
batch_074,64.439,64.439_c6,nhưng thấy đóng gói cũng ok,nhưng thấy đóng gói cũng ok,kept_43b,POS,False,False,True,False,high,False,True,False,llm_extended,A3_logistics,moderate,product,False,softener,A3_logistics,moderate,product,False,softener,llm_extended,llm_extended,llm_extended,llm_extended,llm_extended,,batch_ext_006,train,A3_logistics,train,A3_logistics,POS,POS,POS,0.998
batch_074,64.439,64.439_c7,có tên công ty rõ ràng,có tên công ty rõ ràng,kept_43b,POS,False,False,True,False,high,False,True,True,human_gold_iaa_override,A1_product,none,product,False,none,A2_label,none,product,False,none,human_gold_iaa,human_gold_iaa,human_gold_iaa,human_gold_iaa,human_gold_iaa,,batch_ext_022,train,A2_label,train,A2_label,POS,POS,POS,0.9946
batch_077,65.787,65.787_c1,gia ca phai chang,gia ca phai chang,resplit_llm,POS,False,False,True,False,high,False,True,True,human_gold_iaa,A5_price,none,value,False,none,A5_price,none,value,False,none,human_gold_iaa,human_gold_iaa,human_gold_iaa,human_gold_iaa,human_gold_iaa,,batch_ext_036,train,A5_price,train,A5_price,POS,NEU,NEU,0.9901
batch_077,65.787,65.787_c2,chat luong đỉnh của chop nha,chat luong đỉnh của chop nha,resplit_llm,POS,False,False,True,False,high,False,True,False,llm_extended,A1_product,none,product,False,none,A1_product,none,product,False,none,llm_extended,llm_extended,llm_extended,llm_extended,llm_extended,,batch_ext_062,train,A1_product,train,A1_product,POS,POS,POS,0.9996
batch_077,67.1058,67.1058_c1,"ăn dai dai như thạch rau câu,","ăn dai dai như thạch rau câu,",resplit_llm,POS,False,False,True,False,high,False,True,False,llm_extended,A1_product,none,product,False,none,A1_product,none,product,False,none,llm_extended,llm_extended,llm_extended,llm_extended,llm_extended,,batch_ext_030,train,A1_product,train,A1_product,POS,NEG,NEG,0.9942
batch_077,67.1058,67.1058_c2,"ai giảm cân nên ăn,","ai giảm cân nên ăn,",resplit_llm,POS,False,False,True,False,high,False,True,False,llm_extended,A1_product,none,product,False,wishful,A1_product,none,product,False,wishful,llm_extended,llm_extended,llm_extended,llm_extended,llm_extended,,batch_ext_078,train,A1_product,train,A1_product,POS,POS,POS,0.8828
batch_077,67.1058,67.1058_c3,"nấu bún, xào, trộn đều được","nấu bún, xào, trộn đều được",resplit_llm,POS,False,False,True,False,high,False,True,True,human_gold_iaa,A1_product,none,product,False,none,A1_product,none,product,False,none,human_gold_iaa,human_gold_iaa,human_gold_iaa,human_gold_iaa,human_gold_iaa,,batch_ext_093,train,A1_product,train,A1_product,POS,POS,POS,0.9098
batch_077,67.1369,67.1369_c2,vừa ít calo,vừa ít calo,resplit_llm,POS,False,False,True,False,high,False,True,True,human_gold_iaa_override,A1_product,none,product,False,none,A1_product,none,product,True,none,human_gold_iaa,human_gold_iaa,human_gold_iaa,human_gold_iaa,human_gold_iaa,,batch_ext_012,train,A1_product,train,A1_product,POS,POS,POS,0.9992
batch_077,67.1369,67.1369_c3,vừa dễ ăn,vừa dễ ăn,resplit_llm,POS,False,False,True,False,high,False,True,False,llm_extended,A1_product,none,product,False,none,A1_product,none,product,False,none,llm_extended,llm_extended,llm_extended,llm_extended,llm_extended,,batch_ext_034,train,A1_product,train,A1_product,POS,POS,POS,0.9997
batch_077,67.1369,67.1369_c4,mỗi lần ăn mì nưa thì mình lại ăn được nhiều thức ăn hơn,mỗi lần ăn mì nưa thì mình lại ăn được nhiều thức ăn hơn,resplit_llm,POS,False,False,True,False,high,False,True,False,llm_extended,A1_product,none,product,False,none,A1_product,none,product,False,none,llm_extended,llm_extended,llm_extended,llm_extended,llm_extended,,batch_ext_059,train,A1_product,train,A1_product,POS,POS,POS,0.9937
batch_078,67.1575,67.1575_c1,hàng đầy đủ,hàng đầy đủ,resplit_llm,POS,False,False,True,False,high,False,True,False,llm_extended,A1_product,none,product,False,none,A1_product,none,product,False,none,llm_extended,llm_extended,llm_extended,llm_extended,llm_extended,,batch_ext_050,train,A3_logistics,train,A1_product,POS,POS,POS,0.9988
batch_078,67.1575,67.1575_c2,đúng chủng loại,đúng chủng loại,resplit_llm,POS,False,False,True,False,high,False,True,False,llm_extended,A1_product,none,product,False,none,A1_product,none,product,False,none,llm_extended,llm_extended,llm_extended,llm_extended,llm_extended,,batch_ext_031,train,A1_product,train,A1_product,POS,POS,POS,0.9985
batch_078,67.1615,67.1615_c1,1 gói 240g nặng nước,1 gói 240g nặng nước,resplit_llm,NEU,False,False,True,False,high,False,True,False,llm_extended,A1_product,none,none,False,none,A1_product,none,none,False,none,llm_extended,llm_extended,llm_extended,llm_extended,llm_extended,,batch_ext_005,train,A1_product,train,A1_product,NEU,NEG,NEG,0.9905
batch_078,67.1615,67.1615_c2,số lượng mì phù hợp cho 1 người ăn 1 bữa,số lượng mì phù hợp cho 1 người ăn 1 bữa,resplit_llm,POS,False,False,True,False,high,False,True,True,human_gold_iaa_override,A3_logistics,none,product,False,none,A1_product,none,product,False,none,human_gold_iaa,human_gold_iaa,human_gold_iaa,human_gold_iaa,human_gold_iaa,,batch_ext_010,train,A1_product,train,A1_product,POS,NEU,NEU,0.9765
batch_078,67.183,67.183_c1,món dễ ăn,món dễ ăn,resplit_llm,POS,False,False,True,False,high,False,True,False,llm_extended,A1_product,none,product,False,none,A1_product,none,product,False,none,llm_extended,llm_extended,llm_extended,llm_extended,llm_extended,,batch_ext_098,train,A1_product,train,A1_product,POS,POS,POS,0.9996
batch_078,67.183,67.183_c2,dễ làm,dễ làm,resplit_llm,POS,False,False,True,False,high,False,True,False,llm_extended,A1_product,none,product,False,none,A1_product,none,product,False,none,llm_extended,llm_extended,llm_extended,llm_extended,llm_extended,,batch_ext_106,train,A1_product,train,A1_product,POS,POS,POS,0.9996
batch_078,67.2059,67.2059_c1,hàng đã mua nhiều lần,hàng đã mua nhiều lần,resplit_llm,POS,False,False,True,False,high,False,True,False,llm_extended,A1_product,none,product,False,none,A1_product,none,product,False,none,llm_extended,llm_extended,llm_extended,llm_extended,llm_extended,,batch_ext_007,train,A1_product,train,A1_product,POS,POS,POS,0.9985
batch_078,67.2059,67.2059_c2,lần này vẫn đủ số lượng,lần này vẫn đủ số lượng,resplit_llm,POS,False,False,True,False,high,False,True,False,llm_extended,A1_product,none,product,False,none,A1_product,none,product,False,none,llm_extended,llm_extended,llm_extended,llm_extended,llm_extended,,batch_ext_083,train,A1_product,train,A1_product,POS,POS,POS,0.9994
batch_080,67.2528,67.2528_c1,"hương vị:hăng, đậm vị hoá học, khó uống lắm","hương vị:hăng, đậm vị hoá học, khó uống lắm",resplit_llm,NEG,False,False,True,False,high,False,True,False,llm_extended,A1_product,moderate,none,False,none,A1_product,moderate,none,False,none,llm_extended,llm_extended,llm_extended,llm_extended,llm_extended,,batch_ext_059,train,A1_product,train,A1_product,NEG,NEG,NEG,0.9934
batch_080,67.2529,67.2529_c1,hangg đúng với mô tả,hangg đúng với mô tả,kept_43b,POS,False,False,True,False,high,False,True,False,llm_extended,A2_label,none,product,False,none,A2_label,none,product,False,none,llm_extended,llm_extended,llm_extended,llm_extended,llm_extended,,batch_ext_031,train,A2_label,train,A2_label,POS,POS,POS,0.9986
batch_080,67.2575,67.2575_c1,hàng okelaa,hàng okelaa,resplit_llm,POS,False,False,True,False,high,False,True,False,llm_extended,A1_product,none,product,False,none,A1_product,none,product,False,none,llm_extended,llm_extended,llm_extended,llm_extended,llm_extended,,batch_ext_112,train,A1_product,train,A1_product,POS,POS,POS,0.9997
batch_080,67.2575,67.2575_c2,lần sau sẽ mua tiếpp,lần sau sẽ mua tiếpp,resplit_llm,POS,False,False,True,False,high,False,True,False,llm_extended,A1_product,none,product,False,wishful,A1_product,none,product,False,wishful,llm_extended,llm_extended,llm_extended,llm_extended,llm_extended,,batch_ext_049,train,A1_product,train,A1_product,POS,POS,POS,0.9997
batch_080,67.2677,67.2677_c1,"lần đầu ăn mấy loại này, mong sẽ giảm được cân ăn tết, mục tiêu là 43 cân","lần đầu ăn mấy loại này, mong sẽ giảm được cân ăn tết, mục tiêu là 43 cân",kept_43b,NEU,False,False,True,False,high,False,True,False,llm_extended,A1_product,none,none,False,wishful,A1_product,none,none,False,wishful,llm_extended,llm_extended,llm_extended,llm_extended,llm_extended,,batch_ext_067,train,A1_product,train,A1_product,NEU,POS,POS,0.8636
batch_084,68.841,68.841_c1,mình rất ít khi review nhưng nay phải thực sự lên tiếng vì hàng không như quảng cáo,mình rất ít khi review nhưng nay phải thực sự lên tiếng vì hàng không như quảng cáo,merged_llm,NEG,False,False,True,False,high,False,True,False,llm_extended,A2_label,moderate,none,False,none,A2_label,moderate,none,False,none,llm_extended,llm_extended,llm_extended,llm_extended,llm_extended,,batch_ext_058,train,A2_label,train,A2_label,NEG,NEG,NEG,0.9995
batch_084,68.841,68.841_c2,công ty onfod còn sai chính tả nữa thật hối hận khi mua shop này nhưng bán hàng của công ty khác nhãn hiệu khác,công ty onfod còn sai chính tả nữa thật hối hận khi mua shop này nhưng bán hàng của công ty khác nhãn hiệu khác,merged_llm,NEG,False,False,True,False,high,False,True,False,llm_extended,A4_service,moderate,none,False,softener,A4_service,moderate,none,False,softener,llm_extended,llm_extended,llm_extended,llm_extended,llm_extended,,batch_ext_052,train,A4_service,train,A4_service,NEG,NEG,NEG,0.9987
batch_084,68.841,68.841_c3,"hàng dong gói thủ công, bao bì túi bóng trắng sơ sài","hàng dong gói thủ công, bao bì túi bóng trắng sơ sài",resplit_llm,NEG,False,False,True,False,high,False,True,False,llm_extended,A2_label,moderate,none,False,none,A2_label,moderate,none,False,none,llm_extended,llm_extended,llm_extended,llm_extended,llm_extended,,batch_ext_062,train,A2_label,train,A2_label,NEG,NEG,NEG,0.9995
batch_084,68.841,68.841_c4,"mua 3 gói thì 2 gói có 11 gói nhỏ, 1 gói có 12 gói to, trong từng gói nhỏ có gói 2 bánh, có gói 3 bánh","mua 3 gói thì 2 gói có 11 gói nhỏ, 1 gói có 12 gói to, trong từng gói nhỏ có gói 2 bánh, có gói 3 bánh",merged_llm,NEG,False,False,True,False,high,False,True,False,llm_extended,A1_product,moderate,none,False,none,A1_product,moderate,none,False,none,llm_extended,llm_extended,llm_extended,llm_extended,llm_extended,,batch_ext_084,train,A3_logistics,train,A1_product,NEG,NEU,NEU,0.882
batch_084,68.841,68.841_c5,"hương vị thì không ngon, rong biển đắng ngắt","hương vị thì không ngon, rong biển đắng ngắt",kept_43b,NEG,False,False,True,False,high,False,True,True,human_gold_iaa_override,A1_product,moderate,product,True,none,A1_product,moderate,product,False,none,human_gold_iaa,human_gold_iaa,human_gold_iaa,human_gold_iaa,human_gold_iaa,,batch_ext_055,train,A1_product,train,A1_product,NEG,NEG,NEG,0.9992
batch_084,68.841,68.841_c6,quảng cáo là hàng hữu cơ đạt tiêu chuẩn nhưng chắc chắn không phải,quảng cáo là hàng hữu cơ đạt tiêu chuẩn nhưng chắc chắn không phải,merged_llm,NEG,False,False,True,False,high,True,True,True,human_gold_iaa_override,A5_price,moderate,none,True,softener,A2_label,moderate,none,True,softener,human_gold_iaa,human_gold_iaa,human_gold_iaa,human_gold_iaa,human_gold_iaa,quảng cáo là hàng hữu cơ đạt tiêu chuẩn nhưng chắc chắn không phải,batch_ext_097,train,A2_label,train,A2_label,NEG,NEG,NEG,0.7344
batch_085,69.1181,69.1181_c2,giao cũng nhanh,giao cũng nhanh,kept_43b,POS,False,False,True,False,high,False,True,False,llm_extended,A3_logistics,moderate,logistics,False,softener,A3_logistics,moderate,logistics,False,softener,llm_extended,llm_extended,llm_extended,llm_extended,llm_extended,,batch_ext_086,train,A3_logistics,train,A3_logistics,POS,POS,POS,0.9997
batch_085,69.1181,69.1181_c3,đóng gói cẩn thận,đóng gói cẩn thận,kept_43b,POS,False,False,True,False,high,False,True,False,llm_extended,A3_logistics,none,logistics,False,none,A3_logistics,none,logistics,False,none,llm_extended,llm_extended,llm_extended,llm_extended,llm_extended,,batch_ext_048,train,A3_logistics,train,A3_logistics,POS,POS,POS,0.9994
batch_085,69.1181,69.1181_c4,đúng hàng,đúng hàng,kept_43b,POS,False,False,True,False,high,False,True,False,llm_extended,A1_product,none,product,False,none,A1_product,none,product,False,none,llm_extended,llm_extended,llm_extended,llm_extended,llm_extended,,batch_ext_023,train,A1_product,train,A1_product,POS,POS,POS,0.999
batch_085,69.1181,69.1181_c5,sử dụng ok mình sẽ ủng hộ tiếp EMOJI_POS EMOJI_POS...,sử dụng ok mình sẽ ủng hộ tiếp emoji_pos emoji_pos...,kept_43b,POS,False,False,True,False,high,False,True,False,llm_extended,A1_product,none,product,False,none,A1_product,none,product,False,none,llm_extended,llm_extended,llm_extended,llm_extended,llm_extended,,batch_ext_111,train,A1_product,train,A1_product,POS,POS,POS,0.9993
batch_085,69.141,69.141_c1,hương vị:dễ uống,hương vị:dễ uống,resplit_llm,POS,False,False,True,False,high,True,True,False,llm_extended,A1_product,none,product,False,none,A1_product,none,product,False,none,llm_extended,llm_extended,llm_extended,llm_extended,llm_extended,,batch_ext_059,train,A1_product,train,A1_product,POS,POS,POS,0.9983
batch_085,69.141,69.141_c3,"trong quá trình dùng, có xuất hiện nhiều mụn nhỏ trong khoảng 1 tuần","trong quá trình dùng, có xuất hiện nhiều mụn nhỏ trong khoảng 1 tuần",kept_43b,NEG,False,False,True,False,high,True,True,False,llm_extended,A1_product,moderate,none,False,none,A1_product,moderate,none,False,none,llm_extended,llm_extended,llm_extended,llm_extended,llm_extended,,batch_ext_022,train,A1_product,train,A1_product,NEG,NEG,NEG,0.9989
batch_085,69.141,69.141_c5,cơ thể vẫn bị táo bón và đầy hơi,cơ thể vẫn bị táo bón và đầy hơi,resplit_llm,NEG,False,False,True,False,high,True,True,False,llm_extended,A1_product,moderate,none,False,softener,A1_product,moderate,none,False,softener,llm_extended,llm_extended,llm_extended,llm_extended,llm_extended,,batch_ext_115,train,A1_product,train,A1_product,NEG,NEG,NEG,0.995
batch_085,69.141,69.141_c6,chưa thấy hiệu quả giảm cân tăng 1 không,chưa thấy hiệu quả giảm cân tăng 1 không,resplit_llm,NEG,False,False,True,False,high,True,True,False,llm_extended,A4_service,moderate,none,False,none,A4_service,moderate,none,False,none,llm_extended,llm_extended,llm_extended,llm_extended,llm_extended,,batch_ext_031,train,A4_service,train,A4_service,NEG,NEU,NEU,0.995
batch_085,69.141,69.141_c7,không thể thay thế bữa ăn nhẹ,không thể thay thế bữa ăn nhẹ,resplit_llm,NEG,False,False,True,False,high,True,True,False,llm_extended,A1_product,moderate,none,False,none,A1_product,moderate,none,False,none,llm_extended,llm_extended,llm_extended,llm_extended,llm_extended,,batch_ext_091,train,A1_product,train,A1_product,NEG,NEG,NEG,0.9889
batch_085,69.141,69.141_c8,chỉ giúp chống đói tạm thời trong khoảng 30 phút,chỉ giúp chống đói tạm thời trong khoảng 30 phút,resplit_llm,NEU,False,False,True,False,high,True,True,False,llm_extended,A1_product,mild,none,False,softener,A1_product,mild,none,False,softener,llm_extended,llm_extended,llm_extended,llm_extended,llm_extended,,batch_ext_066,train,A1_product,train,A1_product,NEU,NEG,NEG,0.8922
batch_085,69.141,69.141_c9,lưu ý: cần khuấy đều khi pha để tránh vón cục sản phẩm cực dễ vón,lưu ý: cần khuấy đều khi pha để tránh vón cục sản phẩm cực dễ vón,resplit_llm,NEG,False,False,True,False,high,True,True,False,llm_extended,A1_product,moderate,none,False,none,A1_product,moderate,none,False,none,llm_extended,llm_extended,llm_extended,llm_extended,llm_extended,,batch_ext_051,train,A1_product,train,A1_product,NEG,NEU,NEU,0.6088
batch_085,69.141,69.141_c10,hạt không nở đều,hạt không nở đều,resplit_llm,NEG,False,False,True,False,high,True,True,False,llm_extended,A1_product,moderate,none,False,none,A1_product,moderate,none,False,none,llm_extended,llm_extended,llm_extended,llm_extended,llm_extended,,batch_ext_068,train,A1_product,train,A1_product,NEG,NEG,NEG,0.9956
batch_085,69.141,69.141_c12,"có hiện tương mọc mầm hạt chia chưa được sấy kĩ ,hàng kém","có hiện tương mọc mầm hạt chia chưa được sấy kĩ ,hàng kém",resplit_llm,NEG,False,False,True,False,high,True,True,True,human_gold_iaa,A1_product,strong,none,False,none,A1_product,strong,none,False,none,human_gold_iaa,human_gold_iaa,human_gold_iaa,human_gold_iaa,human_gold_iaa,,batch_ext_060,train,A1_product,train,A1_product,NEG,NEG,NEG,0.9996
batch_085,69.17,69.17_c1,mua nhiều lần rồi,mua nhiều lần rồi,kept_43b,POS,False,False,True,False,high,True,True,False,llm_extended,A1_product,none,product,False,none,A1_product,none,product,False,none,llm_extended,llm_extended,llm_extended,llm_extended,llm_extended,,batch_ext_109,train,A1_product,train,A1_product,POS,POS,POS,0.9992
batch_085,69.17,69.17_c2,shop giao hàng rất tốt,shop giao hàng rất tốt,kept_43b,POS,False,False,True,False,high,True,True,False,llm_extended,A3_logistics,none,product,False,none,A3_logistics,none,product,False,none,llm_extended,llm_extended,llm_extended,llm_extended,llm_extended,,batch_ext_076,train,A3_logistics,train,A3_logistics,POS,POS,POS,0.9996
batch_085,69.17,69.17_c3,hạt nở đều,hạt nở đều,kept_43b,POS,False,False,True,False,high,True,True,True,human_gold_iaa,A1_product,none,product,False,none,A1_product,none,product,False,none,human_gold_iaa,human_gold_iaa,human_gold_iaa,human_gold_iaa,human_gold_iaa,,batch_ext_039,train,A1_product,train,A1_product,POS,POS,POS,0.9956
batch_085,69.17,69.17_c4,pha với nhiều loại bột uống giảm cân đẹp da,pha với nhiều loại bột uống giảm cân đẹp da,kept_43b,NEU,False,False,True,False,high,True,True,False,llm_extended,A1_product,none,product,False,none,A1_product,none,product,False,none,llm_extended,llm_extended,llm_extended,llm_extended,llm_extended,,batch_ext_008,train,A1_product,train,A1_product,NEU,POS,POS,0.9997
batch_085,69.17,69.17_c5,yaour sinh tố rau trộn cần tây đều có thể bỏ vào,yaour sinh tố rau trộn cần tây đều có thể bỏ vào,kept_43b,NEU,False,False,True,False,high,True,True,False,llm_extended,A1_product,none,none,False,none,A1_product,none,none,False,none,llm_extended,llm_extended,llm_extended,llm_extended,llm_extended,,batch_ext_013,train,A1_product,train,A1_product,NEU,POS,POS,0.9996
batch_085,69.17,69.17_c6,tiện lợi,tiện lợi,kept_43b,POS,False,False,True,False,high,True,True,False,llm_extended,A5_price,moderate,value,False,none,A5_price,moderate,value,False,none,llm_extended,llm_extended,llm_extended,llm_extended,llm_extended,,batch_ext_111,train,A5_price,train,A5_price,POS,POS,POS,0.9996
batch_085,69.17,69.17_c7,dễ pha,dễ pha,kept_43b,POS,False,False,True,False,high,True,True,True,human_gold_iaa,A1_product,none,product,False,none,A1_product,none,product,False,none,human_gold_iaa,human_gold_iaa,human_gold_iaa,human_gold_iaa,human_gold_iaa,,batch_ext_067,train,A1_product,train,A1_product,POS,POS,POS,0.9989
batch_085,69.17,69.17_c8,uống ngon,uống ngon,kept_43b,POS,False,False,True,False,high,True,True,False,llm_extended,A1_product,none,product,False,none,A1_product,none,product,False,none,llm_extended,llm_extended,llm_extended,llm_extended,llm_extended,,batch_ext_103,train,A1_product,train,A1_product,POS,POS,POS,0.9994
batch_085,69.17,69.17_c9,nhanh gọn lẹ,nhanh gọn lẹ,kept_43b,POS,False,False,True,False,high,True,True,False,llm_extended,A1_product,none,product,False,none,A1_product,none,product,False,none,llm_extended,llm_extended,llm_extended,llm_extended,llm_extended,,batch_ext_014,train,A1_product,train,A1_product,POS,POS,POS,0.9808
batch_085,69.1764,69.1764_c1,gói hàng kĩ lắm luôn,gói hàng kĩ lắm luôn,resplit_llm,POS,False,False,True,False,high,False,True,False,llm_extended,A3_logistics,none,product,False,none,A3_logistics,none,product,False,none,llm_extended,llm_extended,llm_extended,llm_extended,llm_extended,,batch_ext_026,train,A3_logistics,train,A3_logistics,POS,POS,POS,0.9998
batch_085,69.1764,69.1764_c2,nên mua nhe mọi ngườii ơii,nên mua nhe mọi ngườii ơii,resplit_llm,POS,False,False,True,False,high,False,True,False,llm_extended,A1_product,none,product,False,wishful,A1_product,none,product,False,wishful,llm_extended,llm_extended,llm_extended,llm_extended,llm_extended,,batch_ext_054,train,A1_product,train,A1_product,POS,POS,POS,0.9998
batch_086,69.2205,69.2205_c1,"nở cũng nhanh ghê ,","nở cũng nhanh ghê ,",resplit_llm,POS,False,False,True,False,high,False,True,False,llm_extended,A1_product,moderate,product,False,softener,A1_product,moderate,product,False,softener,llm_extended,llm_extended,llm_extended,llm_extended,llm_extended,,batch_ext_030,train,A1_product,train,A1_product,POS,POS,POS,0.9517
batch_086,69.2205,69.2205_c2,"được nhaa,","được nhaa,",resplit_llm,POS,False,False,True,False,high,False,True,False,llm_extended,A1_product,none,product,False,none,A1_product,none,product,False,none,llm_extended,llm_extended,llm_extended,llm_extended,llm_extended,,batch_ext_077,train,A1_product,train,A1_product,POS,POS,POS,0.9983
batch_086,69.2205,69.2205_c3,ngâm ấm thì nở nhanh á 15p nở nhìu ruig,ngâm ấm thì nở nhanh á 15p nở nhìu ruig,resplit_llm,POS,False,False,True,False,high,False,True,False,llm_extended,A1_product,none,product,False,none,A1_product,none,product,False,none,llm_extended,llm_extended,llm_extended,llm_extended,llm_extended,,batch_ext_071,train,A1_product,train,A1_product,POS,POS,POS,0.7895
batch_087,69.2721,69.2721_c2,hương vị:ko có,hương vị:ko có,resplit_llm,NEG,False,False,True,True,low,True,True,False,llm_extended_tier1,A1_product,moderate,none,False,none,A1_product,moderate,none,False,none,llm_extended_tier1,llm_extended_tier1,llm_extended_tier1,llm_extended_tier1,llm_extended_tier1,,batch_ext_001,train,A1_product,train,A1_product,NEG,NEU,NEU,0.9716
batch_087,69.2848,69.2848_c2,đúng mẫu và đúng sản phẩm đã đặt,đúng mẫu và đúng sản phẩm đã đặt,resplit_llm,POS,False,False,True,False,high,False,True,False,llm_extended,A5_price,moderate,value,False,none,A5_price,moderate,value,False,none,llm_extended,llm_extended,llm_extended,llm_extended,llm_extended,,batch_ext_109,train,A5_price,train,A5_price,POS,POS,POS,0.9996
batch_087,69.599,69.599_c2,shop giao hàng rất tốt,shop giao hàng rất tốt,kept_43b,POS,False,False,True,False,high,False,True,True,human_gold_iaa_override,A3_logistics,none,product,False,none,A3_logistics,none,logistics,False,none,human_gold_iaa,human_gold_iaa,human_gold_iaa,human_gold_iaa,human_gold_iaa,,batch_ext_103,train,A3_logistics,train,A3_logistics,POS,POS,POS,0.9996
batch_087,69.599,69.599_c3,hạt nở đều,hạt nở đều,kept_43b,POS,False,False,True,False,high,False,True,False,llm_extended,A1_product,none,product,False,none,A1_product,none,product,False,none,llm_extended,llm_extended,llm_extended,llm_extended,llm_extended,,batch_ext_040,train,A1_product,train,A1_product,POS,POS,POS,0.9956
batch_087,69.599,69.599_c4,pha với nhiều loại bột uống giảm cân đẹp da,pha với nhiều loại bột uống giảm cân đẹp da,kept_43b,POS,False,False,True,False,high,False,True,True,human_gold_iaa_override,A1_product,none,product,False,none,A1_product,none,product,True,none,human_gold_iaa,human_gold_iaa,human_gold_iaa,human_gold_iaa,human_gold_iaa,,batch_ext_003,train,A1_product,train,A1_product,POS,POS,POS,0.9997
batch_087,69.599,69.599_c5,yaour sinh tố rau trộn cần tây đều có thể bỏ vào,yaour sinh tố rau trộn cần tây đều có thể bỏ vào,kept_43b,POS,False,False,True,False,high,False,True,False,llm_extended,A1_product,none,product,False,none,A1_product,none,product,False,none,llm_extended,llm_extended,llm_extended,llm_extended,llm_extended,,batch_ext_051,train,A1_product,train,A1_product,POS,POS,POS,0.9996
batch_087,69.599,69.599_c6,tiện lợi dễ pha,tiện lợi dễ pha,merged_llm,POS,False,False,True,False,high,False,True,False,llm_extended,A5_price,moderate,value,False,none,A5_price,moderate,value,False,none,llm_extended,llm_extended,llm_extended,llm_extended,llm_extended,,batch_ext_110,train,A5_price,train,A5_price,POS,POS,POS,0.9997
batch_087,69.599,69.599_c7,uống ngon nhanh gọn lẹ,uống ngon nhanh gọn lẹ,merged_llm,POS,False,False,True,False,high,False,True,False,llm_extended,A1_product,none,product,False,none,A1_product,none,product,False,none,llm_extended,llm_extended,llm_extended,llm_extended,llm_extended,,batch_ext_016,train,A1_product,train,A1_product,POS,POS,POS,0.9996
batch_087,69.657,69.657_c1,hương vị:good,hương vị:good,resplit_llm,POS,False,False,True,False,high,False,True,True,human_gold_iaa,A1_product,none,product,False,none,A1_product,none,product,False,none,human_gold_iaa,human_gold_iaa,human_gold_iaa,human_gold_iaa,human_gold_iaa,,batch_ext_083,train,A1_product,train,A1_product,POS,NEU,NEU,0.9125
batch_087,69.657,69.657_c2,great product and price,great product and price,resplit_llm,POS,False,False,True,False,high,False,True,False,llm_extended,A1_product,none,product,False,none,A1_product,none,product,False,none,llm_extended,llm_extended,llm_extended,llm_extended,llm_extended,,batch_ext_026,train,A1_product,train,A1_product,POS,NEU,NEU,0.9993
batch_087,69.657,69.657_c3,super fast shipping,super fast shipping,resplit_llm,POS,False,False,True,False,high,False,True,False,llm_extended,A1_product,none,product,False,none,A1_product,none,product,False,none,llm_extended,llm_extended,llm_extended,llm_extended,llm_extended,,batch_ext_109,train,A1_product,train,A1_product,POS,NEU,NEU,0.9993
batch_087,69.87,69.87_c1,bao bì mẫu mã:đẹp,bao bì mẫu mã:đẹp,kept_43b,POS,False,False,True,False,high,True,True,False,llm_extended,A2_label,moderate,product,False,none,A2_label,moderate,product,False,none,llm_extended,llm_extended,llm_extended,llm_extended,llm_extended,,batch_ext_089,train,A2_label,train,A2_label,POS,POS,POS,0.8707
batch_087,69.87,69.87_c3,hương vị:thơm ngon,hương vị:thơm ngon,resplit_llm,POS,False,False,True,False,high,True,True,False,llm_extended,A1_product,none,product,False,none,A1_product,none,product,False,none,llm_extended,llm_extended,llm_extended,llm_extended,llm_extended,,batch_ext_025,train,A1_product,train,A1_product,POS,POS,POS,0.9985
batch_087,69.87,69.87_c4,hạt chia dùng tốt,hạt chia dùng tốt,resplit_llm,POS,False,False,True,False,high,True,True,False,llm_extended,A1_product,none,product,False,none,A1_product,none,product,False,none,llm_extended,llm_extended,llm_extended,llm_extended,llm_extended,,batch_ext_010,train,A1_product,train,A1_product,POS,POS,POS,0.9995
batch_087,69.87,69.87_c5,không hạt lép,không hạt lép,resplit_llm,POS,False,False,True,False,high,True,True,False,llm_extended,A1_product,none,product,False,none,A1_product,none,product,False,none,llm_extended,llm_extended,llm_extended,llm_extended,llm_extended,,batch_ext_052,train,A1_product,train,A1_product,POS,NEU,NEU,0.7573
batch_087,69.87,69.87_c6,date xa,date xa,kept_43b,POS,False,False,True,False,high,True,True,False,llm_extended,A2_label,none,product,False,none,A2_label,none,product,False,none,llm_extended,llm_extended,llm_extended,llm_extended,llm_extended,,batch_ext_087,train,A2_label,train,A2_label,POS,POS,POS,0.9986
batch_087,69.87,69.87_c7,đủ trọng lượng,đủ trọng lượng,kept_43b,POS,False,False,True,False,high,True,True,False,llm_extended,A1_product,none,product,False,none,A1_product,none,product,False,none,llm_extended,llm_extended,llm_extended,llm_extended,llm_extended,,batch_ext_037,train,A1_product,train,A1_product,POS,POS,POS,0.9885
batch_087,69.87,69.87_c8,hàng ship nhanh,hàng ship nhanh,kept_43b,POS,False,False,True,False,high,True,True,False,llm_extended,A3_logistics,none,logistics,False,none,A3_logistics,none,logistics,False,none,llm_extended,llm_extended,llm_extended,llm_extended,llm_extended,,batch_ext_076,train,A3_logistics,train,A3_logistics,POS,POS,POS,0.9997
batch_087,69.87,69.87_c9,shipper nhiet tình,shipper nhiet tình,kept_43b,POS,False,False,True,False,high,True,True,False,llm_extended,A4_service,none,service,False,none,A4_service,none,service,False,none,llm_extended,llm_extended,llm_extended,llm_extended,llm_extended,,batch_ext_052,train,A4_service,train,A4_service,POS,POS,POS,0.9997
batch_087,69.87,69.87_c10,shop phục vụ chu đáo,shop phục vụ chu đáo,kept_43b,POS,False,False,True,False,high,True,True,False,llm_extended,A4_service,none,service,False,none,A4_service,none,service,False,none,llm_extended,llm_extended,llm_extended,llm_extended,llm_extended,,batch_ext_008,train,A4_service,train,A4_service,POS,POS,POS,0.9993
batch_089,70.1007,70.1007_c1,hàng về đầy đủ,hàng về đầy đủ,resplit_llm,POS,False,False,True,False,high,False,True,False,llm_extended,A3_logistics,none,product,False,none,A3_logistics,none,product,False,none,llm_extended,llm_extended,llm_extended,llm_extended,llm_extended,,batch_ext_104,train,A3_logistics,train,A3_logistics,POS,POS,POS,0.9994
batch_089,70.1007,70.1007_c2,rong ăn cuốn lắm,rong ăn cuốn lắm,resplit_llm,POS,False,False,True,False,high,False,True,False,llm_extended,A1_product,none,product,False,none,A1_product,none,product,False,none,llm_extended,llm_extended,llm_extended,llm_extended,llm_extended,,batch_ext_062,train,A1_product,train,A1_product,POS,POS,POS,0.9996
batch_090,70.1013,70.1013_c1,hương vị:thơm thơm của shop thôi chứ thực ra là chưa sử dụng lên là chưa vị ngon ngọt đến đâu shop ạ,hương vị:thơm thơm của shop thôi chứ thực ra là chưa sử dụng lên là chưa vị ngon ngọt đến đâu shop ạ,merged_llm,NEU,False,False,True,False,medium,True,True,False,llm_extended,A4_service,mild,service,False,none,A4_service,mild,service,False,none,llm_extended,llm_extended,llm_extended,llm_extended,llm_extended,,batch_ext_034,train,A4_service,train,A4_service,NEU,NEU,NEU,0.9923
batch_090,70.1013,70.1013_c2,bao bì mẫu mã:gần giống như trong hình,bao bì mẫu mã:gần giống như trong hình,resplit_llm,NEU,False,False,True,False,high,False,True,False,llm_extended,A2_label,moderate,none,False,none,A2_label,moderate,none,False,none,llm_extended,llm_extended,llm_extended,llm_extended,llm_extended,,batch_ext_041,train,A2_label,train,A2_label,NEU,POS,POS,0.9886
batch_090,70.1045,70.1045_c2,gói nhỏ mà nỡ ra nhiều lắm luôn.,gói nhỏ mà nỡ ra nhiều lắm luôn.,resplit_llm,POS,False,False,True,False,high,False,True,False,llm_extended,A1_product,none,product,False,none,A1_product,none,product,False,none,llm_extended,llm_extended,llm_extended,llm_extended,llm_extended,,batch_ext_054,train,A1_product,train,A1_product,POS,NEU,NEU,0.8059
batch_090,70.1236,70.1236_c1,hàng đúng yêu cầu,hàng đúng yêu cầu,resplit_llm,POS,False,False,True,False,high,False,True,False,llm_extended,A1_product,none,product,False,none,A1_product,none,product,False,none,llm_extended,llm_extended,llm_extended,llm_extended,llm_extended,,batch_ext_017,train,A1_product,train,A1_product,POS,POS,POS,0.9979
batch_090,70.1236,70.1236_c2,shipper thân thiện dễ thương ạaa,shipper thân thiện dễ thương ạaa,resplit_llm,POS,False,False,True,False,high,False,True,False,llm_extended,A1_product,none,service,False,none,A1_product,none,service,False,none,llm_extended,llm_extended,llm_extended,llm_extended,llm_extended,,batch_ext_067,train,A1_product,train,A1_product,POS,POS,POS,0.9998
batch_090,70.128,70.128_c1,"hương vị:cũng được ăn thấy cũng bình thường,","hương vị:cũng được ăn thấy cũng bình thường,",resplit_llm,NEU,False,False,True,False,high,False,True,False,llm_extended,A1_product,moderate,none,False,softener,A1_product,moderate,none,False,softener,llm_extended,llm_extended,llm_extended,llm_extended,llm_extended,,batch_ext_052,train,A1_product,train,A1_product,NEU,NEU,NEU,0.9772
batch_090,70.128,70.128_c2,được cái bảo quản ăn dần lâu,được cái bảo quản ăn dần lâu,resplit_llm,POS,False,False,True,False,high,False,True,False,llm_extended,A1_product,moderate,product,False,none,A1_product,moderate,product,False,none,llm_extended,llm_extended,llm_extended,llm_extended,llm_extended,,batch_ext_025,train,A1_product,train,A1_product,POS,POS,POS,0.9981
batch_091,70.2,70.2_c1,đủ số lượng,đủ số lượng,resplit_llm,POS,False,False,True,False,high,False,True,False,llm_extended,A1_product,none,product,False,none,A1_product,none,product,False,none,llm_extended,llm_extended,llm_extended,llm_extended,llm_extended,,batch_ext_062,train,A1_product,train,A1_product,POS,POS,POS,0.999
batch_091,70.2,70.2_c2,mà ăn cứ lạ miệng kiểu gì á,mà ăn cứ lạ miệng kiểu gì á,resplit_llm,NEG,False,False,True,False,high,False,True,False,llm_extended,A1_product,moderate,none,False,none,A1_product,moderate,none,False,none,llm_extended,llm_extended,llm_extended,llm_extended,llm_extended,,batch_ext_015,train,A1_product,train,A1_product,NEG,NEG,NEG,0.9024
batch_092,70.243,70.243_c1,nước chấm ngonn khủng khiếp,nước chấm ngonn khủng khiếp,kept_43b,POS,False,False,True,False,high,False,True,False,llm_extended,A1_product,moderate,product,False,none,A1_product,moderate,product,False,none,llm_extended,llm_extended,llm_extended,llm_extended,llm_extended,,batch_ext_043,train,A1_product,train,A1_product,POS,POS,POS,0.9995
batch_092,70.2432,70.2432_c1,1 bịch được nhiều lắm,1 bịch được nhiều lắm,kept_43b,POS,False,False,True,False,high,False,True,False,llm_extended,A1_product,none,product,False,none,A1_product,none,product,False,none,llm_extended,llm_extended,llm_extended,llm_extended,llm_extended,,batch_ext_009,train,A1_product,train,A1_product,POS,POS,POS,0.9677
batch_092,70.247,70.247_c1,lần đầu tiên ăn cũng tạm được,lần đầu tiên ăn cũng tạm được,kept_43b,NEU,False,False,True,False,high,False,True,False,llm_extended,A5_price,moderate,none,False,softener,A5_price,moderate,none,False,softener,llm_extended,llm_extended,llm_extended,llm_extended,llm_extended,,batch_ext_021,train,A5_price,train,A5_price,NEU,POS,POS,0.8929
batch_093,70.88,70.88_c1,sản phẩm đúng mô tả,sản phẩm đúng mô tả,kept_43b,POS,False,False,True,False,high,True,True,False,llm_extended,A2_label,none,product,False,none,A2_label,none,product,False,none,llm_extended,llm_extended,llm_extended,llm_extended,llm_extended,,batch_ext_008,train,A2_label,train,A2_label,POS,POS,POS,0.9971
batch_093,70.88,70.88_c2,đóng gói cẩn thận,đóng gói cẩn thận,kept_43b,POS,False,False,True,False,high,True,True,True,human_gold_iaa,A3_logistics,none,logistics,False,none,A3_logistics,none,logistics,False,none,human_gold_iaa,human_gold_iaa,human_gold_iaa,human_gold_iaa,human_gold_iaa,,batch_ext_055,train,A3_logistics,train,A3_logistics,POS,POS,POS,0.9994
batch_093,70.88,70.88_c3,giao hàng nhanh,giao hàng nhanh,kept_43b,POS,False,False,True,False,high,True,True,True,human_gold_iaa,A3_logistics,none,logistics,False,none,A3_logistics,none,logistics,False,none,human_gold_iaa,human_gold_iaa,human_gold_iaa,human_gold_iaa,human_gold_iaa,,batch_ext_085,train,A3_logistics,train,A3_logistics,POS,POS,POS,0.9997
batch_093,70.88,70.88_c4,"shop tư vấn nhiệt tình,","shop tư vấn nhiệt tình,",resplit_llm,POS,False,False,True,False,high,True,True,False,llm_extended,A4_service,none,service,False,none,A4_service,none,service,False,none,llm_extended,llm_extended,llm_extended,llm_extended,llm_extended,,batch_ext_082,train,A4_service,train,A4_service,POS,POS,POS,0.9283
batch_093,70.88,70.88_c6,"chất lượng vượt mong đợi,","chất lượng vượt mong đợi,",resplit_llm,POS,False,False,True,False,high,True,True,False,llm_extended,A1_product,none,product,False,wishful,A1_product,none,product,False,wishful,llm_extended,llm_extended,llm_extended,llm_extended,llm_extended,,batch_ext_027,train,A1_product,train,A1_product,POS,POS,POS,0.994
batch_093,70.88,70.88_c7,giá hợp lý,giá hợp lý,resplit_llm,POS,False,False,True,False,high,True,True,False,llm_extended,A5_price,none,value,False,none,A5_price,none,value,False,none,llm_extended,llm_extended,llm_extended,llm_extended,llm_extended,,batch_ext_028,train,A5_price,train,A5_price,POS,POS,POS,0.9996
batch_093,70.88,70.88_c8,"hàng chính hãng,","hàng chính hãng,",resplit_llm,POS,False,False,True,False,high,True,True,False,llm_extended,A2_label,none,product,False,none,A2_label,none,product,False,none,llm_extended,llm_extended,llm_extended,llm_extended,llm_extended,,batch_ext_001,train,A2_label,train,A2_label,POS,POS,POS,0.992
batch_093,70.88,70.88_c10,mua lần 2 rồi vẫn rất ưng,mua lần 2 rồi vẫn rất ưng,kept_43b,POS,False,False,True,False,high,True,True,False,llm_extended,A1_product,none,product,False,none,A1_product,none,product,False,none,llm_extended,llm_extended,llm_extended,llm_extended,llm_extended,,batch_ext_021,train,A1_product,train,A1_product,POS,POS,POS,0.9998
batch_093,71.1089,71.1089_c1,nui sò hữu cơ nhiều màu từ rau củ nên an tâm sử dụng cho bé nhà mình,nui sò hữu cơ nhiều màu từ rau củ nên an tâm sử dụng cho bé nhà mình,kept_43b,POS,False,False,True,False,high,False,True,True,human_gold_iaa_override,A1_product,strong,product,True,wishful,A2_label,strong,product,True,wishful,human_gold_iaa,human_gold_iaa,human_gold_iaa,human_gold_iaa,human_gold_iaa,,batch_ext_008,train,A2_label,train,A2_label,POS,POS,POS,0.9997
batch_095,71.1439,71.1439_c2,sẽ mua lại nhieu lần,sẽ mua lại nhieu lần,resplit_llm,POS,False,False,True,False,high,False,True,False,llm_extended,A1_product,none,product,False,none,A1_product,none,product,False,none,llm_extended,llm_extended,llm_extended,llm_extended,llm_extended,,batch_ext_071,train,A1_product,train,A1_product,POS,POS,POS,0.9996
batch_095,71.1573,71.1573_c1,tính ra cũng dễ ăn lắm á mọi người,tính ra cũng dễ ăn lắm á mọi người,resplit_llm,POS,False,False,True,False,high,False,True,False,llm_extended,A1_product,moderate,product,False,softener,A1_product,moderate,product,False,softener,llm_extended,llm_extended,llm_extended,llm_extended,llm_extended,,batch_ext_105,train,A1_product,train,A1_product,POS,POS,POS,0.9996
batch_095,71.1573,71.1573_c2,40g-50g khô nấu lên nhiều lắm luôn,40g-50g khô nấu lên nhiều lắm luôn,resplit_llm,POS,False,False,True,False,high,False,True,False,llm_extended,A1_product,moderate,product,False,none,A1_product,moderate,product,False,none,llm_extended,llm_extended,llm_extended,llm_extended,llm_extended,,batch_ext_026,train,A1_product,train,A1_product,POS,POS,POS,0.9996
batch_097,72.34,72.34_c1,bao bì mẫu mã:đẹp,bao bì mẫu mã:đẹp,resplit_llm,POS,False,False,True,False,high,True,True,False,llm_extended,A2_label,moderate,product,False,none,A2_label,moderate,product,False,none,llm_extended,llm_extended,llm_extended,llm_extended,llm_extended,,batch_ext_096,train,A2_label,train,A2_label,POS,POS,POS,0.8707
batch_097,72.34,72.34_c2,hương vị:không,hương vị:không,resplit_llm,NEU,False,False,True,False,high,True,True,True,human_gold_iaa_override,A1_product,none,none,False,none,A1_product,moderate,none,False,none,human_gold_iaa,human_gold_iaa,human_gold_iaa,human_gold_iaa,human_gold_iaa,,batch_ext_033,train,A1_product,train,A1_product,NEU,NEG,NEG,0.5264
batch_097,72.34,72.34_c3,giao hàng nhanh chóng,giao hàng nhanh chóng,resplit_llm,POS,False,False,True,False,high,True,True,False,llm_extended,A3_logistics,none,logistics,False,none,A3_logistics,none,logistics,False,none,llm_extended,llm_extended,llm_extended,llm_extended,llm_extended,,batch_ext_004,train,A3_logistics,train,A3_logistics,POS,POS,POS,0.9996
batch_097,72.34,72.34_c4,đóng gói cẩn thận,đóng gói cẩn thận,kept_43b,POS,False,False,True,False,high,True,True,True,human_gold_iaa,A3_logistics,none,logistics,False,none,A3_logistics,none,logistics,False,none,human_gold_iaa,human_gold_iaa,human_gold_iaa,human_gold_iaa,human_gold_iaa,,batch_ext_056,train,A3_logistics,train,A3_logistics,POS,POS,POS,0.9994
batch_097,72.34,72.34_c5,giao đủ hàng,giao đủ hàng,kept_43b,POS,False,False,True,False,high,True,True,False,llm_extended,A3_logistics,none,product,False,none,A3_logistics,none,product,False,none,llm_extended,llm_extended,llm_extended,llm_extended,llm_extended,,batch_ext_092,train,A3_logistics,train,A3_logistics,POS,POS,POS,0.9996
batch_097,72.34,72.34_c6,giá cả hợp lý,giá cả hợp lý,kept_43b,POS,False,False,True,False,high,True,True,False,llm_extended,A5_price,none,value,False,none,A5_price,none,value,False,none,llm_extended,llm_extended,llm_extended,llm_extended,llm_extended,,batch_ext_038,train,A5_price,train,A5_price,POS,POS,POS,0.9997
batch_097,72.34,72.34_c7,mua rất nhiều lần rồi,mua rất nhiều lần rồi,kept_43b,POS,False,False,True,False,high,True,True,False,llm_extended,A1_product,none,product,False,none,A1_product,none,product,False,none,llm_extended,llm_extended,llm_extended,llm_extended,llm_extended,,batch_ext_039,train,A1_product,train,A1_product,POS,POS,POS,0.9995
batch_097,72.34,72.34_c9,đa dạng mẫu mã,đa dạng mẫu mã,kept_43b,POS,False,False,True,False,high,True,True,False,llm_extended,A1_product,none,product,False,none,A1_product,none,product,False,none,llm_extended,llm_extended,llm_extended,llm_extended,llm_extended,,batch_ext_026,train,A1_product,train,A1_product,POS,POS,POS,0.9996
batch_097,72.34,72.34_c10,ngon và bổ ích cho sức khoẻ,ngon và bổ ích cho sức khoẻ,kept_43b,POS,False,False,True,False,high,True,True,False,llm_extended,A1_product,none,product,False,none,A1_product,none,product,False,none,llm_extended,llm_extended,llm_extended,llm_extended,llm_extended,,batch_ext_076,train,A1_product,train,A1_product,POS,POS,POS,0.9997
batch_097,72.39,72.39_c1,mua lại lần thứ 2 rồi,mua lại lần thứ 2 rồi,resplit_llm,POS,False,False,True,False,high,False,True,False,llm_extended,A1_product,none,product,False,none,A1_product,none,product,False,none,llm_extended,llm_extended,llm_extended,llm_extended,llm_extended,,batch_ext_091,train,A1_product,train,A1_product,POS,POS,POS,0.999
batch_097,72.529,72.529_c1,cá nhân mình thấy mấy em này hơi khó nấu cho người đầu tiên mới sử dụng,cá nhân mình thấy mấy em này hơi khó nấu cho người đầu tiên mới sử dụng,resplit_llm,NEG,False,False,True,False,high,True,True,False,llm_extended,A5_price,moderate,none,False,softener,A5_price,moderate,none,False,softener,llm_extended,llm_extended,llm_extended,llm_extended,llm_extended,,batch_ext_006,train,A5_price,train,A5_price,NEG,NEU,NEU,0.7537
batch_097,72.529,72.529_c2,nếu bạn là người muốn ăn nhanh gọn lẹ thì những em này không hợp đâu nha vì nấu và ngâm khá lâu,nếu bạn là người muốn ăn nhanh gọn lẹ thì những em này không hợp đâu nha vì nấu và ngâm khá lâu,resplit_llm,NEG,False,False,True,False,high,True,True,True,human_gold_iaa_override,A3_logistics,moderate,none,False,conditional,A1_product,moderate,none,False,conditional,human_gold_iaa,human_gold_iaa,human_gold_iaa,human_gold_iaa,human_gold_iaa,,batch_ext_075,train,A1_product,train,A1_product,NEG,NEU,NEU,0.9778
batch_097,72.529,72.529_c3,mình nấu 3 lần đến lần thứ 4 mới ăn được ẻm mà không bị sượng hay nhũn,mình nấu 3 lần đến lần thứ 4 mới ăn được ẻm mà không bị sượng hay nhũn,resplit_llm,NEG,False,False,True,False,high,True,True,False,llm_extended,A1_product,moderate,none,False,none,A1_product,moderate,none,False,none,llm_extended,llm_extended,llm_extended,llm_extended,llm_extended,,batch_ext_089,train,A1_product,train,A1_product,NEG,POS,POS,0.9989
batch_097,72.529,72.529_c5,vì ẻm tốt nè,vì ẻm tốt nè,resplit_llm,POS,False,False,True,False,high,True,True,False,llm_extended,A1_product,none,product,False,none,A1_product,none,product,False,none,llm_extended,llm_extended,llm_extended,llm_extended,llm_extended,,batch_ext_074,train,A1_product,train,A1_product,POS,POS,POS,0.9994
batch_097,72.529,72.529_c6,em này nấu lên màu sẽ không được đẹp nữa màu sẽ tan ra đó nha,em này nấu lên màu sẽ không được đẹp nữa màu sẽ tan ra đó nha,resplit_llm,NEG,False,False,True,False,high,True,True,False,llm_extended,A1_product,moderate,product,False,none,A1_product,moderate,product,False,none,llm_extended,llm_extended,llm_extended,llm_extended,llm_extended,,batch_ext_081,train,A1_product,train,A1_product,NEG,NEU,NEU,0.5473
batch_097,72.529,72.529_c7,cảm giác nấu giống nấu sợi hủ tiếu á nước nấu sẽ sệt lại nhaa,cảm giác nấu giống nấu sợi hủ tiếu á nước nấu sẽ sệt lại nhaa,resplit_llm,NEU,False,False,True,False,high,True,True,False,llm_extended,A1_product,none,none,False,none,A1_product,none,none,False,none,llm_extended,llm_extended,llm_extended,llm_extended,llm_extended,,batch_ext_062,train,A1_product,train,A1_product,NEU,POS,POS,0.9992
batch_097,72.529,72.529_c8,nhưng đóng gói đẹp và sạch sẽ nè,nhưng đóng gói đẹp và sạch sẽ nè,kept_43b,POS,False,False,True,False,high,True,True,True,human_gold_iaa_override,A3_logistics,mild,logistics,True,none,A3_logistics,mild,logistics,False,none,human_gold_iaa,human_gold_iaa,human_gold_iaa,human_gold_iaa,human_gold_iaa,,batch_ext_098,train,A3_logistics,train,A3_logistics,POS,POS,POS,0.9995
batch_098,72.72,72.72_c1,"mình mua của shop lần này là lần thứ 2, thực phẩm bên shop ngon lắm luôn, nhất là hủ tiếu","mình mua của shop lần này là lần thứ 2, thực phẩm bên shop ngon lắm luôn, nhất là hủ tiếu",merged_llm,POS,False,False,True,False,high,True,True,False,llm_extended,A4_service,moderate,service,False,none,A4_service,moderate,service,False,none,llm_extended,llm_extended,llm_extended,llm_extended,llm_extended,,batch_ext_086,train,A4_service,train,A4_service,POS,POS,POS,0.9997
batch_098,72.72,72.72_c2,mình bị ghiền lun í,mình bị ghiền lun í,resplit_llm,POS,False,False,True,False,high,True,True,False,llm_extended,A1_product,moderate,product,False,none,A1_product,moderate,product,False,none,llm_extended,llm_extended,llm_extended,llm_extended,llm_extended,,batch_ext_040,train,A1_product,train,A1_product,POS,POS,POS,0.9998
batch_098,72.72,72.72_c3,không ngờ hủ tiếu gạo lứt mà ngon đến vậy,không ngờ hủ tiếu gạo lứt mà ngon đến vậy,resplit_llm,POS,False,False,True,False,high,True,True,True,human_gold_iaa_override,A1_product,none,product,True,none,A1_product,none,product,False,none,human_gold_iaa,human_gold_iaa,human_gold_iaa,human_gold_iaa,human_gold_iaa,,batch_ext_083,train,A1_product,train,A1_product,POS,NEU,NEU,0.9995
batch_098,72.72,72.72_c4,sợi hủ tiếu dai không bị bở ạ.,sợi hủ tiếu dai không bị bở ạ.,resplit_llm,POS,False,False,True,False,high,True,True,False,llm_extended,A1_product,moderate,product,False,none,A1_product,moderate,product,False,none,llm_extended,llm_extended,llm_extended,llm_extended,llm_extended,,batch_ext_025,train,A1_product,train,A1_product,POS,POS,POS,0.9374
batch_098,72.72,72.72_c5,lần này đơn của mình bao nui bị vỡ đáy do vận chuyển,lần này đơn của mình bao nui bị vỡ đáy do vận chuyển,resplit_llm,NEG,False,False,True,False,high,True,True,True,human_gold_iaa_override,A3_logistics,strong,none,False,none,A3_logistics,moderate,none,False,none,human_gold_iaa,human_gold_iaa,human_gold_iaa,human_gold_iaa,human_gold_iaa,,batch_ext_010,train,A3_logistics,train,A3_logistics,NEG,NEG,NEG,0.9966
batch_098,72.72,72.72_c6,"mình nhắn tin lúc 11g đêm mà shop phản hồi cực nhanh, cskh cực kì tốt","mình nhắn tin lúc 11g đêm mà shop phản hồi cực nhanh, cskh cực kì tốt",resplit_llm,POS,False,False,True,False,high,True,True,False,llm_extended,A4_service,mild,service,False,softener,A4_service,mild,service,False,softener,llm_extended,llm_extended,llm_extended,llm_extended,llm_extended,,batch_ext_038,train,A4_service,train,A4_service,POS,POS,POS,0.9995
batch_098,72.72,72.72_c7,xin lỗi và hoàn tiền bao nui cho mình,xin lỗi và hoàn tiền bao nui cho mình,resplit_llm,POS,False,False,True,False,high,True,True,False,llm_extended,A5_price,moderate,value,False,none,A5_price,moderate,value,False,none,llm_extended,llm_extended,llm_extended,llm_extended,llm_extended,,batch_ext_094,train,A5_price,train,A5_price,POS,POS,POS,0.8222
batch_098,72.72,72.72_c8,lần đầu tiên mình gặp được shop có tâm đến như vậy,lần đầu tiên mình gặp được shop có tâm đến như vậy,resplit_llm,POS,False,False,True,False,high,True,True,False,llm_extended,A5_price,mild,value,False,softener,A5_price,mild,value,False,softener,llm_extended,llm_extended,llm_extended,llm_extended,llm_extended,,batch_ext_074,train,A5_price,train,A5_price,POS,POS,POS,0.9995
batch_098,72.72,72.72_c9,mình chắc chắn sẽ quay lại ủng hộ shop nữa,mình chắc chắn sẽ quay lại ủng hộ shop nữa,resplit_llm,POS,False,False,True,False,high,True,True,False,llm_extended,A4_service,none,service,False,softener,A4_service,none,service,False,softener,llm_extended,llm_extended,llm_extended,llm_extended,llm_extended,,batch_ext_115,train,A4_service,train,A4_service,POS,POS,POS,0.9996
batch_098,72.763,72.763_c2,sẽ mua lại,sẽ mua lại,resplit_llm,POS,False,False,True,False,high,False,True,False,llm_extended,A1_product,none,product,False,none,A1_product,none,product,False,none,llm_extended,llm_extended,llm_extended,llm_extended,llm_extended,,batch_ext_059,train,A1_product,train,A1_product,POS,POS,POS,0.999
batch_098,73.1014,73.1014_c1,đúng theo mô tả,đúng theo mô tả,kept_43b,NEU,False,False,True,False,high,False,True,True,human_gold_iaa_override,A2_label,none,none,False,none,A1_product,none,none,False,none,human_gold_iaa,human_gold_iaa,human_gold_iaa,human_gold_iaa,human_gold_iaa,,batch_ext_051,train,A2_label,train,A1_product,NEU,POS,POS,0.9835
batch_099,73.277,73.277_c2,the quality and taste is good,the quality and taste is good,resplit_llm,POS,False,False,True,False,high,False,True,False,llm_extended,A1_product,none,product,False,none,A1_product,none,product,False,none,llm_extended,llm_extended,llm_extended,llm_extended,llm_extended,,batch_ext_020,train,A1_product,train,A1_product,POS,NEU,NEU,0.5985
batch_099,73.444,73.444_c1,gói hàng kỹ lắm nhen,gói hàng kỹ lắm nhen,resplit_llm,POS,False,False,True,False,high,False,True,False,llm_extended,A3_logistics,none,logistics,False,none,A3_logistics,none,logistics,False,none,llm_extended,llm_extended,llm_extended,llm_extended,llm_extended,,batch_ext_013,train,A3_logistics,train,A3_logistics,POS,POS,POS,0.9997
batch_099,73.444,73.444_c2,mua nhiều lần roài dùng okelaa lắm ạ,mua nhiều lần roài dùng okelaa lắm ạ,resplit_llm,POS,False,False,True,False,high,False,True,False,llm_extended,A1_product,none,product,False,none,A1_product,none,product,False,none,llm_extended,llm_extended,llm_extended,llm_extended,llm_extended,,batch_ext_024,train,A1_product,train,A1_product,POS,POS,POS,0.9997
batch_099,73.543,73.543_c1,dễ thương lúm,dễ thương lúm,resplit_llm,POS,False,False,True,False,high,False,True,False,llm_extended,A1_product,none,service,False,none,A1_product,none,service,False,none,llm_extended,llm_extended,llm_extended,llm_extended,llm_extended,,batch_ext_019,train,A1_product,train,A1_product,POS,POS,POS,0.9997
batch_099,73.543,73.543_c2,gói kĩ vl,gói kĩ vl,resplit_llm,POS,False,False,True,False,high,False,True,True,human_gold_iaa_override,A1_product,none,product,False,none,A3_logistics,none,logistics,False,none,human_gold_iaa,human_gold_iaa,human_gold_iaa,human_gold_iaa,human_gold_iaa,,batch_ext_037,train,A3_logistics,train,A3_logistics,POS,POS,POS,0.999
batch_099,73.543,73.543_c3,mở 8 thập kỷ mới ra,mở 8 thập kỷ mới ra,resplit_llm,NEG,False,False,True,False,high,False,True,False,llm_extended,A1_product,moderate,none,False,none,A1_product,moderate,none,False,none,llm_extended,llm_extended,llm_extended,llm_extended,llm_extended,,batch_ext_037,train,A1_product,train,A1_product,NEG,POS,POS,0.9989
batch_099,73.7,73.7_c3,mall tin tưởng nên mua thôi,mall tin tưởng nên mua thôi,resplit_llm,POS,False,False,True,False,high,False,True,False,llm_extended,A1_product,none,product,False,wishful,A1_product,none,product,False,wishful,llm_extended,llm_extended,llm_extended,llm_extended,llm_extended,,batch_ext_084,train,A1_product,train,A1_product,POS,POS,POS,0.9996
batch_099,73.7,73.7_c4,chứ có biết phân biệt thật giả đâu kk,chứ có biết phân biệt thật giả đâu kk,resplit_llm,NEU,False,False,True,False,medium,False,True,False,llm_extended,A5_price,none,none,False,none,A5_price,none,none,False,none,llm_extended,llm_extended,llm_extended,llm_extended,llm_extended,,batch_ext_081,train,A5_price,train,A5_price,NEU,POS,POS,0.9986
batch_099,73.747,73.747_c1,sản phẩm đúng mô tả,sản phẩm đúng mô tả,kept_43b,POS,False,False,True,False,high,False,True,False,llm_extended,A2_label,none,product,False,none,A2_label,none,product,False,none,llm_extended,llm_extended,llm_extended,llm_extended,llm_extended,,batch_ext_017,train,A2_label,train,A2_label,POS,POS,POS,0.9971
batch_099,73.789,73.789_c1,verry nice quality,verry nice quality,kept_43b,POS,False,False,True,False,high,False,True,False,llm_extended,A1_product,none,product,False,none,A1_product,none,product,False,none,llm_extended,llm_extended,llm_extended,llm_extended,llm_extended,,batch_ext_003,train,A1_product,train,A1_product,POS,POS,POS,0.9934
batch_100,73.1003,73.1003_c1,good nên mua nha,good nên mua nha,kept_43b,POS,False,False,True,False,high,False,True,False,llm_extended,A1_product,none,product,False,wishful,A1_product,none,product,False,wishful,llm_extended,llm_extended,llm_extended,llm_extended,llm_extended,,batch_ext_022,train,A1_product,train,A1_product,POS,POS,POS,0.9998
batch_100,74.1274,74.1274_c1,bọc siêu kĩ:,bọc siêu kĩ:,resplit_llm,POS,False,False,True,False,high,False,True,False,llm_extended,A3_logistics,none,product,False,none,A3_logistics,none,product,False,none,llm_extended,llm_extended,llm_extended,llm_extended,llm_extended,,batch_ext_070,train,A3_logistics,train,A3_logistics,POS,POS,POS,0.9987
batch_100,74.1274,74.1274_c2,đỉnh qá sốp,đỉnh qá sốp,resplit_llm,POS,False,False,True,False,high,False,True,False,llm_extended,A1_product,none,product,False,none,A1_product,none,product,False,none,llm_extended,llm_extended,llm_extended,llm_extended,llm_extended,,batch_ext_005,train,A1_product,train,A1_product,POS,POS,POS,0.9998
batch_100,74.1274,74.1274_c3,chai siêu bự,chai siêu bự,resplit_llm,POS,False,False,True,False,high,False,True,False,llm_extended,A1_product,none,product,False,none,A1_product,none,product,False,none,llm_extended,llm_extended,llm_extended,llm_extended,llm_extended,,batch_ext_076,train,A1_product,train,A1_product,POS,POS,POS,0.9979
batch_100,74.1274,74.1274_c4,dùng chắc lâu hết kk,dùng chắc lâu hết kk,resplit_llm,POS,False,False,True,False,high,False,True,False,llm_extended,A1_product,moderate,product,False,softener,A1_product,moderate,product,False,softener,llm_extended,llm_extended,llm_extended,llm_extended,llm_extended,,batch_ext_114,train,A1_product,train,A1_product,POS,POS,POS,0.9996
batch_101,74.1386,74.1386_c1,hương vị:giấm táo,hương vị:giấm táo,resplit_llm,NEU,False,False,True,False,high,False,True,False,llm_extended,A1_product,none,none,False,none,A1_product,none,none,False,none,llm_extended,llm_extended,llm_extended,llm_extended,llm_extended,,batch_ext_014,train,A1_product,train,A1_product,NEU,POS,POS,0.7621
batch_101,74.1386,74.1386_c2,"gói hàng cẩn thận,","gói hàng cẩn thận,",resplit_llm,POS,False,False,True,False,high,False,True,False,llm_extended,A3_logistics,none,logistics,False,none,A3_logistics,none,logistics,False,none,llm_extended,llm_extended,llm_extended,llm_extended,llm_extended,,batch_ext_096,train,A3_logistics,train,A3_logistics,POS,POS,POS,0.9391
batch_101,74.1386,74.1386_c3,được tặng kèm muối hồng và dây đo số đo,được tặng kèm muối hồng và dây đo số đo,resplit_llm,POS,False,False,True,False,high,False,True,True,human_gold_iaa,A4_service,strong,service,False,none,A4_service,strong,service,False,none,human_gold_iaa,human_gold_iaa,human_gold_iaa,human_gold_iaa,human_gold_iaa,,batch_ext_003,train,A4_service,train,A4_service,POS,NEU,NEU,0.5214
batch_101,74.1543,74.1543_c3,shipperr giaoo hàng dễ thươngg,shipperr giaoo hàng dễ thươngg,resplit_llm,POS,False,False,True,False,high,False,True,False,llm_extended,A1_product,none,product,False,none,A1_product,none,product,False,none,llm_extended,llm_extended,llm_extended,llm_extended,llm_extended,,batch_ext_063,train,A1_product,train,A1_product,POS,POS,POS,0.9997
batch_101,74.1563,74.1563_c1,giấm táo hữu cơ tơt cho sức khỏe,giấm táo hữu cơ tơt cho sức khỏe,resplit_llm,POS,False,False,True,False,high,False,True,True,human_gold_iaa_override,A1_product,none,product,True,none,A2_label,none,product,True,none,human_gold_iaa,human_gold_iaa,human_gold_iaa,human_gold_iaa,human_gold_iaa,,batch_ext_096,train,A2_label,train,A2_label,POS,POS,POS,0.991
batch_101,74.1563,74.1563_c2,uống liên tục giúp giảm bloating,uống liên tục giúp giảm bloating,resplit_llm,POS,False,False,True,False,high,False,True,False,llm_extended,A1_product,none,product,False,none,A1_product,none,product,False,none,llm_extended,llm_extended,llm_extended,llm_extended,llm_extended,,batch_ext_017,train,A1_product,train,A1_product,POS,POS,POS,0.9991
batch_102,74.2188,74.2188_c1,bọc hàng siêu cẩn thận với 3 lớp chống sốc,bọc hàng siêu cẩn thận với 3 lớp chống sốc,kept_43b,POS,False,False,True,False,high,False,True,True,human_gold_iaa,A3_logistics,none,logistics,False,none,A3_logistics,none,logistics,False,none,human_gold_iaa,human_gold_iaa,human_gold_iaa,human_gold_iaa,human_gold_iaa,,batch_ext_071,train,A3_logistics,train,A3_logistics,POS,POS,POS,0.9997
batch_102,74.2338,74.2338_c1,vị cũng dễ uống,vị cũng dễ uống,resplit_llm,POS,False,False,True,False,high,False,True,False,llm_extended,A1_product,moderate,product,False,softener,A1_product,moderate,product,False,softener,llm_extended,llm_extended,llm_extended,llm_extended,llm_extended,,batch_ext_049,train,A1_product,train,A1_product,POS,POS,POS,0.9997
batch_102,74.2385,74.2385_c2,h mua lại thấy chất giấm có vẻ đậm màu hơn dù đã lắng cái xuống đáy,h mua lại thấy chất giấm có vẻ đậm màu hơn dù đã lắng cái xuống đáy,resplit_llm,NEU,False,False,True,False,high,False,True,False,llm_extended,A1_product,none,none,False,softener,A1_product,none,none,False,softener,llm_extended,llm_extended,llm_extended,llm_extended,llm_extended,,batch_ext_036,train,A1_product,train,A1_product,NEU,POS,POS,0.9937
batch_102,74.2389,74.2389_c1,giấm có mùi đậm,giấm có mùi đậm,resplit_llm,POS,False,False,True,False,high,False,True,False,llm_extended,A1_product,none,product,False,none,A1_product,none,product,False,none,llm_extended,llm_extended,llm_extended,llm_extended,llm_extended,,batch_ext_034,train,A1_product,train,A1_product,POS,POS,POS,0.6368
batch_102,74.2389,74.2389_c2,là giấm tự nhiên nên cũng yên tâm sử dụng hơn giấm hóa học,là giấm tự nhiên nên cũng yên tâm sử dụng hơn giấm hóa học,resplit_llm,POS,False,False,True,False,high,False,True,True,human_gold_iaa_override,A1_product,moderate,product,True,wishful,A2_label,moderate,product,True,wishful,human_gold_iaa,human_gold_iaa,human_gold_iaa,human_gold_iaa,human_gold_iaa,,batch_ext_099,train,A2_label,train,A2_label,POS,NEU,NEU,0.6979
batch_102,74.2525,74.2525_c1,bọc hàg cẩn thận lm a,bọc hàg cẩn thận lm a,kept_43b,POS,False,False,True,False,high,False,True,False,llm_extended,A3_logistics,none,logistics,False,none,A3_logistics,none,logistics,False,none,llm_extended,llm_extended,llm_extended,llm_extended,llm_extended,,batch_ext_095,train,A3_logistics,train,A3_logistics,POS,POS,POS,0.9997
batch_103,74.2576,74.2576_c1,đóng hàng kỹ cẩn thận,đóng hàng kỹ cẩn thận,resplit_llm,POS,False,False,True,False,high,False,True,False,llm_extended,A1_product,none,product,False,none,A1_product,none,product,False,none,llm_extended,llm_extended,llm_extended,llm_extended,llm_extended,,batch_ext_026,train,A3_logistics,train,A1_product,POS,POS,POS,0.9995
batch_103,74.2576,74.2576_c2,hành chính hãng thấy là uy tín nha,hành chính hãng thấy là uy tín nha,resplit_llm,POS,False,False,True,False,high,False,True,False,llm_extended,A2_label,none,product,False,none,A2_label,none,product,False,none,llm_extended,llm_extended,llm_extended,llm_extended,llm_extended,,batch_ext_046,train,A2_label,train,A2_label,POS,POS,POS,0.9996
batch_103,74.2576,74.2576_c3,mua cho cả nhà giảm cân,mua cho cả nhà giảm cân,resplit_llm,POS,False,False,True,False,high,False,True,False,llm_extended,A1_product,none,product,False,none,A1_product,none,product,False,none,llm_extended,llm_extended,llm_extended,llm_extended,llm_extended,,batch_ext_037,train,A1_product,train,A1_product,POS,POS,POS,0.7445
batch_103,74.2717,74.2717_c1,"sốp síp hàng siu nhanhh,","sốp síp hàng siu nhanhh,",resplit_llm,POS,False,False,True,False,high,False,True,False,llm_extended,A1_product,none,product,False,none,A1_product,none,product,False,none,llm_extended,llm_extended,llm_extended,llm_extended,llm_extended,,batch_ext_025,train,A1_product,train,A1_product,POS,POS,POS,0.9995
batch_103,74.2717,74.2717_c2,được tặng thim cái thước dây nựa,được tặng thim cái thước dây nựa,resplit_llm,POS,False,False,True,False,high,False,True,True,human_gold_iaa,A4_service,none,service,False,none,A4_service,none,service,False,none,human_gold_iaa,human_gold_iaa,human_gold_iaa,human_gold_iaa,human_gold_iaa,,batch_ext_018,train,A4_service,train,A4_service,POS,POS,POS,0.9942
batch_103,74.2717,74.2717_c3,sốp qoá tâm lí lun,sốp qoá tâm lí lun,resplit_llm,POS,False,False,True,False,high,False,True,False,llm_extended,A1_product,mild,product,False,softener,A1_product,mild,product,False,softener,llm_extended,llm_extended,llm_extended,llm_extended,llm_extended,,batch_ext_101,train,A1_product,train,A1_product,POS,POS,POS,0.9997
batch_103,74.279,74.279_c1,mình đã dùng hết 1 chai 473ml và quyết định mua thêm chai 946ml,mình đã dùng hết 1 chai 473ml và quyết định mua thêm chai 946ml,kept_43b,POS,False,False,True,False,high,True,True,False,llm_extended,A1_product,none,product,False,none,A1_product,none,product,False,none,llm_extended,llm_extended,llm_extended,llm_extended,llm_extended,,batch_ext_072,train,A1_product,train,A1_product,POS,NEU,NEU,0.9658
batch_103,74.279,74.279_c3,1. có ngăn mùi cơ thể,1. có ngăn mùi cơ thể,resplit_llm,POS,False,False,True,False,high,True,True,False,llm_extended,A1_product,none,product,False,none,A1_product,none,product,False,none,llm_extended,llm_extended,llm_extended,llm_extended,llm_extended,,batch_ext_051,train,A1_product,train,A1_product,POS,POS,POS,0.7646
batch_103,74.279,74.279_c8,2. giảm cơn thèm ăn,2. giảm cơn thèm ăn,resplit_llm,POS,False,False,True,False,high,True,True,False,llm_extended,A1_product,none,product,False,none,A1_product,none,product,False,none,llm_extended,llm_extended,llm_extended,llm_extended,llm_extended,,batch_ext_077,train,A1_product,train,A1_product,POS,POS,POS,0.9917
batch_103,74.279,74.279_c9,về giảm cân thì mình chưa thấy,về giảm cân thì mình chưa thấy,kept_43b,NEG,False,False,True,False,high,True,True,False,llm_extended,A1_product,moderate,none,False,none,A1_product,moderate,none,False,none,llm_extended,llm_extended,llm_extended,llm_extended,llm_extended,,batch_ext_034,train,A1_product,train,A1_product,NEG,NEU,NEU,0.9937
batch_106,75.443,75.443_c2,nhưng trải nghiệm rất tệ,nhưng trải nghiệm rất tệ,kept_43b,NEG,False,False,True,False,high,True,True,True,human_gold_iaa,A1_product,strong,none,False,none,A1_product,strong,none,False,none,human_gold_iaa,human_gold_iaa,human_gold_iaa,human_gold_iaa,human_gold_iaa,,batch_ext_057,train,A1_product,train,A1_product,NEG,NEG,NEG,0.9982
batch_106,75.443,75.443_c3,"mua 6 gói yến mạch thì bục 4 gói, inbox shop","mua 6 gói yến mạch thì bục 4 gói, inbox shop",kept_43b,NEG,False,False,True,False,high,True,True,False,llm_extended,A4_service,moderate,none,False,none,A4_service,moderate,none,False,none,llm_extended,llm_extended,llm_extended,llm_extended,llm_extended,,batch_ext_011,train,A4_service,train,A4_service,NEG,NEG,NEG,0.8004
batch_106,75.443,75.443_c4,nhưng cũng không thấy rep khách mặc dù online,nhưng cũng không thấy rep khách mặc dù online,merged_llm,NEG,False,False,True,False,high,True,True,False,llm_extended,A5_price,moderate,none,False,softener,A5_price,moderate,none,False,softener,llm_extended,llm_extended,llm_extended,llm_extended,llm_extended,,batch_ext_014,train,A5_price,train,A5_price,NEG,NEG,NEG,0.9993
batch_106,75.443,75.443_c8,nhưng vẫn hoan nghênh sự chu đáo của shop,nhưng vẫn hoan nghênh sự chu đáo của shop,kept_43b,POS,False,False,True,False,high,True,True,False,llm_extended,A4_service,mild,service,False,none,A4_service,mild,service,False,none,llm_extended,llm_extended,llm_extended,llm_extended,llm_extended,,batch_ext_017,train,A4_service,train,A4_service,POS,POS,POS,0.9703
batch_106,75.458,75.458_c1,mình với em mình ăn xong đau bụng quá trời,mình với em mình ăn xong đau bụng quá trời,resplit_llm,NEG,False,False,True,False,high,False,True,False,llm_extended,A1_product,moderate,none,False,none,A1_product,moderate,none,False,none,llm_extended,llm_extended,llm_extended,llm_extended,llm_extended,,batch_ext_039,train,A1_product,train,A1_product,NEG,NEG,NEG,0.9989
batch_106,75.458,75.458_c2,em mình thì tiêu chảy luôn,em mình thì tiêu chảy luôn,resplit_llm,NEG,False,False,True,False,high,False,True,False,llm_extended,A1_product,moderate,none,False,none,A1_product,moderate,none,False,none,llm_extended,llm_extended,llm_extended,llm_extended,llm_extended,,batch_ext_048,train,A1_product,train,A1_product,NEG,NEG,NEG,0.8872
batch_106,75.458,75.458_c4,mình thì chưa nặng đến vậy,mình thì chưa nặng đến vậy,resplit_llm,NEG,False,False,True,False,high,False,True,False,llm_extended,A1_product,moderate,none,False,none,A1_product,moderate,none,False,none,llm_extended,llm_extended,llm_extended,llm_extended,llm_extended,,batch_ext_112,train,A1_product,train,A1_product,NEG,NEU,NEU,0.8856
batch_107,75.48,75.48_c1,ăn cũng được thui,ăn cũng được thui,resplit_llm,POS,False,False,True,False,high,False,True,False,llm_extended,A1_product,moderate,product,False,softener,A1_product,moderate,product,False,softener,llm_extended,llm_extended,llm_extended,llm_extended,llm_extended,,batch_ext_042,train,A1_product,train,A1_product,POS,NEU,NEU,0.9777
batch_107,75.48,75.48_c2,mùi nhẹ nhẹ,mùi nhẹ nhẹ,resplit_llm,POS,False,False,True,False,high,False,True,False,llm_extended,A1_product,none,product,False,none,A1_product,none,product,False,none,llm_extended,llm_extended,llm_extended,llm_extended,llm_extended,,batch_ext_022,train,A1_product,train,A1_product,POS,POS,POS,0.9995
batch_107,75.48,75.48_c4,hạt chia ăn cũng cũng,hạt chia ăn cũng cũng,resplit_llm,NEU,False,False,True,False,medium,False,True,False,llm_extended,A1_product,moderate,none,False,softener,A1_product,moderate,none,False,softener,llm_extended,llm_extended,llm_extended,llm_extended,llm_extended,,batch_ext_023,train,A1_product,train,A1_product,NEU,POS,POS,0.9963
batch_107,76.32,76.32_c1,bánh ăn cũng được,bánh ăn cũng được,resplit_llm,POS,False,False,True,False,high,False,True,False,llm_extended,A1_product,moderate,product,False,softener,A1_product,moderate,product,False,softener,llm_extended,llm_extended,llm_extended,llm_extended,llm_extended,,batch_ext_010,train,A1_product,train,A1_product,POS,POS,POS,0.9849
batch_107,76.32,76.32_c2,gói cẩn thận,gói cẩn thận,resplit_llm,POS,False,False,True,False,high,False,True,False,llm_extended,A1_product,none,product,False,none,A1_product,none,product,False,none,llm_extended,llm_extended,llm_extended,llm_extended,llm_extended,,batch_ext_044,train,A3_logistics,train,A1_product,POS,POS,POS,0.9979
batch_107,76.32,76.32_c3,này cho thêm tí muối nửa thì vừa ăn hơn,này cho thêm tí muối nửa thì vừa ăn hơn,resplit_llm,NEG,False,False,True,False,high,False,True,False,llm_extended,A1_product,moderate,none,False,none,A1_product,moderate,none,False,none,llm_extended,llm_extended,llm_extended,llm_extended,llm_extended,,batch_ext_059,train,A1_product,train,A1_product,NEG,POS,POS,0.9954
batch_109,78.1257,78.1257_c2,sản phẩm mùi không thích lắm,sản phẩm mùi không thích lắm,kept_43b,NEG,False,False,True,False,high,False,True,False,llm_extended,A1_product,moderate,none,False,none,A1_product,moderate,none,False,none,llm_extended,llm_extended,llm_extended,llm_extended,llm_extended,,batch_ext_070,train,A1_product,train,A1_product,NEG,NEG,NEG,0.9996
batch_109,78.1257,78.1257_c3,"nhưng khá dễ ăn, không khó ăn như loại nguyên chất bán ngoài kia","nhưng khá dễ ăn, không khó ăn như loại nguyên chất bán ngoài kia",kept_43b,POS,False,False,True,False,high,False,True,True,human_gold_iaa_override,A1_product,moderate,product,True,softener,A1_product,moderate,product,False,softener,human_gold_iaa,human_gold_iaa,human_gold_iaa,human_gold_iaa,human_gold_iaa,,batch_ext_032,train,A1_product,train,A1_product,POS,POS,POS,0.9915
batch_109,78.1257,78.1257_c4,shop rất uy tín,shop rất uy tín,kept_43b,POS,False,False,True,False,high,False,True,False,llm_extended,A4_service,none,service,False,none,A4_service,none,service,False,none,llm_extended,llm_extended,llm_extended,llm_extended,llm_extended,,batch_ext_043,train,A4_service,train,A4_service,POS,POS,POS,0.9996
batch_109,78.1257,78.1257_c5,lọ của mình bị bung nắp nên bị đổ,lọ của mình bị bung nắp nên bị đổ,kept_43b,NEG,False,False,True,False,high,False,True,False,llm_extended,A1_product,moderate,none,False,wishful,A1_product,moderate,none,False,wishful,llm_extended,llm_extended,llm_extended,llm_extended,llm_extended,,batch_ext_017,train,A1_product,train,A1_product,NEG,NEG,NEG,0.9949
batch_109,78.1257,78.1257_c6,shop gửi bù lại cho mình luôn,shop gửi bù lại cho mình luôn,merged_llm,POS,False,False,True,False,high,False,True,False,llm_extended,A4_service,none,service,False,none,A4_service,none,service,False,none,llm_extended,llm_extended,llm_extended,llm_extended,llm_extended,,batch_ext_020,train,A4_service,train,A4_service,POS,NEG,NEG,0.6129
batch_109,78.1257,78.1257_c7,shop nên thay đổi lại nắp lọ vì kiểu này vặn chặt thì khó mở,shop nên thay đổi lại nắp lọ vì kiểu này vặn chặt thì khó mở,kept_43b,NEG,False,False,True,False,high,False,True,False,llm_extended,A4_service,moderate,none,False,wishful,A4_service,moderate,none,False,wishful,llm_extended,llm_extended,llm_extended,llm_extended,llm_extended,,batch_ext_094,train,A4_service,train,A4_service,NEG,NEG,NEG,0.5976
batch_109,78.1257,78.1257_c8,mà vặn không chặt lúc vận chuyển dễ bị đổ,mà vặn không chặt lúc vận chuyển dễ bị đổ,kept_43b,NEG,False,False,True,False,high,False,True,True,human_gold_iaa_override,A3_logistics,moderate,none,True,none,A3_logistics,moderate,none,False,none,human_gold_iaa,human_gold_iaa,human_gold_iaa,human_gold_iaa,human_gold_iaa,,batch_ext_078,train,A3_logistics,train,A3_logistics,NEG,NEG,NEG,0.997
batch_109,78.162,78.162_c1,độ dễ ăn:rat de an,độ dễ ăn:rat de an,resplit_llm,POS,False,False,True,False,high,False,True,True,human_gold_iaa,A1_product,none,product,False,none,A1_product,none,product,False,none,human_gold_iaa,human_gold_iaa,human_gold_iaa,human_gold_iaa,human_gold_iaa,,batch_ext_072,train,A1_product,train,A1_product,POS,POS,POS,0.9995
batch_109,78.162,78.162_c2,vị:nguyen vi,vị:nguyen vi,resplit_llm,NEU,False,False,True,False,high,False,True,False,llm_extended,A1_product,none,none,False,none,A1_product,none,none,False,none,llm_extended,llm_extended,llm_extended,llm_extended,llm_extended,,batch_ext_037,train,A1_product,train,A1_product,NEU,NEU,NEU,0.9854
batch_109,78.162,78.162_c3,"tiêu hóa:de tieu hoa, tieu hoa tot","tiêu hóa:de tieu hoa, tieu hoa tot",resplit_llm,POS,False,False,True,False,high,False,True,True,human_gold_iaa,A1_product,none,product,False,none,A1_product,none,product,False,none,human_gold_iaa,human_gold_iaa,human_gold_iaa,human_gold_iaa,human_gold_iaa,,batch_ext_008,train,A1_product,train,A1_product,POS,NEU,NEU,0.9597
batch_109,78.162,78.162_c4,"nên mua nha mọi người,","nên mua nha mọi người,",resplit_llm,POS,False,False,True,False,high,False,True,False,llm_extended,A1_product,none,product,False,wishful,A1_product,none,product,False,wishful,llm_extended,llm_extended,llm_extended,llm_extended,llm_extended,,batch_ext_015,train,A1_product,train,A1_product,POS,POS,POS,0.9976
batch_109,78.162,78.162_c5,mình đã ăn đến hũ thứ 3 rồi,mình đã ăn đến hũ thứ 3 rồi,resplit_llm,POS,False,False,True,False,high,False,True,False,llm_extended,A1_product,none,product,False,none,A1_product,none,product,False,none,llm_extended,llm_extended,llm_extended,llm_extended,llm_extended,,batch_ext_071,train,A1_product,train,A1_product,POS,POS,POS,0.9994
batch_109,78.199,78.199_c3,"còn nha đam khó ăn lắm cứ lợ lợ ngấy ngấy s ý ,","còn nha đam khó ăn lắm cứ lợ lợ ngấy ngấy s ý ,",resplit_llm,NEG,False,False,True,True,low,True,True,False,llm_extended_tier1,A1_product,strong,none,False,none,A1_product,strong,none,False,none,llm_extended_tier1,llm_extended_tier1,llm_extended_tier1,llm_extended_tier1,llm_extended_tier1,,batch_ext_001,train,A1_product,train,A1_product,NEG,NEG,NEG,0.7858
batch_110,78.22,78.22_c2,sea moss gel của nhà này dễ ăn,sea moss gel của nhà này dễ ăn,resplit_llm,POS,False,False,True,False,high,False,True,False,llm_extended,A1_product,none,product,False,none,A1_product,none,product,False,none,llm_extended,llm_extended,llm_extended,llm_extended,llm_extended,,batch_ext_037,train,A1_product,train,A1_product,POS,POS,POS,0.9991
batch_110,78.22,78.22_c3,được tặng 1 bịch rong sụn nhiều ghê luôn,được tặng 1 bịch rong sụn nhiều ghê luôn,resplit_llm,POS,False,False,True,False,high,False,True,False,llm_extended,A4_service,none,service,False,none,A4_service,none,service,False,none,llm_extended,llm_extended,llm_extended,llm_extended,llm_extended,,batch_ext_086,train,A4_service,train,A4_service,POS,POS,POS,0.9992
batch_110,78.241,78.241_c2,công dụng:dep da tot suc khoe,công dụng:dep da tot suc khoe,resplit_llm,POS,False,False,True,False,high,False,True,False,llm_extended,A1_product,none,product,False,none,A1_product,none,product,False,none,llm_extended,llm_extended,llm_extended,llm_extended,llm_extended,,batch_ext_059,train,A1_product,train,A1_product,POS,POS,POS,0.9975
batch_110,78.241,78.241_c4,nên mình lựa vị dứa xoài trộm vía ăn được,nên mình lựa vị dứa xoài trộm vía ăn được,resplit_llm,POS,False,False,True,False,high,False,True,True,human_gold_iaa,A1_product,strong,product,False,wishful,A1_product,strong,product,False,wishful,human_gold_iaa,human_gold_iaa,human_gold_iaa,human_gold_iaa,human_gold_iaa,,batch_ext_075,train,A1_product,train,A1_product,POS,POS,POS,0.9496
batch_110,78.26,78.26_c2,công dụng:giúp hỗ trợ tăng cường hẹ miễn dịch và giảm tình trạng mụn nội tiết quanh hàm,công dụng:giúp hỗ trợ tăng cường hẹ miễn dịch và giảm tình trạng mụn nội tiết quanh hàm,resplit_llm,POS,False,False,True,False,high,True,True,True,human_gold_iaa_override,A4_service,none,service,False,none,A1_product,none,product,False,none,human_gold_iaa,human_gold_iaa,human_gold_iaa,human_gold_iaa,human_gold_iaa,,batch_ext_085,train,A1_product,train,A1_product,POS,POS,POS,0.9995
batch_110,78.26,78.26_c3,shop giao hàng nhanh,shop giao hàng nhanh,kept_43b,POS,False,False,True,False,high,True,True,False,llm_extended,A3_logistics,none,logistics,False,none,A3_logistics,none,logistics,False,none,llm_extended,llm_extended,llm_extended,llm_extended,llm_extended,,batch_ext_110,train,A3_logistics,train,A3_logistics,POS,POS,POS,0.9997
batch_110,78.26,78.26_c4,bữa đặt tới 5 ngày mới có giờ có 2 ngày giao ời,bữa đặt tới 5 ngày mới có giờ có 2 ngày giao ời,kept_43b,POS,False,False,True,False,high,True,True,False,llm_extended,A5_price,moderate,value,False,none,A5_price,moderate,value,False,none,llm_extended,llm_extended,llm_extended,llm_extended,llm_extended,,batch_ext_014,train,A5_price,train,A5_price,POS,NEG,NEG,0.9984
batch_110,78.26,78.26_c6,cảm giác không khó ăn mấy,cảm giác không khó ăn mấy,kept_43b,POS,False,False,True,False,high,True,True,False,llm_extended,A1_product,moderate,product,False,none,A1_product,moderate,product,False,none,llm_extended,llm_extended,llm_extended,llm_extended,llm_extended,,batch_ext_057,train,A1_product,train,A1_product,POS,NEU,NEU,0.9749
batch_110,78.26,78.26_c8,mà mình ăn sau bữa ăn nên nó không ngấy lắm,mà mình ăn sau bữa ăn nên nó không ngấy lắm,kept_43b,POS,False,False,True,False,high,True,True,False,llm_extended,A1_product,none,product,False,wishful,A1_product,none,product,False,wishful,llm_extended,llm_extended,llm_extended,llm_extended,llm_extended,,batch_ext_108,train,A1_product,train,A1_product,POS,POS,POS,0.9975
batch_110,78.26,78.26_c9,tình trạng mụn nội tiết thì trộm vía chỉ vài cục chứ không 1 ề như hồi đó,tình trạng mụn nội tiết thì trộm vía chỉ vài cục chứ không 1 ề như hồi đó,kept_43b,POS,False,False,True,False,high,True,True,False,llm_extended,A1_product,mild,product,False,softener,A1_product,mild,product,False,softener,llm_extended,llm_extended,llm_extended,llm_extended,llm_extended,,batch_ext_079,train,A1_product,train,A1_product,POS,POS,POS,0.9443
batch_110,78.268,78.268_c2,công dụng:làm đẹp,công dụng:làm đẹp,resplit_llm,POS,False,False,True,False,high,False,True,False,llm_extended,A1_product,none,product,False,none,A1_product,none,product,False,none,llm_extended,llm_extended,llm_extended,llm_extended,llm_extended,,batch_ext_044,train,A1_product,train,A1_product,POS,NEU,NEU,0.765
batch_110,78.376,78.376_c1,các bn nên mua vị thanh long với vị xoài dứa nha,các bn nên mua vị thanh long với vị xoài dứa nha,resplit_llm,POS,False,False,True,False,high,False,True,False,llm_extended,A1_product,none,product,False,wishful,A1_product,none,product,False,wishful,llm_extended,llm_extended,llm_extended,llm_extended,llm_extended,,batch_ext_001,train,A1_product,train,A1_product,POS,POS,POS,0.9976
batch_110,78.376,78.376_c2,còn vị cam với vị nguyên bản khó ăn lắm luôn:,còn vị cam với vị nguyên bản khó ăn lắm luôn:,resplit_llm,NEG,False,False,True,False,high,False,True,False,llm_extended,A1_product,moderate,none,False,none,A1_product,moderate,none,False,none,llm_extended,llm_extended,llm_extended,llm_extended,llm_extended,,batch_ext_104,train,A1_product,train,A1_product,NEG,NEG,NEG,0.7718
batch_110,78.46,78.46_c1,công dụng:hỗ trợ điều hoà kinh nguyệt,công dụng:hỗ trợ điều hoà kinh nguyệt,kept_43b,POS,False,False,True,False,high,True,True,False,llm_extended,A4_service,none,service,False,none,A4_service,none,service,False,none,llm_extended,llm_extended,llm_extended,llm_extended,llm_extended,,batch_ext_025,train,A4_service,train,A4_service,POS,POS,POS,0.989
batch_110,78.46,78.46_c2,giảm mụn nội tiết ..,giảm mụn nội tiết ..,resplit_llm,POS,False,False,True,False,high,True,True,False,llm_extended,A1_product,none,product,False,none,A1_product,none,product,False,none,llm_extended,llm_extended,llm_extended,llm_extended,llm_extended,,batch_ext_038,train,A1_product,train,A1_product,POS,POS,POS,0.9986
batch_110,78.46,78.46_c3,shop giao hàng nhanh,shop giao hàng nhanh,resplit_llm,POS,False,False,True,False,high,True,True,True,human_gold_iaa,A3_logistics,none,logistics,False,none,A3_logistics,none,logistics,False,none,human_gold_iaa,human_gold_iaa,human_gold_iaa,human_gold_iaa,human_gold_iaa,,batch_ext_007,train,A3_logistics,train,A3_logistics,POS,POS,POS,0.9997
batch_110,78.46,78.46_c5,"giảm thèm ăn , tóc với móng tay chắc khoẻ hơn ,.. ngủ ngon hơn kính nguyệt cũng trộm vía điều hơn tháng nào cũng điều..","giảm thèm ăn , tóc với móng tay chắc khoẻ hơn ,.. ngủ ngon hơn kính nguyệt cũng trộm vía điều hơn tháng nào cũng điều..",resplit_llm,POS,False,False,True,False,high,True,True,False,llm_extended,A1_product,moderate,product,False,wishful,A1_product,moderate,product,False,wishful,llm_extended,llm_extended,llm_extended,llm_extended,llm_extended,,batch_ext_031,train,A1_product,train,A1_product,POS,POS,POS,0.9994
batch_110,78.46,78.46_c6,vấn đề mụn nội tiết thì do nội tiết gây ra á. vì mình không điều kinh hoặc stress nhiều nên mụn nội quanh miệng và để lại thâm qua 4 hủ cải thiện rõ luôn á. trộm vía trộm vía,vấn đề mụn nội tiết thì do nội tiết gây ra á. vì mình không điều kinh hoặc stress nhiều nên mụn nội quanh miệng và để lại thâm qua 4 hủ cải thiện rõ luôn á. trộm vía trộm vía,resplit_llm,POS,False,False,True,False,high,True,True,False,llm_extended,A1_product,none,product,False,wishful,A1_product,none,product,False,wishful,llm_extended,llm_extended,llm_extended,llm_extended,llm_extended,,batch_ext_054,train,A1_product,train,A1_product,POS,POS,POS,0.9983
batch_111,78.465,78.465_c1,mua thử mỗi thứ 1 loại hũ nhỏ ăn thử dứa xoài thấy cũng dễ ăn như sinh tố trái cây,mua thử mỗi thứ 1 loại hũ nhỏ ăn thử dứa xoài thấy cũng dễ ăn như sinh tố trái cây,kept_43b,POS,False,False,True,False,high,False,True,False,llm_extended,A1_product,moderate,product,False,softener,A1_product,moderate,product,False,softener,llm_extended,llm_extended,llm_extended,llm_extended,llm_extended,,batch_ext_082,train,A1_product,train,A1_product,POS,POS,POS,0.9954
batch_111,78.51,78.51_c2,shop giao hàng siêu nhanh,shop giao hàng siêu nhanh,kept_43b,POS,False,False,True,False,high,True,True,False,llm_extended,A3_logistics,none,logistics,False,none,A3_logistics,none,logistics,False,none,llm_extended,llm_extended,llm_extended,llm_extended,llm_extended,,batch_ext_093,train,A3_logistics,train,A3_logistics,POS,POS,POS,0.9997
batch_111,78.51,78.51_c3,đóng gói cẩn thận,đóng gói cẩn thận,kept_43b,POS,False,False,True,False,high,True,True,False,llm_extended,A3_logistics,none,logistics,False,none,A3_logistics,none,logistics,False,none,llm_extended,llm_extended,llm_extended,llm_extended,llm_extended,,batch_ext_032,train,A3_logistics,train,A3_logistics,POS,POS,POS,0.9994
batch_111,78.51,78.51_c4,sản phẩm đầy đủ,sản phẩm đầy đủ,kept_43b,POS,False,False,True,False,high,True,True,False,llm_extended,A1_product,none,product,False,none,A1_product,none,product,False,none,llm_extended,llm_extended,llm_extended,llm_extended,llm_extended,,batch_ext_030,train,A2_label,train,A1_product,POS,POS,POS,0.9955
batch_111,78.51,78.51_c5,hàng tặng cũng đủ không thiếu món nào luôn,hàng tặng cũng đủ không thiếu món nào luôn,kept_43b,POS,False,False,True,False,high,True,True,False,llm_extended,A4_service,moderate,service,False,softener,A4_service,moderate,service,False,softener,llm_extended,llm_extended,llm_extended,llm_extended,llm_extended,,batch_ext_051,train,A4_service,train,A4_service,POS,POS,POS,0.9997
batch_111,78.51,78.51_c6,mua 1 tuýp mà được tặng tới 3 món quà siêu dễ thương,mua 1 tuýp mà được tặng tới 3 món quà siêu dễ thương,kept_43b,POS,False,False,True,False,high,True,True,False,llm_extended,A4_service,none,service,False,none,A4_service,none,service,False,none,llm_extended,llm_extended,llm_extended,llm_extended,llm_extended,,batch_ext_091,train,A4_service,train,A4_service,POS,POS,POS,0.9994
batch_111,78.51,78.51_c7,gối cute cực kỳ,gối cute cực kỳ,kept_43b,POS,False,False,True,False,high,True,True,False,llm_extended,A1_product,none,product,False,none,A1_product,none,product,False,none,llm_extended,llm_extended,llm_extended,llm_extended,llm_extended,,batch_ext_110,train,A1_product,train,A1_product,POS,POS,POS,0.9997
batch_111,78.552,78.552_c1,"bỏ tủ lạnh dễ ăn hơn,","bỏ tủ lạnh dễ ăn hơn,",resplit_llm,POS,False,False,True,False,high,False,True,False,llm_extended,A1_product,none,product,False,none,A1_product,none,product,False,none,llm_extended,llm_extended,llm_extended,llm_extended,llm_extended,,batch_ext_007,train,A1_product,train,A1_product,POS,NEU,NEU,0.957
batch_111,78.552,78.552_c2,lần đầu dùng dễ tiêu chảy nhẹ nên ăn 1 muỗng cho quen bụng trước,lần đầu dùng dễ tiêu chảy nhẹ nên ăn 1 muỗng cho quen bụng trước,resplit_llm,NEG,False,False,True,False,high,False,True,False,llm_extended,A1_product,moderate,none,False,wishful,A1_product,moderate,none,False,wishful,llm_extended,llm_extended,llm_extended,llm_extended,llm_extended,,batch_ext_043,train,A1_product,train,A1_product,NEG,POS,POS,0.9018
batch_111,78.585,78.585_c1,mình thấy nguyên vị cũng dễ ăn nha,mình thấy nguyên vị cũng dễ ăn nha,kept_43b,POS,False,False,True,False,high,False,True,False,llm_extended,A1_product,moderate,product,False,softener,A1_product,moderate,product,False,softener,llm_extended,llm_extended,llm_extended,llm_extended,llm_extended,,batch_ext_022,train,A1_product,train,A1_product,POS,POS,POS,0.9996
batch_112,78.677,78.677_c1,công dụng:đẹp da,công dụng:đẹp da,resplit_llm,POS,False,False,True,False,high,False,True,False,llm_extended,A1_product,none,product,False,none,A1_product,none,product,False,none,llm_extended,llm_extended,llm_extended,llm_extended,llm_extended,,batch_ext_072,train,A1_product,train,A1_product,POS,POS,POS,0.9818
batch_112,78.677,78.677_c2,đối tượng sử dụng:ai cũng được,đối tượng sử dụng:ai cũng được,resplit_llm,NEU,False,False,True,False,high,False,True,False,llm_extended,A1_product,moderate,none,False,softener,A1_product,moderate,none,False,softener,llm_extended,llm_extended,llm_extended,llm_extended,llm_extended,,batch_ext_072,train,A1_product,train,A1_product,NEU,NEU,NEU,0.9886
batch_112,78.677,78.677_c4,mình khuyên mọi người nên mua vị cam hơn là vị thanh long,mình khuyên mọi người nên mua vị cam hơn là vị thanh long,resplit_llm,POS,False,False,True,False,high,False,True,False,llm_extended,A1_product,none,product,False,wishful,A1_product,none,product,False,wishful,llm_extended,llm_extended,llm_extended,llm_extended,llm_extended,,batch_ext_036,train,A1_product,train,A1_product,POS,POS,POS,0.7508
batch_112,78.682,78.682_c2,được tặng kèm 4 gói rắc cơm,được tặng kèm 4 gói rắc cơm,resplit_llm,POS,False,False,True,False,high,False,True,False,llm_extended,A4_service,none,service,False,none,A4_service,none,service,False,none,llm_extended,llm_extended,llm_extended,llm_extended,llm_extended,,batch_ext_100,train,A4_service,train,A4_service,POS,POS,POS,0.7694
batch_112,78.697,78.697_c1,"lần đầu dùng thử được nửa hủ thấy cũng cũng,","lần đầu dùng thử được nửa hủ thấy cũng cũng,",resplit_llm,NEU,False,False,True,False,medium,False,True,False,llm_extended,A1_product,moderate,none,False,softener,A1_product,moderate,none,False,softener,llm_extended,llm_extended,llm_extended,llm_extended,llm_extended,,batch_ext_018,train,A1_product,train,A1_product,NEU,POS,POS,0.9587
batch_112,78.697,78.697_c2,vị do có mix trái cây rồi nên cũng dễ ăn lắm luôn,vị do có mix trái cây rồi nên cũng dễ ăn lắm luôn,resplit_llm,POS,False,False,True,False,high,False,True,False,llm_extended,A1_product,moderate,product,False,wishful,A1_product,moderate,product,False,wishful,llm_extended,llm_extended,llm_extended,llm_extended,llm_extended,,batch_ext_075,train,A1_product,train,A1_product,POS,POS,POS,0.9996
batch_112,78.702,78.702_c1,dễ ăn ykr,dễ ăn ykr,kept_43b,POS,False,False,True,False,high,False,True,False,llm_extended,A1_product,none,product,False,none,A1_product,none,product,False,none,llm_extended,llm_extended,llm_extended,llm_extended,llm_extended,,batch_ext_075,train,A1_product,train,A1_product,POS,POS,POS,0.9995
batch_113,78.76,78.76_c1,"công dụng:đa công dụng như: giảm nóng trong người, cải thiện nội tiết tố giúp da và tóc bóng khoẻ hơn, giúp giấc ngủ sâu hơn và việc tiêu hoá trơn tru mượt mà hơn","công dụng:đa công dụng như: giảm nóng trong người, cải thiện nội tiết tố giúp da và tóc bóng khoẻ hơn, giúp giấc ngủ sâu hơn và việc tiêu hoá trơn tru mượt mà hơn",resplit_llm,POS,False,False,True,False,high,True,True,False,llm_extended,A1_product,none,product,False,none,A1_product,none,product,False,none,llm_extended,llm_extended,llm_extended,llm_extended,llm_extended,,batch_ext_111,train,A1_product,train,A1_product,POS,POS,POS,0.9991
batch_113,78.76,78.76_c3,mới ăn thử vị thanh long đỏ thuii thì khá dễ ăn nha mn,mới ăn thử vị thanh long đỏ thuii thì khá dễ ăn nha mn,resplit_llm,POS,False,False,True,False,high,True,True,False,llm_extended,A1_product,none,product,False,softener,A1_product,none,product,False,softener,llm_extended,llm_extended,llm_extended,llm_extended,llm_extended,,batch_ext_088,train,A1_product,train,A1_product,POS,POS,POS,0.9988
batch_113,78.76,78.76_c4,lần đầu ăn vẫn hơi nghẹn xíu ở cổ,lần đầu ăn vẫn hơi nghẹn xíu ở cổ,resplit_llm,NEG,False,False,True,False,high,True,True,False,llm_extended,A1_product,moderate,none,False,softener,A1_product,moderate,none,False,softener,llm_extended,llm_extended,llm_extended,llm_extended,llm_extended,,batch_ext_062,train,A1_product,train,A1_product,NEG,NEG,NEG,0.9026
batch_113,78.76,78.76_c5,"nhưng không bị trớ lên đâu, vẫn nhai nuốt bth","nhưng không bị trớ lên đâu, vẫn nhai nuốt bth",resplit_llm,POS,False,False,True,False,high,True,True,False,llm_extended,A1_product,moderate,product,False,none,A1_product,moderate,product,False,none,llm_extended,llm_extended,llm_extended,llm_extended,llm_extended,,batch_ext_104,train,A1_product,train,A1_product,POS,NEU,NEU,0.5376
batch_113,78.76,78.76_c6,vị ngọt tự nhiên từ hoa quả,vị ngọt tự nhiên từ hoa quả,resplit_llm,POS,False,False,True,False,high,True,True,True,human_gold_iaa,A1_product,none,product,True,none,A1_product,none,product,True,none,human_gold_iaa,human_gold_iaa,human_gold_iaa,human_gold_iaa,human_gold_iaa,,batch_ext_105,train,A1_product,train,A1_product,POS,POS,POS,0.9925
batch_113,78.76,78.76_c7,mùi thì hơi giống thuốc bắc xíu nên mới đầu sẽ chưa quen,mùi thì hơi giống thuốc bắc xíu nên mới đầu sẽ chưa quen,resplit_llm,NEG,False,False,True,False,high,True,True,False,llm_extended,A1_product,moderate,none,False,wishful,A1_product,moderate,none,False,wishful,llm_extended,llm_extended,llm_extended,llm_extended,llm_extended,,batch_ext_006,train,A1_product,train,A1_product,NEG,NEG,NEG,0.59
batch_113,78.812,78.812_c2,mình thấy vị nguyên bản còn dễ ăn hơn vị nha đam í,mình thấy vị nguyên bản còn dễ ăn hơn vị nha đam í,resplit_llm,POS,False,False,True,False,high,False,True,False,llm_extended,A1_product,none,product,False,none,A1_product,none,product,False,none,llm_extended,llm_extended,llm_extended,llm_extended,llm_extended,,batch_ext_015,train,A1_product,train,A1_product,POS,POS,POS,0.9994
batch_113,78.812,78.812_c3,nhma vẫn dễ ăn,nhma vẫn dễ ăn,resplit_llm,POS,False,False,True,False,high,False,True,False,llm_extended,A1_product,none,product,False,none,A1_product,none,product,False,none,llm_extended,llm_extended,llm_extended,llm_extended,llm_extended,,batch_ext_015,train,A1_product,train,A1_product,POS,POS,POS,0.9993
batch_113,78.888,78.888_c1,ai ăn quen r mới ăn được vị này nha,ai ăn quen r mới ăn được vị này nha,resplit_llm,NEU,False,False,True,False,high,False,True,False,llm_extended,A1_product,none,none,False,none,A1_product,none,none,False,none,llm_extended,llm_extended,llm_extended,llm_extended,llm_extended,,batch_ext_063,train,A1_product,train,A1_product,NEU,POS,POS,0.9982
batch_113,78.888,78.888_c2,ng mới ăn vị này khó ăn lắm ạaa,ng mới ăn vị này khó ăn lắm ạaa,resplit_llm,NEG,False,False,True,False,high,False,True,False,llm_extended,A1_product,moderate,none,False,none,A1_product,moderate,none,False,none,llm_extended,llm_extended,llm_extended,llm_extended,llm_extended,,batch_ext_010,train,A1_product,train,A1_product,NEG,POS,POS,0.994
batch_114,78.914,78.914_c1,lần đầu sẽ khó ăn,lần đầu sẽ khó ăn,resplit_llm,NEG,False,False,True,False,high,False,True,False,llm_extended,A1_product,moderate,none,False,none,A1_product,moderate,none,False,none,llm_extended,llm_extended,llm_extended,llm_extended,llm_extended,,batch_ext_068,train,A1_product,train,A1_product,NEG,NEG,NEG,0.6422
batch_114,78.914,78.914_c2,ăn lần 3 mới quen vị,ăn lần 3 mới quen vị,resplit_llm,POS,False,False,True,False,high,False,True,False,llm_extended,A1_product,none,product,False,none,A1_product,none,product,False,none,llm_extended,llm_extended,llm_extended,llm_extended,llm_extended,,batch_ext_089,train,A1_product,train,A1_product,POS,POS,POS,0.8239
batch_114,78.1,78.1_c3,ngon nên ăn 2 hũ đầu là đều vị đó,ngon nên ăn 2 hũ đầu là đều vị đó,resplit_llm,POS,False,False,True,False,high,True,True,False,llm_extended,A1_product,none,product,False,wishful,A1_product,none,product,False,wishful,llm_extended,llm_extended,llm_extended,llm_extended,llm_extended,,batch_ext_047,train,A1_product,train,A1_product,POS,POS,POS,0.9997
batch_114,78.1,78.1_c4,đến vị cam nhiều người ăn nay quyết thử chứ vẫn đam mê xoài dứa kk,đến vị cam nhiều người ăn nay quyết thử chứ vẫn đam mê xoài dứa kk,resplit_llm,POS,False,False,True,False,high,True,True,True,human_gold_iaa,A1_product,none,product,False,none,A1_product,none,product,False,none,human_gold_iaa,human_gold_iaa,human_gold_iaa,human_gold_iaa,human_gold_iaa,,batch_ext_068,train,A1_product,train,A1_product,POS,POS,POS,0.9643
batch_114,78.1,78.1_c5,được tặng hũ nhỏ vị nguyên bản,được tặng hũ nhỏ vị nguyên bản,resplit_llm,POS,False,False,True,False,high,True,True,True,human_gold_iaa_override,A4_service,none,service,False,none,A1_product,none,product,False,none,human_gold_iaa,human_gold_iaa,human_gold_iaa,human_gold_iaa,human_gold_iaa,,batch_ext_073,train,A4_service,train,A1_product,POS,POS,POS,0.9989
batch_114,78.1,78.1_c6,vì là đồ tốt sức khoẻ nên mình phải kiêng trì,vì là đồ tốt sức khoẻ nên mình phải kiêng trì,kept_43b,POS,False,False,True,False,high,True,True,False,llm_extended,A1_product,none,product,False,wishful,A1_product,none,product,False,wishful,llm_extended,llm_extended,llm_extended,llm_extended,llm_extended,,batch_ext_007,train,A1_product,train,A1_product,POS,NEG,NEG,0.6144
batch_114,78.1,78.1_c8,nhưng cứng đông lại như thạch á. của shop là sệt lỏng hơn,nhưng cứng đông lại như thạch á. của shop là sệt lỏng hơn,merged_llm,POS,False,False,True,False,high,True,True,False,llm_extended,A4_service,moderate,service,False,softener,A4_service,moderate,service,False,softener,llm_extended,llm_extended,llm_extended,llm_extended,llm_extended,,batch_ext_061,train,A4_service,train,A4_service,POS,NEG,NEG,0.831
batch_114,78.1,78.1_c9,cá nhân mình thấy hãng này nhiều vị,cá nhân mình thấy hãng này nhiều vị,resplit_llm,POS,False,False,True,False,high,True,True,False,llm_extended,A1_product,none,product,False,none,A1_product,none,product,False,none,llm_extended,llm_extended,llm_extended,llm_extended,llm_extended,,batch_ext_106,train,A1_product,train,A1_product,POS,POS,POS,0.9948
batch_114,78.1,78.1_c10,bao bì bắt mắt xịn sò chuyên nghiệp,bao bì bắt mắt xịn sò chuyên nghiệp,resplit_llm,POS,False,False,True,False,high,True,True,False,llm_extended,A2_label,moderate,product,False,none,A2_label,moderate,product,False,none,llm_extended,llm_extended,llm_extended,llm_extended,llm_extended,,batch_ext_018,train,A2_label,train,A2_label,POS,POS,POS,0.9996
batch_114,78.1,78.1_c11,đóng gói chống sốc siêu kĩ càng,đóng gói chống sốc siêu kĩ càng,kept_43b,POS,False,False,True,False,high,True,True,False,llm_extended,A3_logistics,none,product,False,none,A3_logistics,none,product,False,none,llm_extended,llm_extended,llm_extended,llm_extended,llm_extended,,batch_ext_023,train,A3_logistics,train,A3_logistics,POS,POS,POS,0.9997
batch_114,78.925,78.925_c2,đúng mô tả,đúng mô tả,resplit_llm,POS,False,False,True,False,high,False,True,True,human_gold_iaa_override,A2_label,none,product,False,none,A1_product,none,product,False,none,human_gold_iaa,human_gold_iaa,human_gold_iaa,human_gold_iaa,human_gold_iaa,,batch_ext_093,train,A2_label,train,A1_product,POS,POS,POS,0.9936
batch_115,78.969,78.969_c1,dễ ăn,dễ ăn,kept_43b,POS,False,False,True,False,high,False,True,False,llm_extended,A1_product,none,product,False,none,A1_product,none,product,False,none,llm_extended,llm_extended,llm_extended,llm_extended,llm_extended,,batch_ext_078,train,A1_product,train,A1_product,POS,POS,POS,0.9989
batch_115,8.17,8.17_c1,"bánh ngon, đang dịch giãn cách","bánh ngon, đang dịch giãn cách",kept_43b,POS,False,False,True,False,high,True,True,False,llm_extended,A1_product,none,product,False,none,A1_product,none,product,False,none,llm_extended,llm_extended,llm_extended,llm_extended,llm_extended,,batch_ext_060,train,A1_product,train,A1_product,POS,POS,POS,0.9991
batch_115,8.17,8.17_c2,nhưng giao hàng nhanh,nhưng giao hàng nhanh,kept_43b,POS,False,False,True,False,high,True,True,False,llm_extended,A3_logistics,mild,logistics,False,none,A3_logistics,mild,logistics,False,none,llm_extended,llm_extended,llm_extended,llm_extended,llm_extended,,batch_ext_066,train,A3_logistics,train,A3_logistics,POS,POS,POS,0.9626
batch_115,8.17,8.17_c3,m đặt htrc hsau nhận được r. bánh ngon,m đặt htrc hsau nhận được r. bánh ngon,kept_43b,POS,False,False,True,False,high,True,True,False,llm_extended,A5_price,moderate,value,False,none,A5_price,moderate,value,False,none,llm_extended,llm_extended,llm_extended,llm_extended,llm_extended,,batch_ext_050,train,A5_price,train,A5_price,POS,POS,POS,0.9993
batch_115,8.17,8.17_c4,dễ ăn,dễ ăn,kept_43b,POS,False,False,True,False,high,True,True,True,human_gold_iaa,A1_product,none,product,False,none,A1_product,none,product,False,none,human_gold_iaa,human_gold_iaa,human_gold_iaa,human_gold_iaa,human_gold_iaa,,batch_ext_051,train,A1_product,train,A1_product,POS,POS,POS,0.9989
batch_115,8.17,8.17_c5,vừa khẩu vị của mình,vừa khẩu vị của mình,kept_43b,POS,False,False,True,False,high,True,True,False,llm_extended,A1_product,none,product,False,none,A1_product,none,product,False,none,llm_extended,llm_extended,llm_extended,llm_extended,llm_extended,,batch_ext_006,train,A1_product,train,A1_product,POS,POS,POS,0.9975
batch_115,8.17,8.17_c6,bánh giòn,bánh giòn,kept_43b,POS,False,False,True,False,high,True,True,True,human_gold_iaa,A1_product,none,product,False,none,A1_product,none,product,False,none,human_gold_iaa,human_gold_iaa,human_gold_iaa,human_gold_iaa,human_gold_iaa,,batch_ext_074,train,A1_product,train,A1_product,POS,POS,POS,0.9846
batch_115,8.17,8.17_c7,nhưng không bị vỡ,nhưng không bị vỡ,kept_43b,POS,False,False,True,False,high,True,True,True,human_gold_iaa_override,A1_product,strong,product,False,none,A3_logistics,strong,logistics,False,none,human_gold_iaa,human_gold_iaa,human_gold_iaa,human_gold_iaa,human_gold_iaa,,batch_ext_051,train,A3_logistics,train,A3_logistics,POS,NEG,NEG,0.5846
batch_115,8.17,8.17_c8,shop gói hàng cẩn thận,shop gói hàng cẩn thận,kept_43b,POS,False,False,True,False,high,True,True,False,llm_extended,A3_logistics,none,logistics,False,none,A3_logistics,none,logistics,False,none,llm_extended,llm_extended,llm_extended,llm_extended,llm_extended,,batch_ext_045,train,A3_logistics,train,A3_logistics,POS,POS,POS,0.9996
batch_115,8.17,8.17_c9,có bọc chống sốc và bên ngoài ghi hàng dễ vỡ nữa,có bọc chống sốc và bên ngoài ghi hàng dễ vỡ nữa,kept_43b,POS,False,False,True,False,high,True,True,True,human_gold_iaa_override,A3_logistics,strong,product,False,none,A3_logistics,strong,logistics,False,none,human_gold_iaa,human_gold_iaa,human_gold_iaa,human_gold_iaa,human_gold_iaa,,batch_ext_085,train,A3_logistics,train,A3_logistics,POS,POS,POS,0.9545
batch_116,81.127,81.127_c1,nhận được hàng nhanh chóng,nhận được hàng nhanh chóng,resplit_llm,POS,False,False,True,False,high,False,True,False,llm_extended,A1_product,none,product,False,none,A1_product,none,product,False,none,llm_extended,llm_extended,llm_extended,llm_extended,llm_extended,,batch_ext_046,train,A3_logistics,train,A1_product,POS,POS,POS,0.9996
batch_116,81.127,81.127_c2,đầy đủ số lượng,đầy đủ số lượng,resplit_llm,POS,False,False,True,False,high,False,True,True,human_gold_iaa_override,A1_product,none,product,False,none,A1_product,none,logistics,False,none,human_gold_iaa,human_gold_iaa,human_gold_iaa,human_gold_iaa,human_gold_iaa,,batch_ext_039,train,A1_product,train,A1_product,POS,POS,POS,0.9981
batch_116,81.127,81.127_c3,đúng sản phẩm đã đặt,đúng sản phẩm đã đặt,resplit_llm,POS,False,False,True,False,high,False,True,False,llm_extended,A5_price,moderate,value,False,none,A5_price,moderate,value,False,none,llm_extended,llm_extended,llm_extended,llm_extended,llm_extended,,batch_ext_037,train,A5_price,train,A5_price,POS,POS,POS,0.9994
batch_116,81.203,81.203_c1,được! 10 điểm,được! 10 điểm,resplit_llm,POS,False,False,True,False,medium,False,True,False,llm_extended,A1_product,none,product,False,none,A1_product,none,product,False,none,llm_extended,llm_extended,llm_extended,llm_extended,llm_extended,,batch_ext_056,train,A1_product,train,A1_product,POS,POS,POS,0.9975
batch_117,82.3,82.3_c1,"bao bì mẫu mã đẹp sang, sản phẩm bao bì đẹp mắt","bao bì mẫu mã đẹp sang, sản phẩm bao bì đẹp mắt",resplit_llm,POS,False,False,True,False,high,True,True,False,llm_extended,A2_label,moderate,product,False,none,A2_label,moderate,product,False,none,llm_extended,llm_extended,llm_extended,llm_extended,llm_extended,,batch_ext_009,train,A2_label,train,A2_label,POS,POS,POS,0.9991
batch_117,82.3,82.3_c2,hương vị thiên chua ít ngọt,hương vị thiên chua ít ngọt,resplit_llm,NEU,False,False,True,False,high,True,True,False,llm_extended,A1_product,mild,none,False,none,A1_product,mild,none,False,none,llm_extended,llm_extended,llm_extended,llm_extended,llm_extended,,batch_ext_057,train,A1_product,train,A1_product,NEU,POS,POS,0.9238
batch_117,82.3,82.3_c3,ăn rất cuốn,ăn rất cuốn,kept_43b,POS,False,False,True,False,high,True,True,False,llm_extended,A1_product,none,product,False,none,A1_product,none,product,False,none,llm_extended,llm_extended,llm_extended,llm_extended,llm_extended,,batch_ext_066,train,A1_product,train,A1_product,POS,POS,POS,0.9997
batch_117,82.3,82.3_c4,tuy giá hơi cao,tuy giá hơi cao,kept_43b,NEG,False,False,True,False,high,True,True,False,llm_extended,A5_price,moderate,none,False,softener,A5_price,moderate,none,False,softener,llm_extended,llm_extended,llm_extended,llm_extended,llm_extended,,batch_ext_045,train,A5_price,train,A5_price,NEG,NEU,NEU,0.9993
batch_117,82.3,82.3_c5,nhưng sẽ mua lại,nhưng sẽ mua lại,kept_43b,POS,False,False,True,False,high,True,True,False,llm_extended,A1_product,mild,product,False,none,A1_product,mild,product,False,none,llm_extended,llm_extended,llm_extended,llm_extended,llm_extended,,batch_ext_077,train,A1_product,train,A1_product,POS,POS,POS,0.999
batch_117,82.3,82.3_c6,điểm 10 cho chất lượng,điểm 10 cho chất lượng,kept_43b,POS,False,False,True,False,high,True,True,False,llm_extended,A1_product,none,product,False,none,A1_product,none,product,False,none,llm_extended,llm_extended,llm_extended,llm_extended,llm_extended,,batch_ext_091,train,A1_product,train,A1_product,POS,POS,POS,0.9712
batch_117,82.3,82.3_c7,nhưng cho 1 vì đặt ở sg giao đn mà 5 ngày mới có hàng,nhưng cho 1 vì đặt ở sg giao đn mà 5 ngày mới có hàng,kept_43b,NEG,False,False,True,False,high,True,True,False,llm_extended,A5_price,moderate,none,False,none,A5_price,moderate,none,False,none,llm_extended,llm_extended,llm_extended,llm_extended,llm_extended,,batch_ext_002,train,A5_price,train,A5_price,NEG,NEG,NEG,0.7593
batch_117,82.3,82.3_c8,trong khi đó đặt ở hn mà có 1 ngày 2 đêm là nhận được rồi,trong khi đó đặt ở hn mà có 1 ngày 2 đêm là nhận được rồi,kept_43b,NEG,False,False,True,False,high,True,True,False,llm_extended,A5_price,moderate,none,False,none,A5_price,moderate,none,False,none,llm_extended,llm_extended,llm_extended,llm_extended,llm_extended,,batch_ext_022,train,A5_price,train,A5_price,NEG,POS,POS,0.746
batch_117,82.3,82.3_c9,vãi cả giao hàng,vãi cả giao hàng,kept_43b,NEG,False,False,True,False,high,True,True,False,llm_extended,A3_logistics,moderate,none,False,none,A3_logistics,moderate,none,False,none,llm_extended,llm_extended,llm_extended,llm_extended,llm_extended,,batch_ext_067,train,A3_logistics,train,A3_logistics,NEG,NEG,NEG,0.9859
batch_117,82.3,82.3_c10,làm người ta lỡ hết việc,làm người ta lỡ hết việc,kept_43b,NEG,False,False,True,False,high,True,True,False,llm_extended,A1_product,moderate,none,False,none,A1_product,moderate,none,False,none,llm_extended,llm_extended,llm_extended,llm_extended,llm_extended,,batch_ext_100,train,A1_product,train,A1_product,NEG,NEG,NEG,0.9971
batch_119,85.1267,85.1267_c1,đã nhận được rồi hàng đi nhanh lắm luôn mọi người nên mua nhé kk,đã nhận được rồi hàng đi nhanh lắm luôn mọi người nên mua nhé kk,resplit_llm,POS,False,False,True,False,high,False,True,False,llm_extended,A1_product,none,product,False,wishful,A1_product,none,product,False,wishful,llm_extended,llm_extended,llm_extended,llm_extended,llm_extended,,batch_ext_108,train,A1_product,train,A1_product,POS,POS,POS,0.9997
batch_119,85.244,85.244_c1,hàng ok nha,hàng ok nha,resplit_llm,POS,False,False,True,False,high,False,True,False,llm_extended,A1_product,none,product,False,none,A1_product,none,product,False,none,llm_extended,llm_extended,llm_extended,llm_extended,llm_extended,,batch_ext_007,train,A1_product,train,A1_product,POS,POS,POS,0.9996
batch_119,85.577,85.577_c1,bé hợp tác sẽ ủng hộ lần sau,bé hợp tác sẽ ủng hộ lần sau,resplit_llm,POS,False,False,True,False,high,False,True,True,human_gold_iaa_override,A3_logistics,strong,product,False,wishful,A4_service,strong,product,False,wishful,human_gold_iaa,human_gold_iaa,human_gold_iaa,human_gold_iaa,human_gold_iaa,,batch_ext_057,train,A4_service,train,A4_service,POS,POS,POS,0.9996
batch_119,85.577,85.577_c2,đóng hàng cẩn thận ok,đóng hàng cẩn thận ok,resplit_llm,POS,False,False,True,False,high,False,True,False,llm_extended,A1_product,none,product,False,none,A1_product,none,product,False,none,llm_extended,llm_extended,llm_extended,llm_extended,llm_extended,,batch_ext_011,train,A3_logistics,train,A1_product,POS,POS,POS,0.9997
batch_120,85.929,85.929_c2,phải chi có chai g to hơn phù hợp hơn để mua một lần dùng lâu dài,phải chi có chai g to hơn phù hợp hơn để mua một lần dùng lâu dài,resplit_llm,NEG,False,False,True,False,high,False,True,False,llm_extended,A3_logistics,moderate,none,False,none,A3_logistics,moderate,none,False,none,llm_extended,llm_extended,llm_extended,llm_extended,llm_extended,,batch_ext_069,train,A1_product,train,A3_logistics,NEG,POS,POS,0.9076
batch_120,86.203,86.203_c1,đủ số lượng,đủ số lượng,resplit_llm,POS,False,False,True,False,high,False,True,False,llm_extended,A1_product,none,product,False,none,A1_product,none,product,False,none,llm_extended,llm_extended,llm_extended,llm_extended,llm_extended,,batch_ext_045,train,A1_product,train,A1_product,POS,POS,POS,0.999
batch_120,86.203,86.203_c2,hàng mới,hàng mới,resplit_llm,POS,False,False,True,False,high,False,True,False,llm_extended,A1_product,none,product,False,none,A1_product,none,product,False,none,llm_extended,llm_extended,llm_extended,llm_extended,llm_extended,,batch_ext_067,train,A3_logistics,train,A1_product,POS,POS,POS,0.9992
batch_120,86.225,86.225_c1,mình tưởng to lắm,mình tưởng to lắm,kept_43b,NEG,False,False,True,False,high,False,True,False,llm_extended,A1_product,moderate,none,False,none,A1_product,moderate,none,False,none,llm_extended,llm_extended,llm_extended,llm_extended,llm_extended,,batch_ext_107,train,A1_product,train,A1_product,NEG,NEU,NEU,0.9605
batch_122,87.511,87.511_c2,ai ngờ cái bì với bịch hút ẩm to đùng chiếm hết 20g rồi,ai ngờ cái bì với bịch hút ẩm to đùng chiếm hết 20g rồi,kept_43b,NEG,False,False,True,False,high,False,True,False,llm_extended,A1_product,moderate,none,False,none,A1_product,moderate,none,False,none,llm_extended,llm_extended,llm_extended,llm_extended,llm_extended,,batch_ext_110,train,A1_product,train,A1_product,NEG,POS,POS,0.9932
batch_122,87.511,87.511_c3,mua 100g còn lại có 80g,mua 100g còn lại có 80g,kept_43b,NEG,False,False,True,False,high,False,True,False,llm_extended,A1_product,moderate,none,False,none,A1_product,moderate,none,False,none,llm_extended,llm_extended,llm_extended,llm_extended,llm_extended,,batch_ext_090,train,A1_product,train,A1_product,NEG,NEG,NEG,0.8004
batch_122,87.511,87.511_c5,nhưng shop đã giao 5 bịch thế này thì thiếu rất nhiều luôn,nhưng shop đã giao 5 bịch thế này thì thiếu rất nhiều luôn,merged_llm,NEG,False,False,True,False,high,False,True,False,llm_extended,A3_logistics,moderate,none,False,none,A3_logistics,moderate,none,False,none,llm_extended,llm_extended,llm_extended,llm_extended,llm_extended,,batch_ext_011,train,A4_service,train,A3_logistics,NEG,POS,POS,0.9211
batch_122,87.511,87.511_c6,shop này làm không trung thực nên mình không sẽ mua lại,shop này làm không trung thực nên mình không sẽ mua lại,kept_43b,NEG,False,False,True,False,high,False,True,False,llm_extended,A4_service,moderate,none,False,wishful,A4_service,moderate,none,False,wishful,llm_extended,llm_extended,llm_extended,llm_extended,llm_extended,,batch_ext_005,train,A4_service,train,A4_service,NEG,NEG,NEG,0.9992
batch_122,87.511,87.511_c7,"nếu dính phải nấm tẩm hoá chất bảo quản, sấy bằng lưu huỳnh hay bị mốc thì sẽ có nguy cơ cao bị ung thư gan","nếu dính phải nấm tẩm hoá chất bảo quản, sấy bằng lưu huỳnh hay bị mốc thì sẽ có nguy cơ cao bị ung thư gan",merged_llm,NEG,False,False,True,False,high,True,True,True,human_gold_iaa,A1_product,strong,none,False,conditional,A1_product,strong,none,False,conditional,human_gold_iaa,human_gold_iaa,human_gold_iaa,human_gold_iaa,human_gold_iaa,,batch_ext_042,train,A1_product,train,A1_product,NEG,NEG,NEG,0.949
batch_122,87.94,87.94_c1,sản phẩm như mô tả,sản phẩm như mô tả,kept_43b,POS,False,False,True,False,high,False,True,False,llm_extended,A2_label,none,product,False,none,A2_label,none,product,False,none,llm_extended,llm_extended,llm_extended,llm_extended,llm_extended,,batch_ext_077,train,A2_label,train,A2_label,POS,POS,POS,0.9952
batch_126,88.1693,88.1693_c1,"trà dễ uống lắm luôn, nên mua nhe","trà dễ uống lắm luôn, nên mua nhe",resplit_llm,POS,False,False,True,False,high,False,True,False,llm_extended,A1_product,none,product,False,wishful,A1_product,none,product,False,wishful,llm_extended,llm_extended,llm_extended,llm_extended,llm_extended,,batch_ext_035,train,A1_product,train,A1_product,POS,POS,POS,0.9998
batch_126,88.1715,88.1715_c1,hương vị:dễ uống,hương vị:dễ uống,kept_43b,POS,False,False,True,False,high,False,True,True,human_gold_iaa,A1_product,none,product,False,none,A1_product,none,product,False,none,human_gold_iaa,human_gold_iaa,human_gold_iaa,human_gold_iaa,human_gold_iaa,,batch_ext_068,train,A1_product,train,A1_product,POS,POS,POS,0.9983
batch_126,88.1721,88.1721_c2,sản phẩm giống mô tả,sản phẩm giống mô tả,resplit_llm,POS,False,False,True,False,high,False,True,False,llm_extended,A2_label,none,product,False,none,A2_label,none,product,False,none,llm_extended,llm_extended,llm_extended,llm_extended,llm_extended,,batch_ext_011,train,A2_label,train,A2_label,POS,POS,POS,0.9941
batch_128,88.2248,88.2248_c1,"thấyy râttst dễ uống,","thấyy râttst dễ uống,",resplit_llm,POS,False,False,True,False,high,False,True,False,llm_extended,A1_product,none,product,False,none,A1_product,none,product,False,none,llm_extended,llm_extended,llm_extended,llm_extended,llm_extended,,batch_ext_065,train,A1_product,train,A1_product,POS,POS,POS,0.9984
batch_128,88.2248,88.2248_c2,có ngọtt,có ngọtt,resplit_llm,POS,False,False,True,False,high,False,True,False,llm_extended,A1_product,none,product,False,none,A1_product,none,product,False,none,llm_extended,llm_extended,llm_extended,llm_extended,llm_extended,,batch_ext_076,train,A1_product,train,A1_product,POS,POS,POS,0.9982
batch_128,88.2248,88.2248_c3,khôngg có đắn hay mùi khó chịu như nào,khôngg có đắn hay mùi khó chịu như nào,resplit_llm,POS,False,False,True,False,high,False,True,False,llm_extended,A1_product,moderate,product,False,none,A1_product,moderate,product,False,none,llm_extended,llm_extended,llm_extended,llm_extended,llm_extended,,batch_ext_109,train,A1_product,train,A1_product,POS,NEG,NEG,0.9953
batch_128,88.2248,88.2248_c4,nó như mùi trà hay uốn v,nó như mùi trà hay uốn v,resplit_llm,NEU,False,False,True,False,high,False,True,False,llm_extended,A1_product,none,none,False,none,A1_product,none,none,False,none,llm_extended,llm_extended,llm_extended,llm_extended,llm_extended,,batch_ext_077,train,A1_product,train,A1_product,NEU,NEG,NEG,0.9941
batch_129,88.249,88.249_c1,hương vị:rau cá nhiếp cá,hương vị:rau cá nhiếp cá,resplit_llm,NEU,False,False,True,False,high,False,True,False,llm_extended,A1_product,none,none,False,none,A1_product,none,none,False,none,llm_extended,llm_extended,llm_extended,llm_extended,llm_extended,,batch_ext_079,train,A1_product,train,A1_product,NEU,POS,POS,0.5054
batch_129,88.249,88.249_c2,"uống mát, dễ uống lắm","uống mát, dễ uống lắm",resplit_llm,POS,False,False,True,False,high,False,True,False,llm_extended,A1_product,none,product,False,none,A1_product,none,product,False,none,llm_extended,llm_extended,llm_extended,llm_extended,llm_extended,,batch_ext_115,train,A1_product,train,A1_product,POS,POS,POS,0.9996
batch_129,88.249,88.249_c3,"mọi người nên mua thử nhé, recommend mọi người ạ","mọi người nên mua thử nhé, recommend mọi người ạ",resplit_llm,POS,False,False,True,False,high,False,True,False,llm_extended,A1_product,none,product,False,wishful,A1_product,none,product,False,wishful,llm_extended,llm_extended,llm_extended,llm_extended,llm_extended,,batch_ext_055,train,A1_product,train,A1_product,POS,POS,POS,0.9997
batch_129,88.2503,88.2503_c1,trà uống dễ nha ai cũng uống được,trà uống dễ nha ai cũng uống được,resplit_llm,POS,False,False,True,False,high,False,True,False,llm_extended,A1_product,moderate,product,False,softener,A1_product,moderate,product,False,softener,llm_extended,llm_extended,llm_extended,llm_extended,llm_extended,,batch_ext_036,train,A1_product,train,A1_product,POS,POS,POS,0.9997
batch_129,88.2503,88.2503_c2,nóng trong thì uống nhá,nóng trong thì uống nhá,resplit_llm,NEU,False,False,True,False,high,False,True,False,llm_extended,A1_product,none,none,False,none,A1_product,none,none,False,none,llm_extended,llm_extended,llm_extended,llm_extended,llm_extended,,batch_ext_048,train,A1_product,train,A1_product,NEU,POS,POS,0.9724
batch_129,88.2503,88.2503_c3,nên mua nha,nên mua nha,resplit_llm,POS,False,False,True,False,high,False,True,False,llm_extended,A1_product,none,product,False,wishful,A1_product,none,product,False,wishful,llm_extended,llm_extended,llm_extended,llm_extended,llm_extended,,batch_ext_113,train,A1_product,train,A1_product,POS,POS,POS,0.9997
batch_134,92.17,92.17_c2,sản phẩm đóng gọi cẩn thận,sản phẩm đóng gọi cẩn thận,resplit_llm,POS,False,False,True,False,high,False,True,False,llm_extended,A3_logistics,none,logistics,False,none,A3_logistics,none,logistics,False,none,llm_extended,llm_extended,llm_extended,llm_extended,llm_extended,,batch_ext_088,train,A3_logistics,train,A3_logistics,POS,POS,POS,0.9996
batch_134,92.17,92.17_c3,tiện sử dụng,tiện sử dụng,resplit_llm,POS,False,False,True,False,high,False,True,True,human_gold_iaa_override,A5_price,none,value,False,none,A1_product,none,product,False,none,human_gold_iaa,human_gold_iaa,human_gold_iaa,human_gold_iaa,human_gold_iaa,,batch_ext_021,train,A1_product,train,A1_product,POS,POS,POS,0.9996
batch_134,94.1027,94.1027_c1,sản phẩm đúng mô tả,sản phẩm đúng mô tả,resplit_llm,POS,False,False,True,False,high,False,True,False,llm_extended,A2_label,none,product,False,none,A2_label,none,product,False,none,llm_extended,llm_extended,llm_extended,llm_extended,llm_extended,,batch_ext_097,train,A2_label,train,A2_label,POS,POS,POS,0.9971
batch_134,94.1027,94.1027_c2,mình bị táo bón từ ngày uống hạt chia tới giờ mình thấy trộm vía hẳn,mình bị táo bón từ ngày uống hạt chia tới giờ mình thấy trộm vía hẳn,resplit_llm,POS,False,False,True,False,high,False,True,False,llm_extended,A1_product,moderate,product,False,none,A1_product,moderate,product,False,none,llm_extended,llm_extended,llm_extended,llm_extended,llm_extended,,batch_ext_055,train,A1_product,train,A1_product,POS,POS,POS,0.9994
batch_134,94.1178,94.1178_c2,gói hàng cẩn thận,gói hàng cẩn thận,resplit_llm,POS,False,False,True,False,high,False,True,True,human_gold_iaa,A3_logistics,none,logistics,False,none,A3_logistics,none,logistics,False,none,human_gold_iaa,human_gold_iaa,human_gold_iaa,human_gold_iaa,human_gold_iaa,,batch_ext_095,train,A3_logistics,train,A3_logistics,POS,POS,POS,0.9996
batch_134,94.1182,94.1182_c2,đầy đủ các món đã đặt,đầy đủ các món đã đặt,resplit_llm,POS,False,False,True,False,high,False,True,False,llm_extended,A5_price,moderate,value,False,none,A5_price,moderate,value,False,none,llm_extended,llm_extended,llm_extended,llm_extended,llm_extended,,batch_ext_039,train,A5_price,train,A5_price,POS,POS,POS,0.9992
batch_134,94.1182,94.1182_c3,sản phẩm đúng mô tả nhé,sản phẩm đúng mô tả nhé,resplit_llm,POS,False,False,True,False,high,False,True,True,human_gold_iaa_override,A2_label,none,product,False,none,A1_product,none,product,False,none,human_gold_iaa,human_gold_iaa,human_gold_iaa,human_gold_iaa,human_gold_iaa,,batch_ext_034,train,A2_label,train,A1_product,POS,POS,POS,0.9991
batch_136,94.1576,94.1576_c1,đóng gói ok,đóng gói ok,kept_43b,POS,False,False,True,False,high,True,True,False,llm_extended,A3_logistics,none,product,False,none,A3_logistics,none,product,False,none,llm_extended,llm_extended,llm_extended,llm_extended,llm_extended,,batch_ext_028,train,A3_logistics,train,A3_logistics,POS,POS,POS,0.9993
batch_136,94.1576,94.1576_c2,"so chất lượng, đã thử rất tốt","so chất lượng, đã thử rất tốt",merged_llm,POS,False,False,True,False,high,True,True,False,llm_extended,A1_product,none,product,False,none,A1_product,none,product,False,none,llm_extended,llm_extended,llm_extended,llm_extended,llm_extended,,batch_ext_092,train,A1_product,train,A1_product,POS,POS,POS,0.5403
batch_136,94.1576,94.1576_c5,"bao bì hộp đẹp, xịn xò","bao bì hộp đẹp, xịn xò",merged_llm,POS,False,False,True,False,high,True,True,False,llm_extended,A2_label,moderate,product,False,none,A2_label,moderate,product,False,none,llm_extended,llm_extended,llm_extended,llm_extended,llm_extended,,batch_ext_032,train,A2_label,train,A2_label,POS,POS,POS,0.9994
batch_136,94.1576,94.1576_c6,dùng hết sẽ mua tiếp,dùng hết sẽ mua tiếp,kept_43b,POS,False,False,True,False,high,True,True,False,llm_extended,A1_product,none,product,False,wishful,A1_product,none,product,False,wishful,llm_extended,llm_extended,llm_extended,llm_extended,llm_extended,,batch_ext_015,train,A1_product,train,A1_product,POS,POS,POS,0.9991
batch_136,94.1576,94.1576_c7,mình theo chế độ ăn heathy nên sản phẩm này rất cần thiết,mình theo chế độ ăn heathy nên sản phẩm này rất cần thiết,kept_43b,POS,False,False,True,False,high,True,True,False,llm_extended,A1_product,none,product,False,wishful,A1_product,none,product,False,wishful,llm_extended,llm_extended,llm_extended,llm_extended,llm_extended,,batch_ext_045,train,A1_product,train,A1_product,POS,POS,POS,0.9991
batch_136,94.1576,94.1576_c8,rất tốt cho sức khỏe,rất tốt cho sức khỏe,kept_43b,POS,False,False,True,False,high,True,True,False,llm_extended,A1_product,none,product,False,none,A1_product,none,product,False,none,llm_extended,llm_extended,llm_extended,llm_extended,llm_extended,,batch_ext_017,train,A1_product,train,A1_product,POS,POS,POS,0.9997
batch_136,94.1661,94.1661_c2,"đầy đủ các món hàng đã đặt,","đầy đủ các món hàng đã đặt,",resplit_llm,POS,False,False,True,False,high,False,True,False,llm_extended,A5_price,moderate,value,False,none,A5_price,moderate,value,False,none,llm_extended,llm_extended,llm_extended,llm_extended,llm_extended,,batch_ext_040,train,A5_price,train,A5_price,POS,POS,POS,0.9351
batch_136,94.1661,94.1661_c3,sản phẩm đúng mô tả nhé,sản phẩm đúng mô tả nhé,resplit_llm,POS,False,False,True,False,high,False,True,False,llm_extended,A2_label,none,product,False,none,A2_label,none,product,False,none,llm_extended,llm_extended,llm_extended,llm_extended,llm_extended,,batch_ext_004,train,A2_label,train,A2_label,POS,POS,POS,0.9991
batch_136,94.1798,94.1798_c1,hương vị:oki,hương vị:oki,kept_43b,POS,False,False,True,False,high,False,True,True,human_gold_iaa,A1_product,none,product,False,none,A1_product,none,product,False,none,human_gold_iaa,human_gold_iaa,human_gold_iaa,human_gold_iaa,human_gold_iaa,,batch_ext_075,train,A1_product,train,A1_product,POS,NEU,NEU,0.5334
batch_138,95.102,95.102_c1,chỉ có 3 gói bánh ăn thử sop,chỉ có 3 gói bánh ăn thử sop,resplit_llm,NEU,False,False,True,False,high,False,True,False,llm_extended,A1_product,none,none,False,none,A1_product,none,none,False,none,llm_extended,llm_extended,llm_extended,llm_extended,llm_extended,,batch_ext_010,train,A1_product,train,A1_product,NEU,NEG,NEG,0.9953
batch_138,95.102,95.102_c2,gói đong thùng cần thận,gói đong thùng cần thận,resplit_llm,POS,False,False,True,False,high,False,True,False,llm_extended,A3_logistics,none,logistics,False,none,A3_logistics,none,logistics,False,none,llm_extended,llm_extended,llm_extended,llm_extended,llm_extended,,batch_ext_032,train,A3_logistics,train,A3_logistics,POS,POS,POS,0.9815
batch_139,95.1188,95.1188_c1,dễ ăn lắm,dễ ăn lắm,kept_43b,POS,False,False,True,False,high,False,True,False,llm_extended,A1_product,none,product,False,none,A1_product,none,product,False,none,llm_extended,llm_extended,llm_extended,llm_extended,llm_extended,,batch_ext_110,train,A1_product,train,A1_product,POS,POS,POS,0.9997
batch_139,95.312,95.312_c1,"bao gói cẩn thận,","bao gói cẩn thận,",resplit_llm,POS,False,False,True,False,high,False,True,False,llm_extended,A1_product,none,product,False,none,A1_product,none,product,False,none,llm_extended,llm_extended,llm_extended,llm_extended,llm_extended,,batch_ext_049,train,A3_logistics,train,A1_product,POS,POS,POS,0.8448
batch_139,95.312,95.312_c2,"nhận hàng nhanh,","nhận hàng nhanh,",resplit_llm,POS,False,False,True,False,high,False,True,False,llm_extended,A3_logistics,none,logistics,False,none,A3_logistics,none,logistics,False,none,llm_extended,llm_extended,llm_extended,llm_extended,llm_extended,,batch_ext_036,train,A3_logistics,train,A3_logistics,POS,POS,POS,0.9842
batch_139,95.312,95.312_c3,"shipper có tâm,","shipper có tâm,",resplit_llm,POS,False,False,True,False,high,False,True,False,llm_extended,A1_product,mild,product,False,softener,A1_product,mild,product,False,softener,llm_extended,llm_extended,llm_extended,llm_extended,llm_extended,,batch_ext_087,train,A1_product,train,A1_product,POS,POS,POS,0.9983
batch_139,95.312,95.312_c4,mẫu mã đẹp,mẫu mã đẹp,resplit_llm,POS,False,False,True,False,high,False,True,False,llm_extended,A1_product,none,product,False,none,A1_product,none,product,False,none,llm_extended,llm_extended,llm_extended,llm_extended,llm_extended,,batch_ext_047,train,A2_label,train,A1_product,POS,POS,POS,0.9997
batch_139,95.787,95.787_c1,cái bánh nhỏ hơn bình thường nên đáng yêu xỉu hihi hh,cái bánh nhỏ hơn bình thường nên đáng yêu xỉu hihi hh,kept_43b,POS,False,False,True,False,high,False,True,False,llm_extended,A1_product,none,product,False,wishful,A1_product,none,product,False,wishful,llm_extended,llm_extended,llm_extended,llm_extended,llm_extended,,batch_ext_002,train,A1_product,train,A1_product,POS,POS,POS,0.9997
batch_142,99.373,99.373_c1,sản phẩm nhận được đúng như mô tả,sản phẩm nhận được đúng như mô tả,kept_43b,POS,False,False,True,False,high,True,True,False,llm_extended,A2_label,none,product,False,none,A2_label,none,product,False,none,llm_extended,llm_extended,llm_extended,llm_extended,llm_extended,,batch_ext_073,train,A2_label,train,A2_label,POS,POS,POS,0.9983
batch_142,99.373,99.373_c2,chất lượng tốt,chất lượng tốt,kept_43b,POS,False,False,True,False,high,True,True,False,llm_extended,A1_product,none,product,False,none,A1_product,none,product,False,none,llm_extended,llm_extended,llm_extended,llm_extended,llm_extended,,batch_ext_042,train,A1_product,train,A1_product,POS,POS,POS,0.9995
batch_142,99.373,99.373_c3,đóng gói cẩn thận và chắc chắn,đóng gói cẩn thận và chắc chắn,kept_43b,POS,False,False,True,False,high,True,True,False,llm_extended,A3_logistics,none,logistics,False,softener,A3_logistics,none,logistics,False,softener,llm_extended,llm_extended,llm_extended,llm_extended,llm_extended,,batch_ext_037,train,A3_logistics,train,A3_logistics,POS,POS,POS,0.9993
batch_142,99.373,99.373_c4,giao hàng nhanh,giao hàng nhanh,resplit_llm,POS,False,False,True,False,high,True,True,False,llm_extended,A3_logistics,none,logistics,False,none,A3_logistics,none,logistics,False,none,llm_extended,llm_extended,llm_extended,llm_extended,llm_extended,,batch_ext_027,train,A3_logistics,train,A3_logistics,POS,POS,POS,0.9997
batch_142,99.373,99.373_c5,shipper thân thiện,shipper thân thiện,resplit_llm,POS,False,False,True,False,high,True,True,False,llm_extended,A1_product,none,product,False,none,A1_product,none,product,False,none,llm_extended,llm_extended,llm_extended,llm_extended,llm_extended,,batch_ext_084,train,A1_product,train,A1_product,POS,POS,POS,0.9996
batch_142,99.373,99.373_c6,giá cả hợp lý so với chất lượng,giá cả hợp lý so với chất lượng,kept_43b,POS,False,False,True,False,high,True,True,False,llm_extended,A5_price,none,value,False,none,A5_price,none,value,False,none,llm_extended,llm_extended,llm_extended,llm_extended,llm_extended,,batch_ext_021,train,A5_price,train,A5_price,POS,POS,POS,0.9994
batch_142,99.373,99.373_c8,shop hỗ trợ nhiệt tình,shop hỗ trợ nhiệt tình,kept_43b,POS,False,False,True,False,high,True,True,False,llm_extended,A4_service,none,service,False,none,A4_service,none,service,False,none,llm_extended,llm_extended,llm_extended,llm_extended,llm_extended,,batch_ext_012,train,A4_service,train,A4_service,POS,POS,POS,0.9997
batch_142,99.456,99.456_c1,cũng được,cũng được,kept_43b,POS,False,False,True,False,high,False,True,False,llm_extended,A1_product,moderate,product,False,softener,A1_product,moderate,product,False,softener,llm_extended,llm_extended,llm_extended,llm_extended,llm_extended,,batch_ext_103,train,A1_product,train,A1_product,POS,POS,POS,0.9569
batch_026_cb_part1,24.2421,24.2421_c1,"hương vị:ok bao bì mẫu mã:ok tên công ty tên hộ kinh doanh mã số thuế ngày cấp giấy đăng ký kinh doanh địa chỉ đăng ký công ty hộ kinh doanh nơi cấp hình chụp giấy phép đăng ký công ty hộ kinh doanh hình chụp giấy phép đăng ký địa điểm kinh doanh ảnh chụp cmnd ccd - mặt trước, mặt sau - người đại diện ký hợp đồng thông tin tài khoản ngân hàng bao gồm: tên chủ thẻ, số thẻ, tên ngân hàng, chi nhánh ngân hàng",,kept_43b,POS,False,False,True,False,medium,True,True,False,llm_extended,A2_label,moderate,product,False,none,A2_label,moderate,product,False,none,llm_extended,llm_extended,llm_extended,llm_extended,llm_extended,,batch_ext_042,train,A2_label,train,A2_label,POS,POS,POS,0.9195
batch_026_cb_part1,24.263,24.263_c1,"onfod cam kết - sản phẩm chất lượng, đảm bảo an toàn vệ sinh thực phẩm",,kept_43b,POS,False,False,True,False,medium,True,True,True,human_gold_iaa_override,A1_product,none,product,True,none,A2_label,none,product,True,none,human_gold_iaa,human_gold_iaa,human_gold_iaa,human_gold_iaa,human_gold_iaa,,batch_ext_036,train,A2_label,train,A2_label,POS,POS,POS,0.9195
batch_026_cb_part1,24.263,24.263_c2,cam kết 3 không: không màu tổng hợp - không chất bảo quản - không tạp chất,,kept_43b,POS,False,False,True,False,medium,True,True,True,human_gold_iaa_override,A3_logistics,none,product,True,none,A2_label,none,product,True,none,human_gold_iaa,human_gold_iaa,human_gold_iaa,human_gold_iaa,human_gold_iaa,,batch_ext_114,train,A2_label,train,A2_label,POS,POS,POS,0.9195
batch_026_cb_part1,24.263,24.263_c3,1 đổi 1 trong vòng 7 ngày kể từ khi nhận hàng nếu lỗi do nhà sản xuất,,kept_43b,POS,False,False,True,False,medium,True,True,True,human_gold_iaa_override,A3_logistics,moderate,product,False,conditional,A4_service,moderate,product,False,conditional,human_gold_iaa,human_gold_iaa,human_gold_iaa,human_gold_iaa,human_gold_iaa,,batch_ext_113,train,A4_service,train,A4_service,POS,POS,POS,0.9195
batch_026_cb_part1,24.263,24.263_c4,"hàng luôn có sẵn, đóng gói ngay khi nhận được đơn",,kept_43b,POS,False,False,True,False,medium,True,True,True,human_gold_iaa_override,A3_logistics,none,product,False,none,A3_logistics,none,logistics,False,none,human_gold_iaa,human_gold_iaa,human_gold_iaa,human_gold_iaa,human_gold_iaa,,batch_ext_009,train,A3_logistics,train,A3_logistics,POS,POS,POS,0.9195
batch_026_cb_part1,24.263,24.263_c5,tư vấn nhiệt tình,,kept_43b,POS,False,False,True,False,medium,True,True,False,llm_extended,A4_service,none,service,False,none,A4_service,none,service,False,none,llm_extended,llm_extended,llm_extended,llm_extended,llm_extended,,batch_ext_039,train,A4_service,train,A4_service,POS,POS,POS,0.9195
batch_026_cb_part1,24.263,24.263_c6,tận tâm,,kept_43b,POS,False,False,True,False,medium,True,True,False,llm_extended,A1_product,mild,product,False,softener,A1_product,mild,product,False,softener,llm_extended,llm_extended,llm_extended,llm_extended,llm_extended,,batch_ext_041,train,A1_product,train,A1_product,POS,POS,POS,0.9195
batch_026_cb_part1,24.263,24.263_c7,nhanh chóng mang đến trải nghiệm mua sắm tuyệt vời nhất cho khách hàng,,kept_43b,POS,False,False,True,False,medium,True,True,False,llm_extended,A1_product,moderate,product,False,none,A1_product,moderate,product,False,none,llm_extended,llm_extended,llm_extended,llm_extended,llm_extended,,batch_ext_064,train,A1_product,train,A1_product,POS,POS,POS,0.9195
batch_026_cb_part1,24.263,24.263_c8,bảo hành 1 tháng theo chính sách của shopee - khi mẫu lỗi do nhà sản xuất - khi giao sai size sai mẫu khách đã đặt hàng - khi,,kept_43b,POS,False,False,True,False,medium,True,True,True,human_gold_iaa_override,A5_price,moderate,value,True,none,A4_service,moderate,value,False,none,human_gold_iaa,human_gold_iaa,human_gold_iaa,human_gold_iaa,human_gold_iaa,,batch_ext_020,train,A4_service,train,A4_service,POS,POS,POS,0.9195
batch_026_cb_part1,24.263,24.263_c9,giao thiếu hàng - hỗ trợ đổi trả nếu sản phẩm không giống hình,,kept_43b,POS,False,False,True,False,medium,True,True,True,human_gold_iaa_override,A3_logistics,strong,service,False,conditional,A3_logistics,moderate,service,False,conditional,human_gold_iaa,human_gold_iaa,human_gold_iaa,human_gold_iaa,human_gold_iaa,,batch_ext_065,train,A3_logistics,train,A3_logistics,POS,POS,POS,0.9195
batch_026_cb_part1,24.2725,24.2725_c1,"hương vị:ok bao bì mẫu mã:ok các công cụ đánh giá các trang web như fakespot và reviewmeta sử dụng thuật toán để phân tích đánh giá và phát hiện những đánh giá có khả năng là giả. các công cụ này cung cấp đánh giá tổng thể về tính xác thực của đánh giá. kiểm tra những review chân thực của khách hàng thực: trên các nền tảng như shopee mall, đánh giá từ những người mua hàng xác thực thường được coi là đáng tin cậy vì họ đã xác nhận rằng người viết đánh giá thực sự đã mua sản phẩm. so sánh trên nhiều nền tảng: tìm sự nhất quán trong đánh giá trên các trang web khác nhau. nếu các đánh giá trên một nền tảng khác biệt đáng kể so với các nền tảng khác, hãy nghiên cứu thêm. sử dụng trực giác: tin vào cảm nhận của bạn. nếu bạn có linh cảm không tốt, hoặc còn nghi hoặc, hãy nghiên cứu kỹ trước khi đưa ra quyết định mua hàng",,kept_43b,POS,False,False,True,False,medium,True,True,True,human_gold_iaa_override,A5_price,moderate,value,False,conditional,OOD,moderate,value,False,conditional,human_gold_iaa,human_gold_iaa,human_gold_iaa,human_gold_iaa,human_gold_iaa,,batch_ext_003,train,OOD,train,OOD,POS,POS,POS,0.9195
batch_026_cb_part2,24.274,24.274_c1,"EMOJI_POS sản phẩm rất xinh đẹp tuyệt vời, tôi không thể trông đợi gì hơn. cảm ơn nhà cung cấp, nhà sản xuất, cảm ơn người bán hàng, cảm ơn sàn thương mại điện tử, cảm ơn người vận chuyển để tôi có cơ hội dùng sản phẩm tốt như thế này. hàng đóng gói rất đẹp. quả nhiên người bán đã gửi gắm rất nhiều tâm tư và tình cảm trong lúc gói hàng. hộp không có dấu hiệu bị móp, chứng tỏ bộ phận vận chuyển đã nâng như nâng trứng, hứng như hứng hoa. xin nghiêng mình cảm ơn vì tất cả. thời gian vận chuyển rất hợp lí. tôi đã đặt hàng với tâm thế hào hứng chờ đợi để được trải nghiệm sản phẩm và tôi không hề bị chờ mỏi cổ. có thể thấy bên vận chuyển không quản ngại thời tiết và đường xá xa xôi để đưa sản phẩm cho tôi trong thời gian ngắn nhất",,kept_43b,POS,False,False,True,False,medium,True,True,False,llm_extended,A5_price,moderate,service,False,softener,A5_price,moderate,service,False,softener,llm_extended,llm_extended,llm_extended,llm_extended,llm_extended,,batch_ext_019,train,A5_price,train,A5_price,POS,POS,POS,0.9195
batch_026_cb_part2,24.2772,24.2772_c1,hương vị:de trai nghiem r gửi phanhooif sau đã nhận đầy đủ đơn hàng,,kept_43b,POS,False,False,True,False,medium,True,True,True,human_gold_iaa_override,A1_product,none,product,False,none,A3_logistics,none,logistics,False,none,human_gold_iaa,human_gold_iaa,human_gold_iaa,human_gold_iaa,human_gold_iaa,,batch_ext_005,train,A1_product,train,A3_logistics,POS,POS,POS,0.9195
batch_034_cb_part1,28.1014,28.1014_c1,bao bì mẫu mã:đóng gói chắc chắn,,kept_43b,POS,False,False,True,False,medium,True,True,False,llm_extended,A2_label,moderate,logistics,False,softener,A2_label,moderate,logistics,False,softener,llm_extended,llm_extended,llm_extended,llm_extended,llm_extended,,batch_ext_106,train,A2_label,train,A2_label,POS,POS,POS,0.9195
batch_034_cb_part1,28.1014,28.1014_c2,đẹp mình chọn mua ở shop vì đọc cmt shop trả lời các review 1-2 rất dễ thương,,kept_43b,POS,False,False,True,False,medium,True,True,False,llm_extended,A4_service,moderate,service,False,none,A4_service,moderate,service,False,none,llm_extended,llm_extended,llm_extended,llm_extended,llm_extended,,batch_ext_029,train,A4_service,train,A4_service,POS,POS,POS,0.9195
batch_034_cb_part1,28.1014,28.1014_c3,không giống các shop khác,,kept_43b,POS,False,False,True,False,medium,True,True,False,llm_extended,A4_service,moderate,service,False,none,A4_service,moderate,service,False,none,llm_extended,llm_extended,llm_extended,llm_extended,llm_extended,,batch_ext_026,train,A4_service,train,A4_service,POS,POS,POS,0.9195
batch_034_cb_part1,28.1014,28.1014_c4,lần này mình mua 4 loaj hạt,,kept_43b,POS,False,False,True,False,medium,True,True,False,llm_extended,A1_product,none,product,False,none,A1_product,none,product,False,none,llm_extended,llm_extended,llm_extended,llm_extended,llm_extended,,batch_ext_014,train,A1_product,train,A1_product,POS,POS,POS,0.9195
batch_034_cb_part1,28.1014,28.1014_c5,nhưng hạt sen hơi bị gặp vđ một chút nên nt hỏi shop,,kept_43b,POS,False,False,True,False,medium,True,True,False,llm_extended,A4_service,moderate,service,False,wishful,A4_service,moderate,service,False,wishful,llm_extended,llm_extended,llm_extended,llm_extended,llm_extended,,batch_ext_057,train,A4_service,train,A4_service,POS,POS,POS,0.9195
batch_034_cb_part1,28.1014,28.1014_c6,shop cskh rất chuẩn chỉnh,,kept_43b,POS,False,False,True,False,medium,True,True,False,llm_extended,A4_service,none,service,False,none,A4_service,none,service,False,none,llm_extended,llm_extended,llm_extended,llm_extended,llm_extended,,batch_ext_053,train,A4_service,train,A4_service,POS,POS,POS,0.9195
batch_034_cb_part1,28.1014,28.1014_c7,5 cho cách cskh của shop,,kept_43b,POS,False,False,True,False,medium,True,True,False,llm_extended,A4_service,none,service,False,none,A4_service,none,service,False,none,llm_extended,llm_extended,llm_extended,llm_extended,llm_extended,,batch_ext_038,train,A4_service,train,A4_service,POS,POS,POS,0.9195
batch_034_cb_part1,28.1014,28.1014_c8,hạt thì mấy hạt khác mìnb chưa nấu thử,,kept_43b,POS,False,False,True,False,medium,True,True,False,llm_extended,A1_product,mild,product,False,none,A1_product,mild,product,False,none,llm_extended,llm_extended,llm_extended,llm_extended,llm_extended,,batch_ext_031,train,A1_product,train,A1_product,POS,POS,POS,0.9195
batch_034_cb_part1,28.1014,28.1014_c9,nhưng nhìn bao bì cảm quan thấy tin tưởng,,kept_43b,POS,False,False,True,False,medium,True,True,False,llm_extended,A2_label,moderate,product,False,none,A2_label,moderate,product,False,none,llm_extended,llm_extended,llm_extended,llm_extended,llm_extended,,batch_ext_044,train,A2_label,train,A2_label,POS,POS,POS,0.9195
batch_034_cb_part1,28.1014,28.1014_c10,mấy bạn mua hàng nên chọn những shop làm ăn uy tín như thế nào chứ thiệt mình gặp nhiều shop đã sai lè mà còn thái độ với khách nên ớn lắm,,kept_43b,POS,False,False,True,False,medium,True,True,False,llm_extended,A4_service,mild,service,False,wishful,A4_service,mild,service,False,wishful,llm_extended,llm_extended,llm_extended,llm_extended,llm_extended,,batch_ext_063,train,A4_service,train,A4_service,POS,POS,POS,0.9195
batch_034_cb_part1,28.1079,28.1079_c1,bé nhà mình mới ăn dặm được nên mua cái này thấy ăn giỏi lắm mua về cho bé ăn dặm yên tâm hẳn,,kept_43b,POS,False,False,True,False,medium,True,True,True,human_gold_iaa,A1_product,strong,product,False,wishful,A1_product,strong,product,False,wishful,human_gold_iaa,human_gold_iaa,human_gold_iaa,human_gold_iaa,human_gold_iaa,,batch_ext_071,train,A1_product,train,A1_product,POS,POS,POS,0.9195
batch_034_cb_part1,28.1155,28.1155_c1,hạt dinh dưỡng - hạt đậu lăng đỏ thấy trên mạng các mẹ nấu ăn dặm nhiều nên mua nấu thử,,kept_43b,POS,False,False,True,False,medium,True,True,True,human_gold_iaa_override,A1_product,none,product,True,wishful,A1_product,none,product,False,wishful,human_gold_iaa,human_gold_iaa,human_gold_iaa,human_gold_iaa,human_gold_iaa,,batch_ext_108,train,A1_product,train,A1_product,POS,POS,POS,0.9195
batch_034_cb_part2,28.126,28.126_c1,"qua mới nhận hàng mình thấy đóng gói rất đẹp, chắc chắn nên đã đánh giá 5 sao cho sản phẩm. tuy nhiên nay mình nấu 1 nồi chè gồm đậu xanh, đậu đen, đậu đỏ hạt to, mè đen và đường phèn khoảng 30-40g mỗi loại thì khi mình múc chén chè đầu tiên để đút cho bé nhà mình ăn khi đút có thấy 1 đoạn sợi chỉ màu trắng, vì lần đầu nên mình cũng chỉ nhặt vứt đi. tuy nhiên, đến chén thứ 2 mình múc cho mình ăn thì lại thêm 1 sợi nữa như hình mình chụp, chén sau nữa mình đã phải cẩn thận đảo lên để tìm thì lại thấy 1 sợi ngắn nữa. mình không biết đã b nào sử dụng và gặp như mình không nhưng với 1 nồi chè nhỏ mà 3-4 sợi chỉ như thế này là quá nguy hiểm, trẻ em ăn không để ý rất sợ, nên mình phải lên sửa lại feedback để mọi người thấy mà cẩn thận hơn. mình không biết nó nằm trong nguyên liệu nào nhưng tất cả những nguyên liệu của nồi chè này mình đều mua của shop này hôm qua",,kept_43b,NEG,False,False,True,False,medium,True,True,True,human_gold_iaa_override,A5_price,strong,value,True,wishful,A1_product,strong,logistics,False,wishful,human_gold_iaa,human_gold_iaa,human_gold_iaa,human_gold_iaa,human_gold_iaa,"qua mới nhận hàng mình thấy đóng gói rất đẹp, chắc chắn nên đã đánh giá 5 sao cho sản phẩm. tuy nhiên nay mình nấu 1 nồi",batch_ext_092,train,A1_product,train,A1_product,NEG,POS,POS,0.9195
batch_034_cb_part2,28.1276,28.1276_c1,mua hạt diêm mạch về ăn thay cơm hi vọng có thể giảm được vài cân từ tấm thân ú nù này,,kept_43b,POS,False,False,True,False,medium,True,True,False,llm_extended,A1_product,mild,product,False,wishful,A1_product,mild,product,False,wishful,llm_extended,llm_extended,llm_extended,llm_extended,llm_extended,,batch_ext_042,train,A1_product,train,A1_product,POS,POS,POS,0.9195
batch_034_cb_part2,28.1281,28.1281_c1,tại đây để xem xét và đánh giá,,kept_43b,POS,False,False,True,False,medium,True,True,False,llm_extended,A5_price,none,value,False,none,A5_price,none,value,False,none,llm_extended,llm_extended,llm_extended,llm_extended,llm_extended,,batch_ext_094,train,A5_price,train,A5_price,POS,POS,POS,0.9195
batch_034_cb_part2,28.1281,28.1281_c2,shop có bán kính của nhiếp chính xác và tinh tinh trùng của chồng bán thuốc lá 2 a message via msn to mà không cho bé ở với bóng vô địch quốc và nhân vật chính của công dân việt dễ bị chi mà bạn yêu cầu ê kíp thực có cho các nhà đầu tư và bé đều chê là béo phì ở lại trong nhà tắm braun cho bắp e có e hỏi em và anh ns nkn càng tốt vì vậy ạ có thể làm cho bạn bè của e,,kept_43b,POS,False,False,True,False,medium,True,True,True,human_gold_iaa_override,A4_service,strong,service,False,softener,OOD,strong,service,False,softener,human_gold_iaa,human_gold_iaa,human_gold_iaa,human_gold_iaa,human_gold_iaa,,batch_ext_102,train,OOD,train,OOD,POS,POS,POS,0.9195
batch_066_cb_part1,6.1984,6.1984_c1,"hthuc nhận xu tuyệt vời! nếu không có một sản phẩm cụ thể, tôi sẽ viết một đoạn văn ngắn mang tính chất quảng cáo truyền cảm hứng về giá trị cốt lõi mà mọi sản phẩm tuyệt vời mang lại. đoạn ngắn về giá trị sản phẩm chung mỗi sản phẩm tốt không chỉ là một món đồ vật lý, mà còn là một lời hứa về giải pháp và sự nâng cấp. chúng được tạo ra không chỉ để lấp đầy một chỗ trống trên kệ hàng, mà để giải quyết một vấn đề trong cuộc sống bạn. từ chiếc điện thoại giúp kết nối thế giới, đến bộ quần áo mang lại sự tự tin, hay món đồ gia dụng giúp tiết kiệm thời gian quý báu. điều quan trọng nhất là cảm giác bạn nhận được khi sử dụng: sự tiện lợi, sự tin cậy và sự hài lòng tuyệt đối. hãy chọn những sản phẩm không chỉ có chất lượng, mà còn thực sự làm cho cuộc sống của bạn tốt đẹp hơn",,kept_43b,POS,False,False,True,False,medium,True,True,True,human_gold_iaa_override,A5_price,moderate,value,False,conditional,OOD,moderate,value,False,conditional,human_gold_iaa,human_gold_iaa,human_gold_iaa,human_gold_iaa,human_gold_iaa,,batch_ext_094,train,OOD,train,OOD,POS,POS,POS,0.9195
batch_066_cb_part1,6.1987,6.1987_c1,"nơi lãng mạn nhất lúc này gọi tên đỉnh fansipan, sa pa! cuối năm rồi, anh em nào vẫn chưa có tình yêu thì thử một chuyến lên nóc nhà đông dương xem sao, biết đâu lại tìm được luôn nóc nhà cho riêng mình tin vui là cáp treo fansipan đang ưu đãi tới 40 , đồng giá 500.00 đồng người, áp dụng cho du khách việt nam đến hết năm nay. thời tiết fanispan tầm này có biển mây quá đẹp, vài ngày tới không khí lạnh tăng cường nhiều khả năng còn có băng tuyết. lên đỉnh thì nhớ ghé quần thể tâm linh cầu an cho năm mới, rồi thong thả dạo bản mây, ngắm nhịp sống và nghề truyền thống của đồng bào bản địa. tối về thị xã làm nồi lẩu cá tầm, nhâm nhi chút apple mèo mèo cho ấm lòng. một chuyến đi vừa đổi gió, vừa tiết kiệm, khép lại năm cũ thật trọn vẹn. deal ngon thế này, không đi là hơi uổng nhé",,kept_43b,POS,False,False,True,False,medium,True,True,False,llm_extended,A5_price,moderate,value,False,softener,A5_price,moderate,value,False,softener,llm_extended,llm_extended,llm_extended,llm_extended,llm_extended,,batch_ext_084,train,A5_price,train,A5_price,POS,POS,POS,0.9195
batch_066_cb_part1,6.199,6.199_c1,hình ảnh chỉ mang tính chất nhận xu,,kept_43b,POS,False,False,True,False,medium,True,True,False,llm_extended,A5_price,none,value,False,none,A5_price,none,value,False,none,llm_extended,llm_extended,llm_extended,llm_extended,llm_extended,,batch_ext_023,train,A5_price,train,A5_price,POS,POS,POS,0.9195
batch_066_cb_part1,6.199,6.199_c2,sản phẩm chất lượng,,kept_43b,POS,False,False,True,False,medium,True,True,False,llm_extended,A1_product,none,product,False,none,A1_product,none,product,False,none,llm_extended,llm_extended,llm_extended,llm_extended,llm_extended,,batch_ext_067,train,A1_product,train,A1_product,POS,POS,POS,0.9195
batch_066_cb_part1,6.199,6.199_c3,đóng gói cân thân,,kept_43b,POS,False,False,True,False,medium,True,True,False,llm_extended,A3_logistics,none,logistics,False,none,A3_logistics,none,logistics,False,none,llm_extended,llm_extended,llm_extended,llm_extended,llm_extended,,batch_ext_048,train,A3_logistics,train,A3_logistics,POS,POS,POS,0.9195
batch_066_cb_part1,6.199,6.199_c4,giao hang nhanh chóng,,kept_43b,POS,False,False,True,False,medium,True,True,False,llm_extended,A3_logistics,none,logistics,False,none,A3_logistics,none,logistics,False,none,llm_extended,llm_extended,llm_extended,llm_extended,llm_extended,,batch_ext_059,train,A3_logistics,train,A3_logistics,POS,POS,POS,0.9195
batch_066_cb_part1,6.199,6.199_c5,"shop hỗ trợ tư vấn nhiêt tinh, chu đáo",,kept_43b,POS,False,False,True,False,medium,True,True,False,llm_extended,A4_service,none,service,False,none,A4_service,none,service,False,none,llm_extended,llm_extended,llm_extended,llm_extended,llm_extended,,batch_ext_018,train,A4_service,train,A4_service,POS,POS,POS,0.9195
batch_066_cb_part1,6.199,6.199_c6,"giá cà hop ly, phù hop voi chât luong",,kept_43b,POS,False,False,True,False,medium,True,True,False,llm_extended,A5_price,none,value,False,none,A5_price,none,value,False,none,llm_extended,llm_extended,llm_extended,llm_extended,llm_extended,,batch_ext_052,train,A5_price,train,A5_price,POS,POS,POS,0.9195
batch_066_cb_part1,6.199,6.199_c7,đây là trải nghiệm mua sắm rất hài lòng,,kept_43b,POS,False,False,True,False,medium,True,True,False,llm_extended,A1_product,none,product,False,none,A1_product,none,product,False,none,llm_extended,llm_extended,llm_extended,llm_extended,llm_extended,,batch_ext_063,train,A1_product,train,A1_product,POS,POS,POS,0.9195
batch_066_cb_part1,6.199,6.199_c8,sẽ ủng hộ shop lâu dài,,kept_43b,POS,False,False,True,False,medium,True,True,False,llm_extended,A4_service,moderate,service,False,none,A4_service,moderate,service,False,none,llm_extended,llm_extended,llm_extended,llm_extended,llm_extended,,batch_ext_082,train,A4_service,train,A4_service,POS,POS,POS,0.9195
batch_066_cb_part1,6.199,6.199_c9,chúc shop mua mai bán đắt nhé,,kept_43b,POS,False,False,True,False,medium,True,True,False,llm_extended,A5_price,moderate,value,False,none,A5_price,moderate,value,False,none,llm_extended,llm_extended,llm_extended,llm_extended,llm_extended,,batch_ext_001,train,A4_service,train,A5_price,POS,POS,POS,0.9195
batch_075_cb_part1,65.13,65.13_c1,"hương vị:ok bao bì mẫu mã:ok EMOJI_POS sản phẩm rất xinh đẹp tuyệt vời, tôi không thể trông đợi gì hơn. cảm ơn nhà cung cấp, nhà sản xuất, cảm ơn người bán hàng, cảm ơn sàn thương mại điện tử, cảm ơn người vận chuyển để tôi có cơ hội dùng sản phẩm tốt như thế này. hàng đóng gói rất đẹp. quả nhiên người bán đã gửi gắm rất nhiều tâm tư và tình cảm trong lúc gói hàng. hộp không có dấu hiệu bị móp, chứng tỏ bộ phận vận chuyển đã nâng như nâng trứng, hứng như hứng hoa. xin nghiêng mình cảm ơn vì tất cả. thời gian vận chuyển rất hợp lí. tôi đã đặt hàng với tâm thế hào hứng chờ đợi để được trải nghiệm sản phẩm và tôi không hề bị chờ mỏi cổ. có thể thấy bên vận chuyển không quản ngại thời tiết và đường xá xa xôi để đưa sản phẩm cho tôi trong thời gian ngắn nhất",,kept_43b,POS,False,False,True,False,medium,True,True,False,llm_extended,A5_price,moderate,service,False,softener,A5_price,moderate,service,False,softener,llm_extended,llm_extended,llm_extended,llm_extended,llm_extended,,batch_ext_063,train,A5_price,train,A5_price,POS,POS,POS,0.9195
batch_075_cb_part2,65.146,65.146_c1,"một trong những cây cầu nguy hiểm nhất thế giới ở campuchia được làm hoàn toàn từ tre, hàng ngày xe ô tô, xe máy và hàng trăm người đi qua cây cầu này",,kept_43b,POS,False,False,True,False,medium,True,True,False,llm_extended,A1_product,moderate,product,False,none,A1_product,moderate,product,False,none,llm_extended,llm_extended,llm_extended,llm_extended,llm_extended,,batch_ext_030,train,A1_product,train,A1_product,POS,POS,POS,0.9195
batch_075_cb_part2,65.1563,65.1563_c1,bún siêu ngonn,,kept_43b,POS,False,False,True,False,medium,True,True,False,llm_extended,A1_product,none,product,False,none,A1_product,none,product,False,none,llm_extended,llm_extended,llm_extended,llm_extended,llm_extended,,batch_ext_073,train,A1_product,train,A1_product,POS,POS,POS,0.9195
batch_075_cb_part2,65.1564,65.1564_c1,dễ ăn,,kept_43b,POS,False,False,True,False,medium,True,True,True,human_gold_iaa,A1_product,none,product,False,none,A1_product,none,product,False,none,human_gold_iaa,human_gold_iaa,human_gold_iaa,human_gold_iaa,human_gold_iaa,,batch_ext_089,train,A1_product,train,A1_product,POS,POS,POS,0.9195
batch_076_cb_part1,65.1622,65.1622_c1,"bao bì mẫu mã:đẹp hương vị:ngon khi sử dụng bún gạo lứt ngũ sắc sẽ giúp hệ tiêu hóa hoạt động linh hoạt hơn do trong bún có hàm lượng chất xơ dồi dào có tác dụng nhuận tràng, chống táo bón, khó tiêu. giúp phòng ngừa các bệnh về tiểu đường và máu nhiễm mỡ do thành phần chính của bún ngũ sắc là gạo lứt. gạo lứt có thể làm giảm đi lượng cholesterol xấu và làm tăng lượng cholesterol tốt. bún gạo lứt ngũ sắc cũng là một trong những loại bún hỗ trợ giảm cân rất tốt do tinh bột trong bún là tinh bột chậm. khi sử dụng tinh bột chậm sẽ làm bạn no lâu hơn, tránh cảm giác thèm ăn vặt. ngăn ngừa tình trạng loãng xương, thoái hóa khớp nhờ vào hàm lượng magie và canxi vô cùng dồi dào. chất sắt có trong gạo lứt làm bún rất tốt cho máu huyết",,kept_43b,POS,False,False,True,False,medium,True,True,True,human_gold_iaa_override,A2_label,strong,service,True,softener,A1_product,strong,product,True,softener,human_gold_iaa,human_gold_iaa,human_gold_iaa,human_gold_iaa,human_gold_iaa,,batch_ext_029,train,A1_product,train,A1_product,POS,POS,POS,0.9195
batch_076_cb_part1,65.1628,65.1628_c1,"sản phẩm tuyệt vời, đúng với mô tả",,kept_43b,POS,False,False,True,False,medium,True,True,False,llm_extended,A2_label,none,product,False,none,A2_label,none,product,False,none,llm_extended,llm_extended,llm_extended,llm_extended,llm_extended,,batch_ext_057,train,A2_label,train,A2_label,POS,POS,POS,0.9195
batch_076_cb_part1,65.1628,65.1628_c2,giao hàng nhanh chóng,,kept_43b,POS,False,False,True,False,medium,True,True,False,llm_extended,A3_logistics,none,logistics,False,none,A3_logistics,none,logistics,False,none,llm_extended,llm_extended,llm_extended,llm_extended,llm_extended,,batch_ext_028,train,A3_logistics,train,A3_logistics,POS,POS,POS,0.9195
batch_076_cb_part1,65.1628,65.1628_c3,shipper thân thiện dễ mến đóng gói cẩn thận,,kept_43b,POS,False,False,True,False,medium,True,True,False,llm_extended,A3_logistics,none,logistics,False,none,A3_logistics,none,logistics,False,none,llm_extended,llm_extended,llm_extended,llm_extended,llm_extended,,batch_ext_081,train,A3_logistics,train,A3_logistics,POS,POS,POS,0.9195
batch_076_cb_part1,65.1628,65.1628_c4,có thể thấy tâm huyết của người bán,,kept_43b,POS,False,False,True,False,medium,True,True,False,llm_extended,A1_product,mild,product,False,softener,A1_product,mild,product,False,softener,llm_extended,llm_extended,llm_extended,llm_extended,llm_extended,,batch_ext_078,train,A1_product,train,A1_product,POS,POS,POS,0.9195
batch_076_cb_part1,65.1628,65.1628_c5,"hộp không bị móp méo, vận chuyển rất tốt",,kept_43b,POS,False,False,True,False,medium,True,True,False,llm_extended,A3_logistics,moderate,product,False,none,A3_logistics,moderate,product,False,none,llm_extended,llm_extended,llm_extended,llm_extended,llm_extended,,batch_ext_085,train,A3_logistics,train,A3_logistics,POS,POS,POS,0.9195
batch_076_cb_part1,65.1628,65.1628_c6,thời gian giao hàng nhanh chóng,,kept_43b,POS,False,False,True,False,medium,True,True,True,human_gold_iaa,A3_logistics,none,logistics,False,none,A3_logistics,none,logistics,False,none,human_gold_iaa,human_gold_iaa,human_gold_iaa,human_gold_iaa,human_gold_iaa,,batch_ext_034,train,A3_logistics,train,A3_logistics,POS,POS,POS,0.9195
batch_076_cb_part1,65.1628,65.1628_c7,tôi không phải chờ đợi quá lâu để nhận sản phẩm,,kept_43b,POS,False,False,True,False,medium,True,True,False,llm_extended,A1_product,moderate,product,False,none,A1_product,moderate,product,False,none,llm_extended,llm_extended,llm_extended,llm_extended,llm_extended,,batch_ext_108,train,A1_product,train,A1_product,POS,POS,POS,0.9195
batch_076_cb_part1,65.1628,65.1628_c8,chất lượng sản phẩm vượt mong đợi,,kept_43b,POS,False,False,True,False,medium,True,True,False,llm_extended,A1_product,none,product,False,wishful,A1_product,none,product,False,wishful,llm_extended,llm_extended,llm_extended,llm_extended,llm_extended,,batch_ext_034,train,A1_product,train,A1_product,POS,POS,POS,0.9195
batch_076_cb_part1,65.1628,65.1628_c9,tôi rất hài lòng với trải nghiệm mua hàng này,,kept_43b,POS,False,False,True,False,medium,True,True,False,llm_extended,A1_product,none,product,False,none,A1_product,none,product,False,none,llm_extended,llm_extended,llm_extended,llm_extended,llm_extended,,batch_ext_006,train,A1_product,train,A1_product,POS,POS,POS,0.9195
batch_076_cb_part1,65.1628,65.1628_c10,sản phẩm chất lượng tốt,,kept_43b,POS,False,False,True,False,medium,True,True,False,llm_extended,A1_product,none,product,False,none,A1_product,none,product,False,none,llm_extended,llm_extended,llm_extended,llm_extended,llm_extended,,batch_ext_067,train,A1_product,train,A1_product,POS,POS,POS,0.9195
batch_076_cb_part1,65.1628,65.1628_c11,đóng gói cẩn thận,,kept_43b,POS,False,False,True,False,medium,True,True,False,llm_extended,A3_logistics,none,logistics,False,none,A3_logistics,none,logistics,False,none,llm_extended,llm_extended,llm_extended,llm_extended,llm_extended,,batch_ext_068,train,A3_logistics,train,A3_logistics,POS,POS,POS,0.9195
batch_076_cb_part1,65.1628,65.1628_c12,giao hàng nhanh,,kept_43b,POS,False,False,True,False,medium,True,True,False,llm_extended,A3_logistics,none,logistics,False,none,A3_logistics,none,logistics,False,none,llm_extended,llm_extended,llm_extended,llm_extended,llm_extended,,batch_ext_042,train,A3_logistics,train,A3_logistics,POS,POS,POS,0.9195
batch_076_cb_part1,65.1628,65.1628_c13,đã mua lần thứ 3 và vẫn rất hài lòng,,kept_43b,POS,False,False,True,False,medium,True,True,False,llm_extended,A1_product,none,product,False,none,A1_product,none,product,False,none,llm_extended,llm_extended,llm_extended,llm_extended,llm_extended,,batch_ext_013,train,A1_product,train,A1_product,POS,POS,POS,0.9195
batch_076_cb_part1,65.1628,65.1628_c14,sản phẩm được giao nhanh và đóng gói chắc chắn,,kept_43b,POS,False,False,True,False,medium,True,True,False,llm_extended,A3_logistics,none,logistics,False,softener,A3_logistics,none,logistics,False,softener,llm_extended,llm_extended,llm_extended,llm_extended,llm_extended,,batch_ext_019,train,A3_logistics,train,A3_logistics,POS,POS,POS,0.9195
batch_076_cb_part1,65.1694,65.1694_c1,"công thức làm nước chấm thần thánh cho đồ nướng, hấp luộc, hải sản. EMOJI_POS nguyên liệu: - 40g muối hột hoặc 60g bột canh - 60g đường phèn hoặc đường cát - 150g sữa đặc - 6-7 quả ớt xiêm - 15g bột ngọt - 90g nước cốt tắc - 60g nước cốt chanh - 5-6 lá chanh nếu mọi người thích mùi thơm thì cho nước chanh vàng và xíu vỏ chanh vàng . không đắng mà mùi thơm lắm. EMOJI_POS cách làm: tắc cắt đôi, vắt lấy nước, bỏ hạt. ớt sừng rửa sạch, bổ đôi, bỏ hạt, cho vào cối. lá chanh bỏ sống cho đỡ đắng cho tiếp đường- muối- sữa- lá chanh- nước cốt tắc- nước cố chanh vào, xay nhuyễn. nêm lại tuỳ khẩu vị, ai thích thì cho thêm ít ớt bột vào. cho hh muối ớt đỏ vào hũ thuỷ tinh đậy kín nắp cất vào ngăn mát tủ lạnh dùng dần. chúc mọi người thành công. _st_",,kept_43b,POS,False,False,True,False,medium,True,True,True,human_gold_iaa_override,A1_product,strong,product,True,conditional,OOD,strong,product,False,conditional,human_gold_iaa,human_gold_iaa,human_gold_iaa,human_gold_iaa,human_gold_iaa,,batch_ext_063,train,OOD,train,OOD,POS,POS,POS,0.9195
batch_076_cb_part1,65.1732,65.1732_c1,chưa ăn sh đóng hàng đẹp bếp xin gửi thực đơn nấu chín ngày mai thứ 2 21 8 2023,,kept_43b,POS,False,False,True,False,medium,True,True,False,llm_extended,A1_product,mild,product,False,none,A1_product,mild,product,False,none,llm_extended,llm_extended,llm_extended,llm_extended,llm_extended,,batch_ext_020,train,A1_product,train,A1_product,POS,POS,POS,0.9195
batch_076_cb_part1,65.1732,65.1732_c2,1.cá bống kho gừng,,kept_43b,POS,False,False,True,False,medium,True,True,False,llm_extended,A1_product,moderate,product,False,none,A1_product,moderate,product,False,none,llm_extended,llm_extended,llm_extended,llm_extended,llm_extended,,batch_ext_109,train,A1_product,train,A1_product,POS,POS,POS,0.9195
batch_076_cb_part1,65.1732,65.1732_c3,2.chả mực mía,,kept_43b,POS,False,False,True,False,medium,True,True,False,llm_extended,A1_product,none,product,False,none,A1_product,none,product,False,none,llm_extended,llm_extended,llm_extended,llm_extended,llm_extended,,batch_ext_078,train,A1_product,train,A1_product,POS,POS,POS,0.9195
batch_076_cb_part1,65.1732,65.1732_c4,3.mực chiên giòn,,kept_43b,POS,False,False,True,False,medium,True,True,False,llm_extended,A1_product,none,product,False,none,A1_product,none,product,False,none,llm_extended,llm_extended,llm_extended,llm_extended,llm_extended,,batch_ext_001,train,A1_product,train,A1_product,POS,POS,POS,0.9195
batch_076_cb_part1,65.1732,65.1732_c5,4.đậu nhồi thịt sốt cà,,kept_43b,POS,False,False,True,False,medium,True,True,False,llm_extended,A1_product,none,product,False,none,A1_product,none,product,False,none,llm_extended,llm_extended,llm_extended,llm_extended,llm_extended,,batch_ext_115,train,A1_product,train,A1_product,POS,POS,POS,0.9195
batch_076_cb_part1,65.1732,65.1732_c6,5.thịt kho trứng cút,,kept_43b,POS,False,False,True,False,medium,True,True,False,llm_extended,A1_product,moderate,product,False,none,A1_product,moderate,product,False,none,llm_extended,llm_extended,llm_extended,llm_extended,llm_extended,,batch_ext_081,train,A1_product,train,A1_product,POS,POS,POS,0.9195
batch_076_cb_part1,65.1732,65.1732_c7,6.thịt móng giò nấu giả cày,,kept_43b,POS,False,False,True,False,medium,True,True,False,llm_extended,A5_price,none,value,False,wishful,A5_price,none,value,False,wishful,llm_extended,llm_extended,llm_extended,llm_extended,llm_extended,,batch_ext_024,train,A5_price,train,A5_price,POS,POS,POS,0.9195
batch_076_cb_part1,65.1732,65.1732_c8,7.bắp cải luộc nước luộc rau,,kept_43b,POS,False,False,True,False,medium,True,True,True,human_gold_iaa_override,A1_product,none,product,False,none,OOD,none,product,False,none,human_gold_iaa,human_gold_iaa,human_gold_iaa,human_gold_iaa,human_gold_iaa,,batch_ext_062,train,OOD,train,OOD,POS,POS,POS,0.9195
batch_076_cb_part1,65.1732,65.1732_c9,8.khoai tây xào thịt,,kept_43b,POS,False,False,True,False,medium,True,True,False,llm_extended,A1_product,none,product,False,none,A1_product,none,product,False,none,llm_extended,llm_extended,llm_extended,llm_extended,llm_extended,,batch_ext_016,train,A1_product,train,A1_product,POS,POS,POS,0.9195
batch_076_cb_part1,65.1732,65.1732_c10,9.canh cải nấu cá rô,,kept_43b,POS,False,False,True,False,medium,True,True,False,llm_extended,A1_product,none,product,False,none,A1_product,none,product,False,none,llm_extended,llm_extended,llm_extended,llm_extended,llm_extended,,batch_ext_099,train,A1_product,train,A1_product,POS,POS,POS,0.9195
batch_076_cb_part1,65.1732,65.1732_c11,10.chè ngô cốt dừa,,kept_43b,POS,False,False,True,False,medium,True,True,False,llm_extended,A1_product,none,product,False,none,A1_product,none,product,False,none,llm_extended,llm_extended,llm_extended,llm_extended,llm_extended,,batch_ext_097,train,A1_product,train,A1_product,POS,POS,POS,0.9195
batch_076_cb_part2,65.1778,65.1778_c1,"nhận đúng, đủ số lượng đã đặt đặt 1 lần r nay đặt lại cho ng nhà dùng",,kept_43b,POS,False,False,True,False,medium,True,True,False,llm_extended,A5_price,moderate,value,False,none,A5_price,moderate,value,False,none,llm_extended,llm_extended,llm_extended,llm_extended,llm_extended,,batch_ext_086,train,A5_price,train,A5_price,POS,POS,POS,0.9195
batch_076_cb_part2,65.196,65.196_c1,hương vị:hương vị bún gạo lứt,,kept_43b,POS,False,False,True,False,medium,True,True,True,human_gold_iaa_override,A1_product,none,product,True,none,A1_product,none,product,False,none,human_gold_iaa,human_gold_iaa,human_gold_iaa,human_gold_iaa,human_gold_iaa,,batch_ext_069,train,A1_product,train,A1_product,POS,POS,POS,0.9195
batch_076_cb_part2,65.196,65.196_c2,rau củ ngũ sắc,,kept_43b,POS,False,False,True,False,medium,True,True,False,llm_extended,A1_product,none,product,False,none,A1_product,none,product,False,none,llm_extended,llm_extended,llm_extended,llm_extended,llm_extended,,batch_ext_080,train,A1_product,train,A1_product,POS,POS,POS,0.9195
batch_076_cb_part2,65.196,65.196_c3,hữu cơ,,kept_43b,POS,False,False,True,False,medium,True,True,True,human_gold_iaa_override,A1_product,none,product,True,none,A2_label,none,product,True,none,human_gold_iaa,human_gold_iaa,human_gold_iaa,human_gold_iaa,human_gold_iaa,,batch_ext_115,train,A2_label,train,A2_label,POS,POS,POS,0.9195
batch_076_cb_part2,65.196,65.196_c4,bao bì mẫu mã:bao bì mẫu mã ok,,kept_43b,POS,False,False,True,False,medium,True,True,False,llm_extended,A2_label,moderate,product,False,none,A2_label,moderate,product,False,none,llm_extended,llm_extended,llm_extended,llm_extended,llm_extended,,batch_ext_015,train,A2_label,train,A2_label,POS,POS,POS,0.9195
batch_076_cb_part2,65.196,65.196_c5,màu sắc đép,,kept_43b,POS,False,False,True,False,medium,True,True,False,llm_extended,A1_product,none,product,False,none,A1_product,none,product,False,none,llm_extended,llm_extended,llm_extended,llm_extended,llm_extended,,batch_ext_097,train,A1_product,train,A1_product,POS,POS,POS,0.9195
batch_076_cb_part2,65.196,65.196_c6,sợi hơi to,,kept_43b,POS,False,False,True,False,medium,True,True,False,llm_extended,A1_product,mild,product,False,softener,A1_product,mild,product,False,softener,llm_extended,llm_extended,llm_extended,llm_extended,llm_extended,,batch_ext_047,train,A1_product,train,A1_product,POS,POS,POS,0.9195
batch_076_cb_part2,65.196,65.196_c7,mua nấu cho con ăn,,kept_43b,POS,False,False,True,False,medium,True,True,False,llm_extended,A1_product,none,product,False,none,A1_product,none,product,False,none,llm_extended,llm_extended,llm_extended,llm_extended,llm_extended,,batch_ext_016,train,A1_product,train,A1_product,POS,POS,POS,0.9195
batch_076_cb_part2,65.196,65.196_c8,cho shop naem sao,,kept_43b,POS,False,False,True,False,medium,True,True,False,llm_extended,A4_service,none,service,False,none,A4_service,none,service,False,none,llm_extended,llm_extended,llm_extended,llm_extended,llm_extended,,batch_ext_023,train,A4_service,train,A4_service,POS,POS,POS,0.9195
batch_076_cb_part2,65.328,65.328_c1,"EMOJI_POS sản phẩm rất xinh đẹp tuyệt vời, tôi không thể trông đợi gì hơn. cảm ơn nhà cung cấp, nhà sản xuất, cảm ơn người bán hàng, cảm ơn sàn thương mại điện tử, cảm ơn người vận chuyển để tôi có cơ hội dùng sản phẩm tốt như thế này. hàng đóng gói rất đẹp. quả nhiên người bán đã gửi gắm rất nhiều tâm tư và tình cảm trong lúc gói hàng. hộp không có dấu hiệu bị móp, chứng tỏ bộ phận vận chuyển đã nâng như nâng trứng, hứng như hứng hoa. xin nghiêng mình cảm ơn vì tất cả. thời gian vận chuyển rất hợp lí. tôi đã đặt hàng với tâm thế hào hứng chờ đợi để được trải nghiệm sản phẩm và tôi không hề bị chờ mỏi cổ. có thể thấy bên vận chuyển không quản ngại thời tiết và đường xá xa xôi để đưa sản phẩm cho tôi trong thời gian ngắn nhất",,kept_43b,POS,False,False,True,False,medium,True,True,False,llm_extended,A5_price,moderate,service,False,softener,A5_price,moderate,service,False,softener,llm_extended,llm_extended,llm_extended,llm_extended,llm_extended,,batch_ext_076,train,A5_price,train,A5_price,POS,POS,POS,0.9195
batch_079_cb_part1,67.2163,67.2163_c1,"oke, ăn y bún bình thường, siêu ít calo, cứu cánh cho những ngày lỡ ăn nhiều ban ngayg",,kept_43b,POS,False,False,True,False,medium,True,True,False,llm_extended,A1_product,mild,product,False,none,A1_product,mild,product,False,none,llm_extended,llm_extended,llm_extended,llm_extended,llm_extended,,batch_ext_042,train,A1_product,train,A1_product,POS,POS,POS,0.9195
batch_079_cb_part1,67.2166,67.2166_c1,bán tương ớt cho người tiểu đường mà thành phần lại có đường,,kept_43b,NEG,False,False,True,False,medium,True,True,False,llm_extended,A2_label,moderate,none,False,none,A2_label,moderate,none,False,none,llm_extended,llm_extended,llm_extended,llm_extended,llm_extended,,batch_ext_030,train,A2_label,train,A2_label,NEG,POS,POS,0.9195
batch_079_cb_part1,67.2183,67.2183_c1,"chào mừng bạn đến với bảng nhớ tạm của gboard, bất kỳ văn bản nào bạn sao chép sẽ được lưu tại đây",,kept_43b,POS,False,False,True,False,medium,True,True,False,llm_extended,A1_product,mild,product,False,softener,A1_product,mild,product,False,softener,llm_extended,llm_extended,llm_extended,llm_extended,llm_extended,,batch_ext_098,train,A1_product,train,A1_product,POS,POS,POS,0.9195
batch_079_cb_part2,67.223,67.223_c1,"giảm bạch cầu, cần xin huyết thanh tại hà nội mình rối quá nên mượn tạm bài của các bạn chủ khác ạ bé nhà mình bị giảm bạch cầu, mình thật sự cần xin huyết thanh của các bé đã khỏi bệnh để cứu bé ạ. mình sẽ gửi hậu tạ và chịu 100 các chi phí liên quan. cả nhà có ai nuôi mèo hoặc biết có bé nào đã khỏi thì giúp mình với ạ EMOJI_NEG mình cần tìm gấp: - bé mèo trên 3kg - tiêm phòng đầy đủ. - đã từng bị và chữa khỏi bệnh giảm bạch cầu. mình thật sự rất cần được giúp đỡ. bé giống như một thành viên trong gia đình, nhà mình nuôi từ khi đẻ ra, em bị đủ thứ bệnh nhưng luôn ngoan ngoãn và tình cảm nên thương lắm. cảm ơn các bạn đã đọc và mong các bạn share bài giúp mình với ạ. liên hệ: [PHONE] hường hoặc inb cho mình với ạ",,kept_43b,POS,False,False,True,False,medium,True,True,True,human_gold_iaa_override,A5_price,strong,service,False,wishful,OOD,strong,service,False,wishful,human_gold_iaa,human_gold_iaa,human_gold_iaa,human_gold_iaa,human_gold_iaa,,batch_ext_037,train,OOD,train,OOD,POS,POS,POS,0.9195
batch_079_cb_part2,67.2275,67.2275_c1,"còn ít xả nốt ak, nhanh tay nha các chị đẹp, số lượng có hạn nhaa",,kept_43b,POS,False,False,True,False,medium,True,True,False,llm_extended,A1_product,none,product,False,none,A1_product,none,product,False,none,llm_extended,llm_extended,llm_extended,llm_extended,llm_extended,,batch_ext_009,train,A1_product,train,A1_product,POS,POS,POS,0.9195
batch_079_cb_part2,67.2352,67.2352_c1,65k 1kg tok phô mai 2 gói 500g 6.5k 1 lạng 32k 1kg tok thường 2 gói 500g 3.2k 1 lạng 35k 10 cái xúc xích 3.5 1 cái 74k 1gói 24viên đậu hũ phô mai 3k 1 viên 44k 1kg cá viên 4.4k 1 lạng 84k 1kg tôm định hình 8.4k 1 lạng 60k 1kg chả cá 6k 1 lạng 58k 1 cân há cảo 5.8k 1 lạng,,kept_43b,POS,False,False,True,False,medium,True,True,False,llm_extended,A5_price,none,value,False,none,A5_price,none,value,False,none,llm_extended,llm_extended,llm_extended,llm_extended,llm_extended,,batch_ext_049,train,A5_price,train,A5_price,POS,POS,POS,0.9195
batch_082_cb_part1,67.916,67.916_c1,"nhận được hàng trước tết, gia đủ hàng , có đồ healthy ăn tết rồi",,kept_43b,POS,False,False,True,False,medium,True,True,True,human_gold_iaa_override,A5_price,none,value,True,none,A2_label,none,logistics,True,none,human_gold_iaa,human_gold_iaa,human_gold_iaa,human_gold_iaa,human_gold_iaa,,batch_ext_093,train,A2_label,train,A2_label,POS,POS,POS,0.9195
batch_082_cb_part1,67.926,67.926_c1,sản phẩm này thực sự đã mang lại một trải nghiệm khá tốt so với mức giá tôi bỏ ra trên shopee,,kept_43b,POS,False,False,True,False,medium,True,True,False,llm_extended,A5_price,none,value,False,softener,A5_price,none,value,False,softener,llm_extended,llm_extended,llm_extended,llm_extended,llm_extended,,batch_ext_070,train,A5_price,train,A5_price,POS,POS,POS,0.9195
batch_082_cb_part1,67.926,67.926_c2,"thiết kế nhìn chung khá ổn, không quá nổi bật",,kept_43b,POS,False,False,True,False,medium,True,True,False,llm_extended,A1_product,none,product,False,softener,A1_product,none,product,False,softener,llm_extended,llm_extended,llm_extended,llm_extended,llm_extended,,batch_ext_061,train,A1_product,train,A1_product,POS,POS,POS,0.9195
batch_082_cb_part1,67.926,67.926_c3,nhưng cũng không có điểm gì đáng chê,,kept_43b,POS,False,False,True,False,medium,True,True,False,llm_extended,A1_product,moderate,product,False,softener,A1_product,moderate,product,False,softener,llm_extended,llm_extended,llm_extended,llm_extended,llm_extended,,batch_ext_012,train,A1_product,train,A1_product,POS,POS,POS,0.9195
batch_082_cb_part1,67.926,67.926_c4,"chất lượng hoàn thiện ở mức chấp nhận được, cảm giác cầm nắm chắc chắn, không ọp ẹp",,kept_43b,POS,False,False,True,False,medium,True,True,False,llm_extended,A1_product,none,product,False,softener,A1_product,none,product,False,softener,llm_extended,llm_extended,llm_extended,llm_extended,llm_extended,,batch_ext_035,train,A1_product,train,A1_product,POS,POS,POS,0.9195
batch_082_cb_part1,67.926,67.926_c5,"đặc biệt, tôi khá ấn tượng với tính năng công dụng chính của nó, nó hoạt động đúng như mô tả và đáp ứng được nhu cầu của tôi",,kept_43b,POS,False,False,True,False,medium,True,True,False,llm_extended,A2_label,none,product,False,softener,A2_label,none,product,False,softener,llm_extended,llm_extended,llm_extended,llm_extended,llm_extended,,batch_ext_080,train,A2_label,train,A2_label,POS,POS,POS,0.9195
batch_082_cb_part1,67.926,67.926_c6,đóng gói cẩn thận,,kept_43b,POS,False,False,True,False,medium,True,True,False,llm_extended,A3_logistics,none,logistics,False,none,A3_logistics,none,logistics,False,none,llm_extended,llm_extended,llm_extended,llm_extended,llm_extended,,batch_ext_064,train,A3_logistics,train,A3_logistics,POS,POS,POS,0.9195
batch_082_cb_part1,67.926,67.926_c7,sản phẩm đến tay không bị hư hại,,kept_43b,POS,False,False,True,False,medium,True,True,False,llm_extended,A1_product,moderate,product,False,none,A1_product,moderate,product,False,none,llm_extended,llm_extended,llm_extended,llm_extended,llm_extended,,batch_ext_012,train,A1_product,train,A1_product,POS,POS,POS,0.9195
batch_082_cb_part1,67.926,67.926_c8,"tuy nhiên, nếu có một điểm cần cải thiện, có lẽ là thời gian giao hàng có vẻ hơi lâu một chút",,kept_43b,POS,False,False,True,False,medium,True,True,True,human_gold_iaa_override,A3_logistics,moderate,product,False,conditional,A3_logistics,mild,product,False,conditional,human_gold_iaa,human_gold_iaa,human_gold_iaa,human_gold_iaa,human_gold_iaa,,batch_ext_060,train,A3_logistics,train,A3_logistics,POS,POS,POS,0.9195
batch_082_cb_part1,67.926,67.926_c9,nhưng đó là điều dễ hiểu khi mua sắm online,,kept_43b,POS,False,False,True,False,medium,True,True,False,llm_extended,A1_product,mild,product,False,none,A1_product,mild,product,False,none,llm_extended,llm_extended,llm_extended,llm_extended,llm_extended,,batch_ext_068,train,A1_product,train,A1_product,POS,POS,POS,0.9195
batch_082_cb_part1,67.926,67.926_c10,"nhìn chung, đây là một lựa chọn đáng cân nhắc trong phân khúc của nó",,kept_43b,POS,False,False,True,False,medium,True,True,True,human_gold_iaa,A1_product,strong,product,False,softener,A1_product,strong,product,False,softener,human_gold_iaa,human_gold_iaa,human_gold_iaa,human_gold_iaa,human_gold_iaa,,batch_ext_046,train,A1_product,train,A1_product,POS,POS,POS,0.9195
batch_082_cb_part1,67.97,67.97_c1,"sản phẩm rất xinh đẹp tuyệt vời, tôi không thể trông đợi gì hơn. cảm ơn nhà cung cấp, nhà sản xuất, cảm ơn người bán hàng, cảm ơn sàn thương mại điện tử, cảm ơn người vận chuyển để tôi có cơ hội dùng sản phẩm tốt như thế này. hàng đóng gói rất đẹp. quả nhiên người bán đã gửi gắm rất nhiều tâm tư và tình cảm trong lúc gói hàng. hộp không có dấu hiệu bị móp, chứng tỏ bộ phận vận chuyển đã nâng như nâng trứng, hứng như hứng hoa. xin nghiêng mình cảm ơn vì tất cả. thời gian vận chuyển rất hợp lí. tôi đã đặt hàng với tâm thế hào hứng chờ đợi để được trải nghiệm sản phẩm và tôi không hề bị chờ mỏi cổ. có thể thấy bên vận chuyển không quản ngại thời tiết và đường xá xa xôi để đưa sản phẩm cho tôi trong thời gian ngắn nhất",,kept_43b,POS,False,False,True,False,medium,True,True,False,llm_extended,A5_price,moderate,service,False,softener,A5_price,moderate,service,False,softener,llm_extended,llm_extended,llm_extended,llm_extended,llm_extended,,batch_ext_042,train,A5_price,train,A5_price,POS,POS,POS,0.9195
batch_082_cb_part2,68.1173,68.1173_c1,"chào mừng bạn đến với bảng nhớ tạm của gboard, bất kỳ văn bản nào bạn sao chép sẽ được lưu tại đây",,kept_43b,POS,False,False,True,False,medium,True,True,False,llm_extended,A1_product,mild,product,False,softener,A1_product,mild,product,False,softener,llm_extended,llm_extended,llm_extended,llm_extended,llm_extended,,batch_ext_107,train,A1_product,train,A1_product,POS,POS,POS,0.9195
batch_082_cb_part2,68.1197,68.1197_c1,dùng thik lắm ạ,,kept_43b,POS,False,False,True,False,medium,True,True,True,human_gold_iaa,A1_product,none,product,False,none,A1_product,none,product,False,none,human_gold_iaa,human_gold_iaa,human_gold_iaa,human_gold_iaa,human_gold_iaa,,batch_ext_085,train,A1_product,train,A1_product,POS,POS,POS,0.9195
batch_082_cb_part2,68.123,68.123_c1,bánh gạo nút rong biển hữu cơ onfod ăn kiêng giảm cân giảm đưongf,,kept_43b,POS,False,False,True,False,medium,True,True,True,human_gold_iaa_override,A1_product,none,product,True,none,A2_label,none,product,True,none,human_gold_iaa,human_gold_iaa,human_gold_iaa,human_gold_iaa,human_gold_iaa,,batch_ext_107,train,A2_label,train,A2_label,POS,POS,POS,0.9195
batch_096_cb_part1,71.1717,71.1717_c1,"mì chũ rau củ tự nhiên 1kg orgafood, đặc sản bắc giang, mì ngũ sắc rau củ số 1 việt nam, eatclean ăn kiêng giảm cân",,kept_43b,POS,False,False,True,False,medium,True,True,True,human_gold_iaa_override,A1_product,none,product,True,none,A2_label,none,product,True,none,human_gold_iaa,human_gold_iaa,human_gold_iaa,human_gold_iaa,human_gold_iaa,,batch_ext_028,train,A2_label,train,A2_label,POS,POS,POS,0.9195
batch_096_cb_part1,71.1736,71.1736_c1,hình ảnh và video chỉ mang tính chất là nhận được xu thôi nên đừng để ý,,kept_43b,POS,False,False,True,False,medium,True,True,False,llm_extended,A5_price,none,value,False,wishful,A5_price,none,value,False,wishful,llm_extended,llm_extended,llm_extended,llm_extended,llm_extended,,batch_ext_002,train,A5_price,train,A5_price,POS,POS,POS,0.9195
batch_096_cb_part1,71.178,71.178_c1,nói chung là cũng được đi,,kept_43b,POS,False,False,True,False,medium,True,True,False,llm_extended,A1_product,moderate,product,False,softener,A1_product,moderate,product,False,softener,llm_extended,llm_extended,llm_extended,llm_extended,llm_extended,,batch_ext_022,train,A1_product,train,A1_product,POS,POS,POS,0.9195
batch_096_cb_part2,71.333,71.333_c1,"lâu lắm mới mua lại nui này, dễ ăn lắm luôn, mua về đổi bữa",,kept_43b,POS,False,False,True,False,medium,True,True,False,llm_extended,A1_product,moderate,product,False,none,A1_product,moderate,product,False,none,llm_extended,llm_extended,llm_extended,llm_extended,llm_extended,,batch_ext_058,train,A1_product,train,A1_product,POS,POS,POS,0.9195
batch_096_cb_part2,71.551,71.551_c1,hương vị:nui gao lứt rau củ đầy đủ hình dạng 500g,,kept_43b,POS,False,False,True,False,medium,True,True,True,human_gold_iaa_override,A1_product,none,product,True,none,A1_product,none,product,False,none,human_gold_iaa,human_gold_iaa,human_gold_iaa,human_gold_iaa,human_gold_iaa,,batch_ext_074,train,A1_product,train,A1_product,POS,POS,POS,0.9195
batch_096_cb_part2,71.7,71.7_c1,hương vị:gạo lứt bao bì mẫu mã:đúng đầu tiên,,kept_43b,POS,False,False,True,False,medium,True,True,True,human_gold_iaa_override,A5_price,moderate,value,True,none,A1_product,moderate,value,False,none,human_gold_iaa,human_gold_iaa,human_gold_iaa,human_gold_iaa,human_gold_iaa,,batch_ext_017,train,A2_label,train,A1_product,POS,POS,POS,0.9195
batch_096_cb_part2,71.7,71.7_c2,mở thùng ra mình rất thích cách shop đóng gói,,kept_43b,POS,False,False,True,False,medium,True,True,False,llm_extended,A3_logistics,none,product,False,none,A3_logistics,none,product,False,none,llm_extended,llm_extended,llm_extended,llm_extended,llm_extended,,batch_ext_036,train,A3_logistics,train,A3_logistics,POS,POS,POS,0.9195
batch_096_cb_part2,71.7,71.7_c3,đóng gói rất kỹ,,kept_43b,POS,False,False,True,False,medium,True,True,False,llm_extended,A3_logistics,none,logistics,False,none,A3_logistics,none,logistics,False,none,llm_extended,llm_extended,llm_extended,llm_extended,llm_extended,,batch_ext_029,train,A3_logistics,train,A3_logistics,POS,POS,POS,0.9195
batch_096_cb_part2,71.7,71.7_c4,còn lót thêm cả xốp chống xốc,,kept_43b,POS,False,False,True,False,medium,True,True,False,llm_extended,A1_product,none,product,False,none,A1_product,none,product,False,none,llm_extended,llm_extended,llm_extended,llm_extended,llm_extended,,batch_ext_048,train,A1_product,train,A1_product,POS,POS,POS,0.9195
batch_096_cb_part2,71.7,71.7_c5,giá cả thì phù hợp,,kept_43b,POS,False,False,True,False,medium,True,True,True,human_gold_iaa,A5_price,none,value,False,none,A5_price,none,value,False,none,human_gold_iaa,human_gold_iaa,human_gold_iaa,human_gold_iaa,human_gold_iaa,,batch_ext_035,train,A5_price,train,A5_price,POS,POS,POS,0.9195
batch_096_cb_part2,71.7,71.7_c6,sản phẩm date thì rất mới,,kept_43b,POS,False,False,True,False,medium,True,True,False,llm_extended,A2_label,none,product,False,none,A2_label,none,product,False,none,llm_extended,llm_extended,llm_extended,llm_extended,llm_extended,,batch_ext_056,train,A2_label,train,A2_label,POS,POS,POS,0.9195
batch_096_cb_part2,71.7,71.7_c7,và hsd sản phẩm cũng lâu dài,,kept_43b,POS,False,False,True,False,medium,True,True,False,llm_extended,A2_label,moderate,product,False,softener,A2_label,moderate,product,False,softener,llm_extended,llm_extended,llm_extended,llm_extended,llm_extended,,batch_ext_098,train,A2_label,train,A2_label,POS,POS,POS,0.9195
batch_096_cb_part2,71.7,71.7_c8,có tem nhãn đầy đủ,,kept_43b,POS,False,False,True,False,medium,True,True,False,llm_extended,A2_label,none,product,False,none,A2_label,none,product,False,none,llm_extended,llm_extended,llm_extended,llm_extended,llm_extended,,batch_ext_035,train,A2_label,train,A2_label,POS,POS,POS,0.9195
batch_096_cb_part2,71.7,71.7_c9,chưa dùng nên mình cũng không thể đánh giá về mùi vị cũng như chất lượng sản phẩm bên trong bao bì,,kept_43b,POS,False,False,True,False,medium,True,True,False,llm_extended,A5_price,moderate,value,False,wishful,A5_price,moderate,value,False,wishful,llm_extended,llm_extended,llm_extended,llm_extended,llm_extended,,batch_ext_013,train,A5_price,train,A5_price,POS,POS,POS,0.9195
batch_096_cb_part2,71.7,71.7_c10,nhưng về phần ngoài bao bì và đóng gói thì rất tốt,,kept_43b,POS,False,False,True,False,medium,True,True,False,llm_extended,A2_label,moderate,product,False,none,A2_label,moderate,product,False,none,llm_extended,llm_extended,llm_extended,llm_extended,llm_extended,,batch_ext_094,train,A2_label,train,A2_label,POS,POS,POS,0.9195
batch_096_cb_part2,72.27,72.27_c1,hương vị:không bao bì mẫu mã:đẹp giao hàng nhanh chóng,,kept_43b,POS,False,False,True,False,medium,True,True,False,llm_extended,A2_label,moderate,product,False,none,A2_label,moderate,product,False,none,llm_extended,llm_extended,llm_extended,llm_extended,llm_extended,,batch_ext_079,train,A2_label,train,A2_label,POS,POS,POS,0.9195
batch_096_cb_part2,72.27,72.27_c2,đóng gói cẩn thận,,kept_43b,POS,False,False,True,False,medium,True,True,False,llm_extended,A3_logistics,none,logistics,False,none,A3_logistics,none,logistics,False,none,llm_extended,llm_extended,llm_extended,llm_extended,llm_extended,,batch_ext_113,train,A3_logistics,train,A3_logistics,POS,POS,POS,0.9195
batch_096_cb_part2,72.27,72.27_c3,giao đủ hàng,,kept_43b,POS,False,False,True,False,medium,True,True,False,llm_extended,A3_logistics,none,product,False,none,A3_logistics,none,product,False,none,llm_extended,llm_extended,llm_extended,llm_extended,llm_extended,,batch_ext_027,train,A3_logistics,train,A3_logistics,POS,POS,POS,0.9195
batch_096_cb_part2,72.27,72.27_c4,giá cả hợp lý,,kept_43b,POS,False,False,True,False,medium,True,True,False,llm_extended,A5_price,none,value,False,none,A5_price,none,value,False,none,llm_extended,llm_extended,llm_extended,llm_extended,llm_extended,,batch_ext_028,train,A5_price,train,A5_price,POS,POS,POS,0.9195
batch_096_cb_part2,72.27,72.27_c5,mua rất nhiều lần rồi,,kept_43b,POS,False,False,True,False,medium,True,True,False,llm_extended,A1_product,none,product,False,none,A1_product,none,product,False,none,llm_extended,llm_extended,llm_extended,llm_extended,llm_extended,,batch_ext_106,train,A1_product,train,A1_product,POS,POS,POS,0.9195
batch_096_cb_part2,72.27,72.27_c6,hài lòng và sẽ mua tiếp,,kept_43b,POS,False,False,True,False,medium,True,True,False,llm_extended,A1_product,none,product,False,wishful,A1_product,none,product,False,wishful,llm_extended,llm_extended,llm_extended,llm_extended,llm_extended,,batch_ext_006,train,A1_product,train,A1_product,POS,POS,POS,0.9195
batch_096_cb_part2,72.27,72.27_c7,đa dạng mẫu mã,,kept_43b,POS,False,False,True,False,medium,True,True,False,llm_extended,A1_product,none,product,False,none,A1_product,none,product,False,none,llm_extended,llm_extended,llm_extended,llm_extended,llm_extended,,batch_ext_102,train,A1_product,train,A1_product,POS,POS,POS,0.9195
batch_096_cb_part2,72.27,72.27_c8,ngon và bổ ích cho sức khoẻ,,kept_43b,POS,False,False,True,False,medium,True,True,False,llm_extended,A1_product,none,product,False,none,A1_product,none,product,False,none,llm_extended,llm_extended,llm_extended,llm_extended,llm_extended,,batch_ext_115,train,A1_product,train,A1_product,POS,POS,POS,0.9195
batch_096_cb_part2,72.27,72.27_c9,lành mạnh,,kept_43b,POS,False,False,True,False,medium,True,True,False,llm_extended,A1_product,none,product,False,none,A1_product,none,product,False,none,llm_extended,llm_extended,llm_extended,llm_extended,llm_extended,,batch_ext_002,train,A1_product,train,A1_product,POS,POS,POS,0.9195
batch_121_cb_part2,87.1018,87.1018_c1,"chào mừng bạn đến với bảng nhớ tạm của gboard, bất kỳ văn bản nào bạn sao chép sẽ được lưu tại đây",,kept_43b,POS,False,False,True,False,medium,True,True,False,llm_extended,A1_product,mild,product,False,softener,A1_product,mild,product,False,softener,llm_extended,llm_extended,llm_extended,llm_extended,llm_extended,,batch_ext_096,train,A1_product,train,A1_product,POS,POS,POS,0.9195
batch_shopee_part02,14.86,14.86_c9,mìnlh sẽ giới thiệu cho bạn bè và quay lại mua lần sau,,kept_43b,POS,False,False,True,False,medium,True,True,True,human_gold_iaa_override,A1_product,strong,product,False,wishful,A4_service,strong,product,False,wishful,human_gold_iaa,human_gold_iaa,human_gold_iaa,human_gold_iaa,human_gold_iaa,,batch_ext_073,train,A4_service,train,A4_service,POS,POS,POS,0.9195
batch_shopee_part04,25.254,25.254_c1,"hương vị:ok theo những điều em được biết, gốm bát tràng nổi tiếng bởi chất đất sét trắng tốt, cùng bàn tay khéo léo và sự sáng tạo của những người thợ làng nghề. các sản phẩm gốm ở đây rất đa dạng như bát, đĩa, chum, vại, lọ hoa, đồ thờ cúng và đồ trang trí. gốm bát tràng có hoa văn tinh tế, màu men đẹp, vừa mang nét truyền thống vừa có sự đổi mới để phù hợp với đời sống hiện đại. ngày nay, làng gốm bát tràng không chỉ là nơi sản xuất gốm mà còn là điểm du lịch hấp dẫn. du khách đến đây có thể tham quan làng nghề, tìm hiểu quy trình làm gốm và tự tay nặn gốm. em rất yêu thích làng gốm bát tràng vì nơi đây thể hiện rõ sự cần cù, sáng tạo của người việt và góp phần gìn giữ nét đẹp văn hóa truyền thống dân tộc",,kept_43b,POS,False,False,True,False,medium,True,True,False,llm_extended,A5_price,moderate,value,False,softener,A5_price,moderate,value,False,softener,llm_extended,llm_extended,llm_extended,llm_extended,llm_extended,,batch_ext_024,train,A5_price,train,A5_price,POS,POS,POS,0.9195
batch_shopee_part05,43.345,43.345_c1,bao bì mẫu mã:mới hương vị:ok đây là một trong những,,kept_43b,POS,False,False,True,False,medium,True,True,False,llm_extended,A2_label,moderate,product,False,none,A2_label,moderate,product,False,none,llm_extended,llm_extended,llm_extended,llm_extended,llm_extended,,batch_ext_089,train,A2_label,train,A2_label,POS,POS,POS,0.9195
batch_shopee_part05,43.345,43.345_c2,shop yêu thích của mình nhé các bạn,,kept_43b,POS,False,False,True,False,medium,True,True,False,llm_extended,A4_service,none,service,False,none,A4_service,none,service,False,none,llm_extended,llm_extended,llm_extended,llm_extended,llm_extended,,batch_ext_113,train,A4_service,train,A4_service,POS,POS,POS,0.9195
batch_shopee_part05,43.345,43.345_c3,lần đầu mình có mua bên shop một vài sản phẩm cho bạn mình,,kept_43b,POS,False,False,True,False,medium,True,True,False,llm_extended,A4_service,none,service,False,none,A4_service,none,service,False,none,llm_extended,llm_extended,llm_extended,llm_extended,llm_extended,,batch_ext_056,train,A4_service,train,A4_service,POS,POS,POS,0.9195
batch_shopee_part05,43.345,43.345_c4,nhận gàng về ưng lắm luôn,,kept_43b,POS,False,False,True,False,medium,True,True,False,llm_extended,A1_product,none,product,False,none,A1_product,none,product,False,none,llm_extended,llm_extended,llm_extended,llm_extended,llm_extended,,batch_ext_060,train,A1_product,train,A1_product,POS,POS,POS,0.9195
batch_shopee_part05,43.345,43.345_c5,sản phẩm chất lượng,,kept_43b,POS,False,False,True,False,medium,True,True,False,llm_extended,A1_product,none,product,False,none,A1_product,none,product,False,none,llm_extended,llm_extended,llm_extended,llm_extended,llm_extended,,batch_ext_094,train,A1_product,train,A1_product,POS,POS,POS,0.9195
batch_shopee_part05,43.345,43.345_c6,giá cả phải chăng hơn mấy shop kia,,kept_43b,POS,False,False,True,False,medium,True,True,False,llm_extended,A5_price,none,value,False,none,A5_price,none,value,False,none,llm_extended,llm_extended,llm_extended,llm_extended,llm_extended,,batch_ext_076,train,A5_price,train,A5_price,POS,POS,POS,0.9195
batch_shopee_part05,43.345,43.345_c7,lúc mua thì cũng hơi lo lắng tí vì ít review lắm luôn mà shop lại là mall nên mình đánh liều đặc một lúc luôn full màu.. hỏi có gan không cơ chứ,,kept_43b,POS,False,False,True,False,medium,True,True,False,llm_extended,A4_service,moderate,service,False,wishful,A4_service,moderate,service,False,wishful,llm_extended,llm_extended,llm_extended,llm_extended,llm_extended,,batch_ext_102,train,A4_service,train,A4_service,POS,POS,POS,0.9195
batch_shopee_part05,43.345,43.345_c8,hihi ai ngờ nhận hàng shop không làm mình thất vọng nha,,kept_43b,POS,False,False,True,False,medium,True,True,True,human_gold_iaa_override,A3_logistics,strong,product,False,none,A3_logistics,strong,logistics,False,none,human_gold_iaa,human_gold_iaa,human_gold_iaa,human_gold_iaa,human_gold_iaa,,batch_ext_043,train,A3_logistics,train,A3_logistics,POS,POS,POS,0.9195
batch_shopee_part05,43.345,43.345_c9,hihi chúc shop bán thật đắc hàng,,kept_43b,POS,False,False,True,False,medium,True,True,False,llm_extended,A4_service,none,service,False,none,A4_service,none,service,False,none,llm_extended,llm_extended,llm_extended,llm_extended,llm_extended,,batch_ext_095,train,A4_service,train,A4_service,POS,POS,POS,0.9195
batch_shopee_part05,43.345,43.345_c10,bạn nào lăng tăng về chất lượng tgif yên tâm mua ở shop nhé,,kept_43b,POS,False,False,True,False,medium,True,True,False,llm_extended,A4_service,mild,service,False,softener,A4_service,mild,service,False,softener,llm_extended,llm_extended,llm_extended,llm_extended,llm_extended,,batch_ext_099,train,A4_service,train,A4_service,POS,POS,POS,0.9195
batch_shopee_part05,43.345,43.345_c11,chỉ có hàng chuẩn và giá tốt thôi,,kept_43b,POS,False,False,True,False,medium,True,True,False,llm_extended,A5_price,none,value,False,none,A5_price,none,value,False,none,llm_extended,llm_extended,llm_extended,llm_extended,llm_extended,,batch_ext_113,train,A5_price,train,A5_price,POS,POS,POS,0.9195
batch_shopee_part05,43.345,43.345_c12,cứ yên tâm mà mua mà gom hết đồ bên shop đi nhaa,,kept_43b,POS,False,False,True,False,medium,True,True,False,llm_extended,A4_service,mild,service,False,softener,A4_service,mild,service,False,softener,llm_extended,llm_extended,llm_extended,llm_extended,llm_extended,,batch_ext_009,train,A4_service,train,A4_service,POS,POS,POS,0.9195
batch_shopee_part05,43.345,43.345_c13,tui mua từ bên laz mò qa đây lun..bên đây có mã ap được rẽ hơn tí,,kept_43b,POS,False,False,True,False,medium,True,True,False,llm_extended,A5_price,none,value,False,none,A5_price,none,value,False,none,llm_extended,llm_extended,llm_extended,llm_extended,llm_extended,,batch_ext_054,train,A5_price,train,A5_price,POS,POS,POS,0.9195
batch_shopee_part06,45.1384,45.1384_c1,"bao bì mẫu mã:ok hương vị:ok địa điểm tổ chức chung kết năm chương trình đường lên đỉnh olympia năm 2024 tại điểm cầu thừa thiên huế sau một quãng đường dài nỗ lực, võ quang phú đức, học sinh trường chuyên quốc học huế đã xuất sắc mang cầu truyền hình thứ 7 của đường lên đỉnh olympia về với xứ huế thơ mộng. ban tổ chức chương trình sau khi khảo sát thực tế, đã quyết định lựa chọn một địa điểm vô cùng ý nghĩa: quảng trường ngọ môn đường 23 tháng 8, thành phố huế, tỉnh thừa thiên huế . thời gian : 8h 11h ngày 13 10 2024. một không gian đủ lớn để chứa đựng sức mạnh tinh thần từ vô vàn các cổ động viên, đủ rực rỡ để hoà vào sức nóng của cuộc thi đầy gay cấn, và đủ đẹp để đại diện cho hình ảnh quê hương thân thuộc của phú đức tại trường quay ngày hôm ấy",,kept_43b,POS,False,False,True,False,medium,True,True,True,human_gold_iaa_override,A5_price,strong,value,False,wishful,OOD,strong,value,False,wishful,human_gold_iaa,human_gold_iaa,human_gold_iaa,human_gold_iaa,human_gold_iaa,,batch_ext_003,train,OOD,train,OOD,POS,POS,POS,0.9195
batch_shopee_part06,47.618,47.618_c1,bao bì mẫu mã:ok hương vị:ổn mình đã liên hệ,,kept_43b,POS,False,False,True,False,medium,True,True,False,llm_extended,A2_label,moderate,product,False,none,A2_label,moderate,product,False,none,llm_extended,llm_extended,llm_extended,llm_extended,llm_extended,,batch_ext_097,train,A2_label,train,A2_label,POS,POS,POS,0.9195
batch_shopee_part06,47.618,47.618_c2,"shop để đổi sản phẩm, mình nhận được hàng đổi sau 3 ngày",,kept_43b,POS,False,False,True,False,medium,True,True,False,llm_extended,A4_service,none,service,False,none,A4_service,none,service,False,none,llm_extended,llm_extended,llm_extended,llm_extended,llm_extended,,batch_ext_090,train,A4_service,train,A4_service,POS,POS,POS,0.9195
batch_shopee_part06,47.618,47.618_c3,hình hàng đổi mình có để chữ đã đổi,,kept_43b,POS,False,False,True,False,medium,True,True,False,llm_extended,A1_product,none,product,False,none,A1_product,none,product,False,none,llm_extended,llm_extended,llm_extended,llm_extended,llm_extended,,batch_ext_043,train,A1_product,train,A1_product,POS,POS,POS,0.9195
batch_shopee_part06,47.618,47.618_c4,"chất lượng bịch này giống bịch mình mua tháng trc, mềm dẻo ngon",,kept_43b,POS,False,False,True,False,medium,True,True,False,llm_extended,A1_product,none,product,False,none,A1_product,none,product,False,none,llm_extended,llm_extended,llm_extended,llm_extended,llm_extended,,batch_ext_078,train,A1_product,train,A1_product,POS,POS,POS,0.9195
batch_shopee_part06,47.618,47.618_c5,lần này thấy táo xấu và nhiều quả nhỏ hơn tháng trc mình mua tháng trc mình mua rất ok và đánh giá 5,,kept_43b,POS,False,False,True,False,medium,True,True,True,human_gold_iaa_override,A5_price,none,value,False,none,A1_product,moderate,value,False,none,human_gold_iaa,human_gold_iaa,human_gold_iaa,human_gold_iaa,human_gold_iaa,,batch_ext_004,train,A1_product,train,A1_product,POS,POS,POS,0.9195
batch_shopee_part06,47.618,47.618_c6,quả bị hơi cứng,,kept_43b,POS,False,False,True,False,medium,True,True,False,llm_extended,A1_product,moderate,product,False,softener,A1_product,moderate,product,False,softener,llm_extended,llm_extended,llm_extended,llm_extended,llm_extended,,batch_ext_029,train,A1_product,train,A1_product,POS,POS,POS,0.9195
batch_shopee_part06,47.618,47.618_c7,hình mình chụp chỗ màu trắng là bị cứng,,kept_43b,POS,False,False,True,False,medium,True,True,False,llm_extended,A1_product,moderate,product,False,softener,A1_product,moderate,product,False,softener,llm_extended,llm_extended,llm_extended,llm_extended,llm_extended,,batch_ext_044,train,A1_product,train,A1_product,POS,POS,POS,0.9195
batch_shopee_part06,47.618,47.618_c8,định mua cho mẹ ăn thử để tết đặt mà hàng như này chắc tới tết hàng sẽ không được đẹp,,kept_43b,POS,False,False,True,False,medium,True,True,False,llm_extended,A5_price,moderate,value,False,softener,A5_price,moderate,value,False,softener,llm_extended,llm_extended,llm_extended,llm_extended,llm_extended,,batch_ext_048,train,A5_price,train,A5_price,POS,POS,POS,0.9195
batch_shopee_part06,47.618,47.618_c9,bịch này mình đếm được 88 quả,,kept_43b,POS,False,False,True,False,medium,True,True,False,llm_extended,A1_product,none,product,False,none,A1_product,none,product,False,none,llm_extended,llm_extended,llm_extended,llm_extended,llm_extended,,batch_ext_060,train,A1_product,train,A1_product,POS,POS,POS,0.9195
batch_shopee_part06,5.2,5.2_c1,hương vị:ok bao bì mẫu mã:ok đẹp,,kept_43b,POS,False,False,True,False,medium,True,True,False,llm_extended,A2_label,moderate,product,False,none,A2_label,moderate,product,False,none,llm_extended,llm_extended,llm_extended,llm_extended,llm_extended,,batch_ext_040,train,A2_label,train,A2_label,POS,POS,POS,0.9195
batch_shopee_part06,5.2,5.2_c2,chất lượng ổn,,kept_43b,POS,False,False,True,False,medium,True,True,False,llm_extended,A1_product,none,product,False,none,A1_product,none,product,False,none,llm_extended,llm_extended,llm_extended,llm_extended,llm_extended,,batch_ext_104,train,A1_product,train,A1_product,POS,POS,POS,0.9195
batch_shopee_part06,5.2,5.2_c3,màu sắc cũng rất đẹp nhé các b. mình săn sale nên giá khá rẻ,,kept_43b,POS,False,False,True,False,medium,True,True,False,llm_extended,A5_price,moderate,value,False,wishful,A5_price,moderate,value,False,wishful,llm_extended,llm_extended,llm_extended,llm_extended,llm_extended,,batch_ext_108,train,A5_price,train,A5_price,POS,POS,POS,0.9195
batch_shopee_part06,5.2,5.2_c4,nói chung rất đáng để mua và trải nghiệm,,kept_43b,POS,False,False,True,False,medium,True,True,False,llm_extended,A1_product,none,product,False,softener,A1_product,none,product,False,softener,llm_extended,llm_extended,llm_extended,llm_extended,llm_extended,,batch_ext_028,train,A1_product,train,A1_product,POS,POS,POS,0.9195
batch_shopee_part06,5.2,5.2_c5,hàng giao nhanh,,kept_43b,POS,False,False,True,False,medium,True,True,False,llm_extended,A3_logistics,none,logistics,False,none,A3_logistics,none,logistics,False,none,llm_extended,llm_extended,llm_extended,llm_extended,llm_extended,,batch_ext_044,train,A3_logistics,train,A3_logistics,POS,POS,POS,0.9195
batch_shopee_part06,5.2,5.2_c6,đóng gói cẩn thận,,kept_43b,POS,False,False,True,False,medium,True,True,False,llm_extended,A3_logistics,none,logistics,False,none,A3_logistics,none,logistics,False,none,llm_extended,llm_extended,llm_extended,llm_extended,llm_extended,,batch_ext_086,train,A3_logistics,train,A3_logistics,POS,POS,POS,0.9195
batch_shopee_part06,5.2,5.2_c7,không bị móp méo,,kept_43b,POS,False,False,True,False,medium,True,True,False,llm_extended,A1_product,moderate,product,False,none,A1_product,moderate,product,False,none,llm_extended,llm_extended,llm_extended,llm_extended,llm_extended,,batch_ext_101,train,A1_product,train,A1_product,POS,POS,POS,0.9195
batch_shopee_part06,5.2,5.2_c8,"form chuẩn, mặc lên tôn dáng và thoải mái",,kept_43b,POS,False,False,True,False,medium,True,True,False,llm_extended,A5_price,moderate,value,False,none,A5_price,moderate,value,False,none,llm_extended,llm_extended,llm_extended,llm_extended,llm_extended,,batch_ext_029,train,A5_price,train,A5_price,POS,POS,POS,0.9195
batch_shopee_part06,5.2,5.2_c9,so với chất lượng thì giá quá ổn,,kept_43b,POS,False,False,True,False,medium,True,True,False,llm_extended,A5_price,none,value,False,none,A5_price,none,value,False,none,llm_extended,llm_extended,llm_extended,llm_extended,llm_extended,,batch_ext_083,train,A5_price,train,A5_price,POS,POS,POS,0.9195
batch_shopee_part06,5.2,5.2_c10,cực kỳ đáng tiền,,kept_43b,POS,False,False,True,False,medium,True,True,False,llm_extended,A5_price,none,value,False,none,A5_price,none,value,False,none,llm_extended,llm_extended,llm_extended,llm_extended,llm_extended,,batch_ext_027,train,A5_price,train,A5_price,POS,POS,POS,0.9195
batch_shopee_part07,64.439,64.439_c8,nhưng thấy đóng gói cũng ok,,kept_43b,POS,False,False,True,False,medium,True,True,False,llm_extended,A3_logistics,moderate,product,False,softener,A3_logistics,moderate,product,False,softener,llm_extended,llm_extended,llm_extended,llm_extended,llm_extended,,batch_ext_093,train,A3_logistics,train,A3_logistics,POS,POS,POS,0.9195
batch_shopee_part07,64.439,64.439_c9,có tên công ty rõ ràng,,kept_43b,POS,False,False,True,False,medium,True,True,False,llm_extended,A1_product,none,product,False,none,A1_product,none,product,False,none,llm_extended,llm_extended,llm_extended,llm_extended,llm_extended,,batch_ext_093,train,A2_label,train,A1_product,POS,POS,POS,0.9195
batch_shopee_part08,7.79,7.79_c10,cực kỳ đáng tiền.o,,kept_43b,POS,False,False,True,False,medium,True,True,True,human_gold_iaa,A5_price,none,value,False,none,A5_price,none,value,False,none,human_gold_iaa,human_gold_iaa,human_gold_iaa,human_gold_iaa,human_gold_iaa,,batch_ext_079,train,A5_price,train,A5_price,POS,POS,POS,0.9195
batch_shopee_part09,74.329,74.329_c1,"bao bì mẫu mã:ok hương vị:ok sáng 28 10, tand tp hà nội mở phiên tòa xét xử sơ thẩm 141 bị cáo trong vụ án đánh bạc xảy ra tại câu lạc bộ king club tầng 1 khách sạn pullman hà nội",,kept_43b,POS,False,False,True,False,medium,True,True,False,llm_extended,A5_price,moderate,value,False,none,A5_price,moderate,value,False,none,llm_extended,llm_extended,llm_extended,llm_extended,llm_extended,,batch_ext_065,train,A5_price,train,A5_price,POS,POS,POS,0.9195
batch_shopee_part09,74.329,74.329_c2,"theo thông tin trên báo người lao động, trong số 136 bị can bị truy tố về tội đánh bạc , có cựu phó chủ tịch ubnd tỉnh phú thọ cũ hồ đại dũng; ngô ngọc đức, cựu bí thư thành ủy tp hòa bình, tỉnh hòa bình cũ nay là tỉnh phú thọ ; đỗ anh tuấn, cựu chi cục trưởng chi cục quản lý chất lượng nông lâm sản và thủy sản sở nông nghiệp và phát triển nông thôn tỉnh phú thọ cũ , nguyễn xuân huệ cựu phó trưởng phòng khoa giáo văn xã, văn phòng ubnd tỉnh phú thọ cũ",,kept_43b,POS,False,False,True,False,medium,True,True,False,llm_extended,A3_logistics,moderate,product,False,none,A3_logistics,moderate,product,False,none,llm_extended,llm_extended,llm_extended,llm_extended,llm_extended,,batch_ext_063,train,A1_product,train,A3_logistics,POS,POS,POS,0.9195
batch_shopee_part10,74.412,74.412_c8,hihi ai ngờ nhận hàng shop không làm mình thất vọng nha,,kept_43b,POS,False,False,True,False,medium,True,True,True,human_gold_iaa_override,A3_logistics,strong,product,False,none,A3_logistics,strong,logistics,False,none,human_gold_iaa,human_gold_iaa,human_gold_iaa,human_gold_iaa,human_gold_iaa,,batch_ext_028,train,A3_logistics,train,A3_logistics,POS,POS,POS,0.9195
batch_shopee_part10,74.412,74.412_c9,hihi chúc shop bán thật đắc hàng,,kept_43b,POS,False,False,True,False,medium,True,True,False,llm_extended,A4_service,none,service,False,none,A4_service,none,service,False,none,llm_extended,llm_extended,llm_extended,llm_extended,llm_extended,,batch_ext_009,train,A4_service,train,A4_service,POS,POS,POS,0.9195
batch_shopee_part10,74.412,74.412_c10,bạn nào lăng tăng về chất lượng tgif yên tâm mua ở shop nhé,,kept_43b,POS,False,False,True,False,medium,True,True,False,llm_extended,A4_service,mild,service,False,softener,A4_service,mild,service,False,softener,llm_extended,llm_extended,llm_extended,llm_extended,llm_extended,,batch_ext_015,train,A4_service,train,A4_service,POS,POS,POS,0.9195
batch_shopee_part10,74.412,74.412_c11,chỉ có hàng chuẩn và giá tốt thôi,,kept_43b,POS,False,False,True,False,medium,True,True,False,llm_extended,A5_price,none,value,False,none,A5_price,none,value,False,none,llm_extended,llm_extended,llm_extended,llm_extended,llm_extended,,batch_ext_004,train,A5_price,train,A5_price,POS,POS,POS,0.9195
batch_shopee_part10,74.412,74.412_c12,cứ yên tâm mà mua mà gom hết đồ bên shop đi nhaa,,kept_43b,POS,False,False,True,False,medium,True,True,False,llm_extended,A4_service,mild,service,False,softener,A4_service,mild,service,False,softener,llm_extended,llm_extended,llm_extended,llm_extended,llm_extended,,batch_ext_082,train,A4_service,train,A4_service,POS,POS,POS,0.9195
batch_shopee_part11,74.936,74.936_c1,hương vị:ok bao bì mẫu mã:ok già,,kept_43b,POS,False,False,True,False,medium,True,True,False,llm_extended,A5_price,moderate,value,False,none,A5_price,moderate,value,False,none,llm_extended,llm_extended,llm_extended,llm_extended,llm_extended,,batch_ext_089,train,A2_label,train,A5_price,POS,POS,POS,0.9195
batch_shopee_part12,85.2,85.2_c1,bao bì mẫu mã:ok hương vị:ngon,,kept_43b,POS,False,False,True,False,medium,True,True,False,llm_extended,A2_label,moderate,product,False,none,A2_label,moderate,product,False,none,llm_extended,llm_extended,llm_extended,llm_extended,llm_extended,,batch_ext_033,train,A2_label,train,A2_label,POS,POS,POS,0.9195
batch_shopee_part12,85.2,85.2_c2,shop giao hàng siêu nhanh,,kept_43b,POS,False,False,True,False,medium,True,True,False,llm_extended,A3_logistics,none,logistics,False,none,A3_logistics,none,logistics,False,none,llm_extended,llm_extended,llm_extended,llm_extended,llm_extended,,batch_ext_082,train,A3_logistics,train,A3_logistics,POS,POS,POS,0.9195
batch_shopee_part12,85.2,85.2_c3,đóng gói cẩn thận,,kept_43b,POS,False,False,True,False,medium,True,True,False,llm_extended,A3_logistics,none,logistics,False,none,A3_logistics,none,logistics,False,none,llm_extended,llm_extended,llm_extended,llm_extended,llm_extended,,batch_ext_103,train,A3_logistics,train,A3_logistics,POS,POS,POS,0.9195
batch_shopee_part12,85.2,85.2_c4,mình mua lẻ tẻ vài thứ,,kept_43b,POS,False,False,True,False,medium,True,True,False,llm_extended,A1_product,none,product,False,none,A1_product,none,product,False,none,llm_extended,llm_extended,llm_extended,llm_extended,llm_extended,,batch_ext_049,train,A1_product,train,A1_product,POS,POS,POS,0.9195
batch_shopee_part12,85.2,85.2_c5,nhưng shop đóng cũng đầy đủ chỉn chu,,kept_43b,POS,False,False,True,False,medium,True,True,False,llm_extended,A4_service,moderate,service,False,softener,A4_service,moderate,service,False,softener,llm_extended,llm_extended,llm_extended,llm_extended,llm_extended,,batch_ext_076,train,A4_service,train,A4_service,POS,POS,POS,0.9195
batch_shopee_part12,85.2,85.2_c6,date các thứ còn xa,,kept_43b,POS,False,False,True,False,medium,True,True,True,human_gold_iaa_override,A2_label,none,product,False,none,A1_product,none,product,False,none,human_gold_iaa,human_gold_iaa,human_gold_iaa,human_gold_iaa,human_gold_iaa,,batch_ext_113,train,A1_product,train,A1_product,POS,POS,POS,0.9195
batch_shopee_part12,85.2,85.2_c7,hsd in rõ ràng trên bao bì,,kept_43b,POS,False,False,True,False,medium,True,True,False,llm_extended,A2_label,moderate,product,False,none,A2_label,moderate,product,False,none,llm_extended,llm_extended,llm_extended,llm_extended,llm_extended,,batch_ext_064,train,A2_label,train,A2_label,POS,POS,POS,0.9195
batch_shopee_part12,85.2,85.2_c8,"nói chung là yên tâm, khá hài lòng ạ",,kept_43b,POS,False,False,True,False,medium,True,True,False,llm_extended,A1_product,mild,product,False,softener,A1_product,mild,product,False,softener,llm_extended,llm_extended,llm_extended,llm_extended,llm_extended,,batch_ext_114,train,A1_product,train,A1_product,POS,POS,POS,0.9195
batch_shopee_part12,85.2,85.2_c9,5 sao không nói nhiều,,kept_43b,POS,False,False,True,False,medium,True,True,False,llm_extended,OOD,none,none,False,none,OOD,none,none,False,none,llm_extended,llm_extended,llm_extended,llm_extended,llm_extended,,batch_ext_106,train,OOD,train,OOD,POS,POS,POS,0.9195
batch_shopee_part12,85.2,85.2_c10,mai mốt lạii ủng hộ shop thêm,,kept_43b,POS,False,False,True,False,medium,True,True,False,llm_extended,A4_service,none,service,False,none,A4_service,none,service,False,none,llm_extended,llm_extended,llm_extended,llm_extended,llm_extended,,batch_ext_112,train,A4_service,train,A4_service,POS,POS,POS,0.9195
batch_shopee_part12,85.2,85.2_c11,cảm ơn shop nhìu nhìuu EMOJI_POS,,kept_43b,POS,False,False,True,False,medium,True,True,False,llm_extended,A4_service,none,service,False,none,A4_service,none,service,False,none,llm_extended,llm_extended,llm_extended,llm_extended,llm_extended,,batch_ext_002,train,A4_service,train,A4_service,POS,POS,POS,0.9195
batch_shopee_part12,85.244,85.244_c2,"tặng mọi người bài thơ yêu là chết ở trong lòng một ít vì mấy khi yêu mà chắc được yêu cho rất nhiều song nhận chẳng bao nhiêu người ta phụ, hoặc thờ ơ, chẳng biết phút gần gũi cũng như giờ chia biệt tưởng trăng tàn, hoa tạ, với hồn tiêu vì mấy khi yêu mà chắc được yêu - yêu, là chết ở trong lòng một ít họ lạc lối giữa u sầu mù mịt những người si theo dõi dấu chân yêu và cảnh đời là sa mạc vô liêu và tình ái là sợi dây vấn vít yêu, là chết ở trong lòng một ít",,kept_43b,POS,False,False,True,False,medium,True,True,True,human_gold_iaa_override,A5_price,strong,value,False,softener,OOD,strong,value,False,softener,human_gold_iaa,human_gold_iaa,human_gold_iaa,human_gold_iaa,human_gold_iaa,,batch_ext_063,train,OOD,train,OOD,POS,POS,POS,0.9195
batch_shopee_part13,94.8,94.8_c1,bao bì mẫu mã:ok hương vị:ok đơn này thật sự làm mình ưng hết sức,,kept_43b,POS,False,False,True,False,medium,True,True,False,llm_extended,A2_label,moderate,product,False,none,A2_label,moderate,product,False,none,llm_extended,llm_extended,llm_extended,llm_extended,llm_extended,,batch_ext_074,train,A2_label,train,A2_label,POS,POS,POS,0.9195
batch_shopee_part13,94.8,94.8_c2,mình đặt thử vì thấy đánh giá tốt,,kept_43b,POS,False,False,True,False,medium,True,True,False,llm_extended,A5_price,moderate,value,False,none,A5_price,moderate,value,False,none,llm_extended,llm_extended,llm_extended,llm_extended,llm_extended,,batch_ext_099,train,A5_price,train,A5_price,POS,POS,POS,0.9195
batch_shopee_part13,94.8,94.8_c3,ai ngờ ngon hơn mong đợi,,kept_43b,POS,False,False,True,False,medium,True,True,False,llm_extended,A1_product,none,product,False,wishful,A1_product,none,product,False,wishful,llm_extended,llm_extended,llm_extended,llm_extended,llm_extended,,batch_ext_108,train,A1_product,train,A1_product,POS,POS,POS,0.9195
batch_shopee_part13,94.8,94.8_c4,"bánh tráng thơm, vị đậm đà, cay vừa miệng, gói sạch sẽ không dính dầu",,kept_43b,POS,False,False,True,False,medium,True,True,True,human_gold_iaa_override,A1_product,none,product,True,none,A1_product,none,product,False,none,human_gold_iaa,human_gold_iaa,human_gold_iaa,human_gold_iaa,human_gold_iaa,,batch_ext_039,train,A1_product,train,A1_product,POS,POS,POS,0.9195
batch_shopee_part13,94.8,94.8_c5,mình thích nhất là shop có để ngày sản xuất,,kept_43b,POS,False,False,True,False,medium,True,True,False,llm_extended,A2_label,moderate,product,False,none,A2_label,moderate,product,False,none,llm_extended,llm_extended,llm_extended,llm_extended,llm_extended,,batch_ext_115,train,A4_service,train,A2_label,POS,POS,POS,0.9195
batch_shopee_part13,94.8,94.8_c6,và hạn sử dụng rõ ràng,,kept_43b,POS,False,False,True,False,medium,True,True,False,llm_extended,A2_label,none,product,False,none,A2_label,none,product,False,none,llm_extended,llm_extended,llm_extended,llm_extended,llm_extended,,batch_ext_024,train,A2_label,train,A2_label,POS,POS,POS,0.9195
batch_shopee_part13,94.8,94.8_c7,giao hàng nhanh,,kept_43b,POS,False,False,True,False,medium,True,True,False,llm_extended,A3_logistics,none,logistics,False,none,A3_logistics,none,logistics,False,none,llm_extended,llm_extended,llm_extended,llm_extended,llm_extended,,batch_ext_067,train,A3_logistics,train,A3_logistics,POS,POS,POS,0.9195
batch_shopee_part13,94.8,94.8_c8,đóng gói gọn gàng,,kept_43b,POS,False,False,True,False,medium,True,True,True,human_gold_iaa_override,A3_logistics,none,product,False,none,A3_logistics,none,logistics,False,none,human_gold_iaa,human_gold_iaa,human_gold_iaa,human_gold_iaa,human_gold_iaa,,batch_ext_106,train,A3_logistics,train,A3_logistics,POS,POS,POS,0.9195
batch_shopee_part13,94.8,94.8_c9,còn kèm note cảm ơn rất dễ thương,,kept_43b,POS,False,False,True,False,medium,True,True,False,llm_extended,A4_service,none,service,False,none,A4_service,none,service,False,none,llm_extended,llm_extended,llm_extended,llm_extended,llm_extended,,batch_ext_038,train,A4_service,train,A4_service,POS,POS,POS,0.9195
batch_shopee_part13,94.8,94.8_c10,cảm giác nhận hàng như được tặng quà luôn,,kept_43b,POS,False,False,True,False,medium,True,True,False,llm_extended,A3_logistics,none,product,False,none,A3_logistics,none,product,False,none,llm_extended,llm_extended,llm_extended,llm_extended,llm_extended,,batch_ext_105,train,A4_service,train,A3_logistics,POS,POS,POS,0.9195
batch_shopee_part13,94.8,94.8_c11,shop bán có tâm,,kept_43b,POS,False,False,True,False,medium,True,True,False,llm_extended,A4_service,mild,service,False,softener,A4_service,mild,service,False,softener,llm_extended,llm_extended,llm_extended,llm_extended,llm_extended,,batch_ext_041,train,A4_service,train,A4_service,POS,POS,POS,0.9195
batch_shopee_part13,94.8,94.8_c12,giá hợp lý,,kept_43b,POS,False,False,True,False,medium,True,True,False,llm_extended,A5_price,none,value,False,none,A5_price,none,value,False,none,llm_extended,llm_extended,llm_extended,llm_extended,llm_extended,,batch_ext_025,train,A5_price,train,A5_price,POS,POS,POS,0.9195
batch_shopee_part13,94.8,94.8_c13,chất lượng ổn định,,kept_43b,POS,False,False,True,False,medium,True,True,False,llm_extended,A1_product,none,product,False,none,A1_product,none,product,False,none,llm_extended,llm_extended,llm_extended,llm_extended,llm_extended,,batch_ext_099,train,A1_product,train,A1_product,POS,POS,POS,0.9195
batch_shopee_part13,94.8,94.8_c14,mình sẽ giới thiệu bạn bè ủng hộ thêm vì quá hài lòng với dịch vụ,,kept_43b,POS,False,False,True,False,medium,True,True,True,human_gold_iaa_override,A1_product,strong,product,False,none,A4_service,strong,service,False,wishful,human_gold_iaa,human_gold_iaa,human_gold_iaa,human_gold_iaa,human_gold_iaa,,batch_ext_115,train,A4_service,train,A4_service,POS,POS,POS,0.9195
batch_shopee_part13,99.372,99.372_c1,bao bì mẫu mã:ok hương vị:good shop giao nhanh,,kept_43b,POS,False,False,True,False,medium,True,True,False,llm_extended,A2_label,moderate,logistics,False,none,A2_label,moderate,logistics,False,none,llm_extended,llm_extended,llm_extended,llm_extended,llm_extended,,batch_ext_030,train,A2_label,train,A2_label,POS,POS,POS,0.9195
batch_shopee_part13,99.372,99.372_c2,sản phẩm date xa,,kept_43b,POS,False,False,True,False,medium,True,True,True,human_gold_iaa_override,A2_label,none,product,False,none,A1_product,none,product,False,none,human_gold_iaa,human_gold_iaa,human_gold_iaa,human_gold_iaa,human_gold_iaa,,batch_ext_101,train,A2_label,train,A1_product,POS,POS,POS,0.9195
batch_shopee_part13,99.372,99.372_c3,hút chân k. mình kỹ nên rây lại không thấy mọt gạo,,kept_43b,POS,False,False,True,False,medium,True,True,False,llm_extended,A1_product,moderate,product,False,wishful,A1_product,moderate,product,False,wishful,llm_extended,llm_extended,llm_extended,llm_extended,llm_extended,,batch_ext_012,train,A1_product,train,A1_product,POS,POS,POS,0.9195
batch_shopee_part13,99.372,99.372_c4,ưng nè nấu cần ngâm hơn 30ph mới dễ nấu á nếu không có thời gian thì cho xíu muối hồng ngâm 10-15ph sẽ nấu nhừ hơn mình bật mode brown rice,,kept_43b,POS,False,False,True,False,medium,True,True,True,human_gold_iaa,A1_product,strong,product,False,conditional,A1_product,strong,product,False,conditional,human_gold_iaa,human_gold_iaa,human_gold_iaa,human_gold_iaa,human_gold_iaa,,batch_ext_103,train,A1_product,train,A1_product,POS,POS,POS,0.9195
batch_shopee_part13,99.372,99.372_c5,gạo mix này nấu cháo cũng ngon lắm mn,,kept_43b,POS,False,False,True,False,medium,True,True,False,llm_extended,A1_product,moderate,product,False,softener,A1_product,moderate,product,False,softener,llm_extended,llm_extended,llm_extended,llm_extended,llm_extended,,batch_ext_099,train,A1_product,train,A1_product,POS,POS,POS,0.9195
batch_shopee_part13,99.372,99.372_c6,mình rang gạo trắng trước,,kept_43b,POS,False,False,True,False,medium,True,True,False,llm_extended,A1_product,none,product,False,none,A1_product,none,product,False,none,llm_extended,llm_extended,llm_extended,llm_extended,llm_extended,,batch_ext_050,train,A1_product,train,A1_product,POS,POS,POS,0.9195
batch_shopee_part13,99.372,99.372_c7,cho nước vào kha khá,,kept_43b,POS,False,False,True,False,medium,True,True,False,llm_extended,A1_product,none,product,False,softener,A1_product,none,product,False,softener,llm_extended,llm_extended,llm_extended,llm_extended,llm_extended,,batch_ext_053,train,A1_product,train,A1_product,POS,POS,POS,0.9195
batch_shopee_part13,99.372,99.372_c8,sau đó bỏ thêm gạo mix này vào đã ngâm đủ thời gian,,kept_43b,POS,False,False,True,False,medium,True,True,True,human_gold_iaa,A1_product,none,product,False,none,A1_product,none,product,False,none,human_gold_iaa,human_gold_iaa,human_gold_iaa,human_gold_iaa,human_gold_iaa,,batch_ext_032,train,A1_product,train,A1_product,POS,POS,POS,0.9195
batch_shopee_part13,99.372,99.372_c9,cháo thơm béo bùi sẽ ủng hộ thêm,,kept_43b,POS,False,False,True,False,medium,True,True,False,llm_extended,A1_product,none,product,False,none,A1_product,none,product,False,none,llm_extended,llm_extended,llm_extended,llm_extended,llm_extended,,batch_ext_097,train,A1_product,train,A1_product,POS,POS,POS,0.9195
batch_005,105.131,105.131_c1,uống cung ok,,resplit_llm,POS,False,False,True,False,high,False,True,False,llm_extended,A1_product,moderate,product,False,softener,A1_product,moderate,product,False,softener,llm_extended,llm_extended,llm_extended,llm_extended,llm_extended,,batch_ext_051,train,A1_product,train,A1_product,POS,POS,POS,0.9195
batch_005,105.1316,105.1316_c1,mua lại lần 2,,kept_43b,POS,False,False,True,False,high,False,True,False,llm_extended,A1_product,none,product,False,none,A1_product,none,product,False,none,llm_extended,llm_extended,llm_extended,llm_extended,llm_extended,,batch_ext_015,train,A1_product,train,A1_product,POS,POS,POS,0.9195
batch_005,105.348,105.348_c1,thành phần gạo lứt sấy khô pha trà với nước nóng chờ phút là có thể,,kept_43b,NEU,False,False,True,False,medium,False,True,True,human_gold_iaa_override,A2_label,moderate,none,True,none,A1_product,moderate,none,False,none,human_gold_iaa,human_gold_iaa,human_gold_iaa,human_gold_iaa,human_gold_iaa,,batch_ext_076,train,A1_product,train,A1_product,NEU,POS,POS,0.9195
batch_016,17.78,17.78_c1,được bịch hạt chia như bị rạch,,kept_43b,NEG,False,False,True,False,high,False,True,False,llm_extended,A1_product,moderate,none,False,none,A1_product,moderate,none,False,none,llm_extended,llm_extended,llm_extended,llm_extended,llm_extended,,batch_ext_018,train,A1_product,train,A1_product,NEG,POS,POS,0.9195
batch_029,25.241,25.241_c1,được đó cả nhà,,kept_43b,POS,False,False,True,False,high,False,True,True,human_gold_iaa,A1_product,none,product,False,none,A1_product,none,product,False,none,human_gold_iaa,human_gold_iaa,human_gold_iaa,human_gold_iaa,human_gold_iaa,,batch_ext_110,train,A1_product,train,A1_product,POS,POS,POS,0.9195
batch_033,27.961,27.961_c1,được tặng 1bit nho,,kept_43b,POS,False,False,True,False,high,False,True,False,llm_extended,A4_service,none,service,False,none,A4_service,none,service,False,none,llm_extended,llm_extended,llm_extended,llm_extended,llm_extended,,batch_ext_026,train,A4_service,train,A4_service,POS,POS,POS,0.9195
batch_034,28.1401,28.1401_c1,"hạt ngon, đóng gói kỹ",,kept_43b,POS,False,False,True,False,high,False,True,False,llm_extended,A3_logistics,none,logistics,False,none,A3_logistics,none,logistics,False,none,llm_extended,llm_extended,llm_extended,llm_extended,llm_extended,,batch_ext_112,train,A3_logistics,train,A3_logistics,POS,POS,POS,0.9195
batch_034,28.1401,28.1401_c2,lần sau sẽ ủng hộ thêm,,kept_43b,POS,False,False,True,False,high,False,True,False,llm_extended,A1_product,none,product,False,wishful,A1_product,none,product,False,wishful,llm_extended,llm_extended,llm_extended,llm_extended,llm_extended,,batch_ext_093,train,A1_product,train,A1_product,POS,POS,POS,0.9195
batch_034,28.1401,28.1401_c3,hơn hẳn mấy shop khác,,kept_43b,POS,False,False,True,False,high,False,True,False,llm_extended,A4_service,none,service,False,none,A4_service,none,service,False,none,llm_extended,llm_extended,llm_extended,llm_extended,llm_extended,,batch_ext_092,train,A4_service,train,A4_service,POS,POS,POS,0.9195
batch_034,28.1522,28.1522_c1,đóng gói kỹ lưỡng,,kept_43b,POS,False,False,True,False,high,False,True,False,llm_extended,A3_logistics,none,logistics,False,none,A3_logistics,none,logistics,False,none,llm_extended,llm_extended,llm_extended,llm_extended,llm_extended,,batch_ext_092,train,A3_logistics,train,A3_logistics,POS,POS,POS,0.9195
batch_034,28.1522,28.1522_c2,hạt ngon sạch,,kept_43b,POS,False,False,True,False,high,False,True,True,human_gold_iaa_override,A1_product,none,product,True,none,A2_label,none,product,True,none,human_gold_iaa,human_gold_iaa,human_gold_iaa,human_gold_iaa,human_gold_iaa,,batch_ext_056,train,A1_product,train,A2_label,POS,POS,POS,0.9195
batch_034,28.1522,28.1522_c3,giao nhanh chóng,,kept_43b,POS,False,False,True,False,high,False,True,False,llm_extended,A3_logistics,none,logistics,False,none,A3_logistics,none,logistics,False,none,llm_extended,llm_extended,llm_extended,llm_extended,llm_extended,,batch_ext_090,train,A3_logistics,train,A3_logistics,POS,POS,POS,0.9195
batch_034,28.1522,28.1522_c4,sẽ mua lại,,kept_43b,POS,False,False,True,False,high,False,True,False,llm_extended,A1_product,none,product,False,none,A1_product,none,product,False,none,llm_extended,llm_extended,llm_extended,llm_extended,llm_extended,,batch_ext_095,train,A1_product,train,A1_product,POS,POS,POS,0.9195
batch_040,29.182,29.182_c1,hạt sen còn tạm được,,kept_43b,NEU,False,False,True,False,high,False,True,False,llm_extended,A1_product,moderate,none,False,softener,A1_product,moderate,none,False,softener,llm_extended,llm_extended,llm_extended,llm_extended,llm_extended,,batch_ext_002,train,A1_product,train,A1_product,NEU,POS,POS,0.9195
batch_040,30.39,30.39_c1,trong các loại đã mua thì thấy mì chũ là nấu nhanh nhất và cũng dễ ăn nhất,,kept_43b,POS,False,False,True,False,high,False,True,False,llm_extended,A1_product,moderate,product,False,softener,A1_product,moderate,product,False,softener,llm_extended,llm_extended,llm_extended,llm_extended,llm_extended,,batch_ext_010,train,A1_product,train,A1_product,POS,POS,POS,0.9195
batch_043,34.709,34.709_c1,ăn cungz được,,kept_43b,POS,False,False,True,False,high,False,True,False,llm_extended,A1_product,none,product,False,none,A1_product,none,product,False,none,llm_extended,llm_extended,llm_extended,llm_extended,llm_extended,,batch_ext_088,train,A1_product,train,A1_product,POS,POS,POS,0.9195
batch_043,34.721,34.721_c1,dở nhất từng ăn,,kept_43b,NEG,False,False,True,False,high,False,True,False,llm_extended,A1_product,moderate,none,False,none,A1_product,moderate,none,False,none,llm_extended,llm_extended,llm_extended,llm_extended,llm_extended,,batch_ext_081,train,A1_product,train,A1_product,NEG,POS,POS,0.9195
batch_043,34.735,34.735_c1,gói cẩn thận s,,kept_43b,POS,False,False,True,False,high,False,True,False,llm_extended,A1_product,none,product,False,none,A1_product,none,product,False,none,llm_extended,llm_extended,llm_extended,llm_extended,llm_extended,,batch_ext_006,train,A3_logistics,train,A1_product,POS,POS,POS,0.9195
batch_046,45.1127,45.1127_c1,sản phẩm phù hợp giá tiền,,kept_43b,POS,False,False,True,False,high,True,True,True,human_gold_iaa,A5_price,none,value,False,none,A5_price,none,value,False,none,human_gold_iaa,human_gold_iaa,human_gold_iaa,human_gold_iaa,human_gold_iaa,,batch_ext_102,train,A5_price,train,A5_price,POS,POS,POS,0.9195
batch_046,45.1127,45.1127_c2,chất lượng sản phẩm tuyệt vời,,kept_43b,POS,False,False,True,False,high,True,True,False,llm_extended,A1_product,none,product,False,none,A1_product,none,product,False,none,llm_extended,llm_extended,llm_extended,llm_extended,llm_extended,,batch_ext_104,train,A1_product,train,A1_product,POS,POS,POS,0.9195
batch_046,45.1127,45.1127_c3,đóng gói sản phẩm tốt,,kept_43b,POS,False,False,True,False,high,True,True,False,llm_extended,A3_logistics,none,product,False,none,A3_logistics,none,product,False,none,llm_extended,llm_extended,llm_extended,llm_extended,llm_extended,,batch_ext_020,train,A3_logistics,train,A3_logistics,POS,POS,POS,0.9195
batch_046,45.1127,45.1127_c7,1 giao hàng rất nhanh,,kept_43b,POS,False,False,True,False,high,True,True,False,llm_extended,A3_logistics,none,logistics,False,none,A3_logistics,none,logistics,False,none,llm_extended,llm_extended,llm_extended,llm_extended,llm_extended,,batch_ext_073,train,A3_logistics,train,A3_logistics,POS,POS,POS,0.9195
batch_047,45.1871,45.1871_c1,"hương vị:ngọt , mềm, dẻo",,kept_43b,POS,False,False,True,False,high,True,True,False,llm_extended,A1_product,none,product,False,none,A1_product,none,product,False,none,llm_extended,llm_extended,llm_extended,llm_extended,llm_extended,,batch_ext_052,train,A1_product,train,A1_product,POS,POS,POS,0.9195
batch_047,45.1871,45.1871_c2,bao bì mẫu mã:giống y chang loại táo lớn,,kept_43b,NEU,False,False,True,False,high,True,True,False,llm_extended,A2_label,moderate,none,False,none,A2_label,moderate,none,False,none,llm_extended,llm_extended,llm_extended,llm_extended,llm_extended,,batch_ext_073,train,A2_label,train,A2_label,NEU,POS,POS,0.9195
batch_047,45.1871,45.1871_c3,"này mua lần 2 rồi, shop giao đúng sản phẩm khách chọn, nên lấy tạm hình ảnh và video cũ",,merged_llm,POS,False,False,True,False,high,True,True,False,llm_extended,A3_logistics,mild,product,False,wishful,A3_logistics,mild,product,False,wishful,llm_extended,llm_extended,llm_extended,llm_extended,llm_extended,,batch_ext_058,train,A3_logistics,train,A3_logistics,POS,POS,POS,0.9195
batch_047,45.1871,45.1871_c10,ngoài ra ăn trái táo loại to và nhỏ mới mua thì giống y chang nhau: ngọt,,kept_43b,POS,False,False,True,False,high,True,True,False,llm_extended,A1_product,none,product,False,none,A1_product,none,product,False,none,llm_extended,llm_extended,llm_extended,llm_extended,llm_extended,,batch_ext_014,train,A1_product,train,A1_product,POS,POS,POS,0.9195
batch_047,45.1871,45.1871_c11,và mình thì thấy vị không giống như loại táo bịch nhỏ mà shop tặng: ngọt thanh,,kept_43b,NEG,False,False,True,False,high,True,True,False,llm_extended,A4_service,moderate,none,False,none,A4_service,moderate,none,False,none,llm_extended,llm_extended,llm_extended,llm_extended,llm_extended,,batch_ext_053,train,A4_service,train,A4_service,NEG,POS,POS,0.9195
batch_047,45.1871,45.1871_c12,nên mình không hài lòng lắm,,kept_43b,NEG,False,False,True,False,high,True,True,False,llm_extended,A1_product,moderate,product,False,wishful,A1_product,moderate,product,False,wishful,llm_extended,llm_extended,llm_extended,llm_extended,llm_extended,,batch_ext_078,train,A1_product,train,A1_product,NEG,POS,POS,0.9195
batch_047,45.1871,45.1871_c13,nhưng để ăn vặt thì vẫn ok,,kept_43b,POS,False,False,True,False,high,True,True,False,llm_extended,A1_product,mild,product,False,none,A1_product,mild,product,False,none,llm_extended,llm_extended,llm_extended,llm_extended,llm_extended,,batch_ext_021,train,A1_product,train,A1_product,POS,POS,POS,0.9195
batch_049,47.104,47.104_c1,săn sale được giá tốt,,kept_43b,POS,False,False,True,False,high,True,True,True,human_gold_iaa,A5_price,none,value,False,none,A5_price,none,value,False,none,human_gold_iaa,human_gold_iaa,human_gold_iaa,human_gold_iaa,human_gold_iaa,,batch_ext_067,train,A5_price,train,A5_price,POS,POS,POS,0.9195
batch_049,47.104,47.104_c2,giao hàng nhanh,,kept_43b,POS,False,False,True,False,high,True,True,False,llm_extended,A3_logistics,none,logistics,False,none,A3_logistics,none,logistics,False,none,llm_extended,llm_extended,llm_extended,llm_extended,llm_extended,,batch_ext_087,train,A3_logistics,train,A3_logistics,POS,POS,POS,0.9195
batch_049,47.104,47.104_c3,đóng gói ổn,,kept_43b,POS,False,False,True,False,high,True,True,True,human_gold_iaa_override,A3_logistics,none,product,False,none,A3_logistics,none,logistics,False,none,human_gold_iaa,human_gold_iaa,human_gold_iaa,human_gold_iaa,human_gold_iaa,,batch_ext_103,train,A3_logistics,train,A3_logistics,POS,POS,POS,0.9195
batch_049,47.104,47.104_c4,táo có tầm 5 quả bị hư và mốc do hở quả,,merged_llm,NEG,False,False,True,False,high,True,True,True,human_gold_iaa,A1_product,strong,none,False,softener,A1_product,strong,none,False,softener,human_gold_iaa,human_gold_iaa,human_gold_iaa,human_gold_iaa,human_gold_iaa,,batch_ext_056,train,A1_product,train,A1_product,NEG,POS,POS,0.9195
batch_049,47.104,47.104_c6,nhưng vẫn không ảnh hưởng tới những quả khác,,kept_43b,POS,False,False,True,False,high,True,True,False,llm_extended,A1_product,mild,product,False,none,A1_product,mild,product,False,none,llm_extended,llm_extended,llm_extended,llm_extended,llm_extended,,batch_ext_029,train,A1_product,train,A1_product,POS,POS,POS,0.9195
batch_049,47.104,47.104_c8,shop nhiệt tình đổi trả cho,,kept_43b,POS,False,False,True,False,high,True,True,False,llm_extended,A4_service,none,service,False,none,A4_service,none,service,False,none,llm_extended,llm_extended,llm_extended,llm_extended,llm_extended,,batch_ext_023,train,A4_service,train,A4_service,POS,POS,POS,0.9195
batch_049,47.104,47.104_c10,vẫn ủng hộ nếu sale,,kept_43b,POS,False,False,True,False,high,True,True,True,human_gold_iaa,A5_price,none,value,False,conditional,A5_price,none,value,False,conditional,human_gold_iaa,human_gold_iaa,human_gold_iaa,human_gold_iaa,human_gold_iaa,,batch_ext_049,train,A5_price,train,A5_price,POS,POS,POS,0.9195
batch_049,47.1862,47.1862_c1,táo to lắm mọi người ơi,,kept_43b,POS,False,False,True,False,high,False,True,False,llm_extended,A1_product,none,product,False,none,A1_product,none,product,False,none,llm_extended,llm_extended,llm_extended,llm_extended,llm_extended,,batch_ext_079,train,A1_product,train,A1_product,POS,POS,POS,0.9195
batch_058,56.2448,56.2448_c1,được tặng hai gói kẹo và chai xịt mũi người lớn nữa đấy mọi người,,kept_43b,POS,False,False,True,False,high,False,True,False,llm_extended,A4_service,none,service,False,none,A4_service,none,service,False,none,llm_extended,llm_extended,llm_extended,llm_extended,llm_extended,,batch_ext_009,train,A4_service,train,A4_service,POS,POS,POS,0.9195
batch_059,56.2531,56.2531_c1,"mẫu mã đẹp, như quảng cáo",,kept_43b,POS,False,False,True,False,high,False,True,False,llm_extended,A2_label,none,product,False,none,A2_label,none,product,False,none,llm_extended,llm_extended,llm_extended,llm_extended,llm_extended,,batch_ext_014,train,A2_label,train,A2_label,POS,POS,POS,0.9195
batch_073,64.1289,64.1289_c1,hàng tạm được,,kept_43b,NEU,False,False,True,False,high,False,True,False,llm_extended,A1_product,moderate,none,False,softener,A1_product,moderate,none,False,softener,llm_extended,llm_extended,llm_extended,llm_extended,llm_extended,,batch_ext_044,train,A1_product,train,A1_product,NEU,POS,POS,0.9195
batch_073,64.1523,64.1523_c1,tiền nào của đó,,kept_43b,NEU,False,False,True,False,medium,False,True,False,llm_extended,A5_price,none,none,False,none,A5_price,none,none,False,none,llm_extended,llm_extended,llm_extended,llm_extended,llm_extended,,batch_ext_058,train,A5_price,train,A5_price,NEU,POS,POS,0.9195
batch_075,65.1345,65.1345_c1,hương vị:ngon,,kept_43b,POS,False,False,True,False,high,False,True,False,llm_extended,A1_product,none,product,False,none,A1_product,none,product,False,none,llm_extended,llm_extended,llm_extended,llm_extended,llm_extended,,batch_ext_065,train,A1_product,train,A1_product,POS,POS,POS,0.9195
batch_075,65.1345,65.1345_c2,đóng gói cẩn thận,,kept_43b,POS,False,False,True,False,high,False,True,False,llm_extended,A3_logistics,none,logistics,False,none,A3_logistics,none,logistics,False,none,llm_extended,llm_extended,llm_extended,llm_extended,llm_extended,,batch_ext_105,train,A3_logistics,train,A3_logistics,POS,POS,POS,0.9195
batch_075,65.1412,65.1412_c2,sản phẩm chất lượng,,kept_43b,POS,False,False,True,False,high,False,True,False,llm_extended,A1_product,none,product,False,none,A1_product,none,product,False,none,llm_extended,llm_extended,llm_extended,llm_extended,llm_extended,,batch_ext_010,train,A1_product,train,A1_product,POS,POS,POS,0.9195
batch_075,65.1422,65.1422_c1,giao hàng nhanh,,kept_43b,POS,False,False,True,False,high,False,True,False,llm_extended,A3_logistics,none,logistics,False,none,A3_logistics,none,logistics,False,none,llm_extended,llm_extended,llm_extended,llm_extended,llm_extended,,batch_ext_064,train,A3_logistics,train,A3_logistics,POS,POS,POS,0.9195
batch_075,65.1422,65.1422_c2,shop đóng gói kỹ,,kept_43b,POS,False,False,True,False,high,False,True,False,llm_extended,A3_logistics,none,logistics,False,none,A3_logistics,none,logistics,False,none,llm_extended,llm_extended,llm_extended,llm_extended,llm_extended,,batch_ext_050,train,A3_logistics,train,A3_logistics,POS,POS,POS,0.9195
batch_075,65.1422,65.1422_c3,sản phẩm đúng như mô tả,,kept_43b,POS,False,False,True,False,high,False,True,False,llm_extended,A2_label,none,product,False,none,A2_label,none,product,False,none,llm_extended,llm_extended,llm_extended,llm_extended,llm_extended,,batch_ext_024,train,A2_label,train,A2_label,POS,POS,POS,0.9195
batch_075,65.1501,65.1501_c1,mua nhiều lần ở shop này,,kept_43b,POS,False,False,True,False,high,False,True,False,llm_extended,A4_service,none,service,False,none,A4_service,none,service,False,none,llm_extended,llm_extended,llm_extended,llm_extended,llm_extended,,batch_ext_021,train,A4_service,train,A4_service,POS,POS,POS,0.9195
batch_075,65.1501,65.1501_c2,sản phẩm chất lượng,,kept_43b,POS,False,False,True,False,high,False,True,False,llm_extended,A1_product,none,product,False,none,A1_product,none,product,False,none,llm_extended,llm_extended,llm_extended,llm_extended,llm_extended,,batch_ext_102,train,A1_product,train,A1_product,POS,POS,POS,0.9195
batch_082,68.1392,68.1392_c1,ăn được,,kept_43b,POS,False,False,True,False,high,False,True,False,llm_extended,A1_product,none,product,False,none,A1_product,none,product,False,none,llm_extended,llm_extended,llm_extended,llm_extended,llm_extended,,batch_ext_010,train,A1_product,train,A1_product,POS,POS,POS,0.9195
batch_082,68.1453,68.1453_c1,hương vị:bình thường,,kept_43b,NEU,False,False,True,False,high,False,True,False,llm_extended,A1_product,none,none,False,none,A1_product,none,none,False,none,llm_extended,llm_extended,llm_extended,llm_extended,llm_extended,,batch_ext_029,train,A1_product,train,A1_product,NEU,POS,POS,0.9195
batch_082,68.1474,68.1474_c1,cũng tàm tạm,,kept_43b,NEU,False,False,True,False,high,False,True,False,llm_extended,A1_product,moderate,none,False,softener,A1_product,moderate,none,False,softener,llm_extended,llm_extended,llm_extended,llm_extended,llm_extended,,batch_ext_045,train,A1_product,train,A1_product,NEU,POS,POS,0.9195
batch_127,88.1849,88.1849_c1,dễ uống,,kept_43b,POS,False,False,True,False,high,False,True,False,llm_extended,A1_product,none,product,False,none,A1_product,none,product,False,none,llm_extended,llm_extended,llm_extended,llm_extended,llm_extended,,batch_ext_078,train,A1_product,train,A1_product,POS,POS,POS,0.9195
batch_127,88.1853,88.1853_c1,chả có gì để chê cả,,kept_43b,POS,False,False,True,False,high,False,True,False,llm_extended,A1_product,none,product,False,none,A1_product,none,product,False,none,llm_extended,llm_extended,llm_extended,llm_extended,llm_extended,,batch_ext_065,train,A1_product,train,A1_product,POS,POS,POS,0.9195
batch_127,88.194,88.194_c1,uống mát lắm,,kept_43b,POS,False,False,True,False,high,False,True,False,llm_extended,A1_product,none,product,False,none,A1_product,none,product,False,none,llm_extended,llm_extended,llm_extended,llm_extended,llm_extended,,batch_ext_052,train,A1_product,train,A1_product,POS,POS,POS,0.9195
batch_131,89.341,89.341_c1,hạt kê nếp vàng dùng nấu chung với cháo cho bé bổ sung dinh dưỡng,,kept_43b,POS,False,False,True,False,high,False,True,True,human_gold_iaa,A1_product,strong,product,False,none,A1_product,strong,product,False,none,human_gold_iaa,human_gold_iaa,human_gold_iaa,human_gold_iaa,human_gold_iaa,,batch_ext_090,train,A1_product,train,A1_product,POS,POS,POS,0.9195
batch_131,89.485,89.485_c1,sản phẩm sử dụng được lần sau sẽ ủng hộ thêm,,merged_llm,POS,False,False,True,False,high,False,True,False,llm_extended,A1_product,none,product,False,wishful,A1_product,none,product,False,wishful,llm_extended,llm_extended,llm_extended,llm_extended,llm_extended,,batch_ext_004,train,A1_product,train,A1_product,POS,POS,POS,0.9195
batch_135,94.1313,94.1313_c1,hạt chia okeyla lắm,,resplit_llm,POS,False,False,True,False,high,False,True,False,llm_extended,A1_product,none,product,False,none,A1_product,none,product,False,none,llm_extended,llm_extended,llm_extended,llm_extended,llm_extended,,batch_ext_004,train,A1_product,train,A1_product,POS,POS,POS,0.9195
batch_135,94.1334,94.1334_c1,mận nhà em thường bị vài quả,,resplit_llm,NEG,False,False,True,False,medium,False,True,False,llm_extended,A1_product,moderate,none,False,none,A1_product,moderate,none,False,none,llm_extended,llm_extended,llm_extended,llm_extended,llm_extended,,batch_ext_093,train,A1_product,train,A1_product,NEG,POS,POS,0.9195
batch_135,94.1405,94.1405_c1,hạt chia mua mấy lần thấy uống cũng được,,kept_43b,POS,False,False,True,False,high,False,True,False,llm_extended,A1_product,moderate,product,False,softener,A1_product,moderate,product,False,softener,llm_extended,llm_extended,llm_extended,llm_extended,llm_extended,,batch_ext_104,train,A1_product,train,A1_product,POS,POS,POS,0.9195
batch_135,94.14,94.14_c1,em cảm thấy rất hài lòng về sản phẩm của mình và giá cả phải chăng,,merged_llm,POS,False,False,True,False,high,False,True,False,llm_extended,A5_price,none,value,False,none,A5_price,none,value,False,none,llm_extended,llm_extended,llm_extended,llm_extended,llm_extended,,batch_ext_047,train,A5_price,train,A5_price,POS,POS,POS,0.9195
batch_140,95.959,95.959_c1,đến giờ mới nhận ra tại sao gu lại được mọi người mua và tin tưởng đến thế,,kept_43b,POS,False,False,True,False,high,False,True,False,llm_extended,A1_product,none,product,False,none,A1_product,none,product,False,none,llm_extended,llm_extended,llm_extended,llm_extended,llm_extended,,batch_ext_024,train,A1_product,train,A1_product,POS,POS,POS,0.9195
batch_140,95.971,95.971_c1,mê thật sự chắc chắn sẽ mua tiếp vào lần sau,,kept_43b,POS,False,False,True,False,high,False,True,False,llm_extended,A1_product,none,product,False,wishful,A1_product,none,product,False,wishful,llm_extended,llm_extended,llm_extended,llm_extended,llm_extended,,batch_ext_034,train,A1_product,train,A1_product,POS,POS,POS,0.9195
batch_140,96.89,96.89_c1,"sản phẩm được tặng kèm, thấy hiển thị 3 hay 6 bịch gì đó mà nhận thì chỉ có 1 bịch này",,kept_43b,NEG,False,False,True,False,high,False,True,False,llm_extended,A4_service,moderate,none,False,none,A4_service,moderate,none,False,none,llm_extended,llm_extended,llm_extended,llm_extended,llm_extended,,batch_ext_017,train,A4_service,train,A4_service,NEG,POS,POS,0.9195
batch_005,105.127,105.127_c1,"mùi vị của gạo lứt, dễ uống","mùi vị của gạo lứt, dễ uống",resplit_llm,POS,False,False,True,False,high,False,True,True,human_gold_iaa_override,A1_product,none,product,True,none,A1_product,none,product,False,none,human_gold_iaa,human_gold_iaa,human_gold_iaa,human_gold_iaa,human_gold_iaa,,batch_ext_026,train,A1_product,train,A1_product,POS,POS,POS,0.9994
batch_005,105.127,105.127_c2,bỏ thêm đá uống thanh mát,bỏ thêm đá uống thanh mát,resplit_llm,POS,False,False,True,False,high,False,True,True,human_gold_iaa,A1_product,none,product,False,none,A1_product,none,product,False,none,human_gold_iaa,human_gold_iaa,human_gold_iaa,human_gold_iaa,human_gold_iaa,,batch_ext_080,train,A1_product,train,A1_product,POS,POS,POS,0.987
batch_005,105.127,105.127_c3,dễ chịuuu,dễ chịuuu,resplit_llm,POS,False,False,True,False,high,False,True,False,llm_extended,A1_product,none,product,False,none,A1_product,none,product,False,none,llm_extended,llm_extended,llm_extended,llm_extended,llm_extended,,batch_ext_056,train,A1_product,train,A1_product,POS,POS,POS,0.9997
batch_016,16.22,16.22_c1,"hương vị:ngọt, thơm nhẹ","hương vị:ngọt, thơm nhẹ",merged_llm,POS,False,False,True,False,high,True,True,True,human_gold_iaa,A1_product,none,product,False,none,A1_product,none,product,False,none,human_gold_iaa,human_gold_iaa,human_gold_iaa,human_gold_iaa,human_gold_iaa,,batch_ext_046,train,A1_product,train,A1_product,POS,POS,POS,0.9985
batch_016,16.22,16.22_c2,"bao bì mẫu mã:bao bì đầy đủ thông tin, đóng gói tiêu chuẩn","bao bì mẫu mã:bao bì đầy đủ thông tin, đóng gói tiêu chuẩn",merged_llm,POS,False,False,True,False,high,True,True,False,llm_extended,A2_label,moderate,product,False,none,A2_label,moderate,product,False,none,llm_extended,llm_extended,llm_extended,llm_extended,llm_extended,,batch_ext_039,train,A2_label,train,A2_label,POS,POS,POS,0.9989
batch_016,16.22,16.22_c3,gạo sạch sẽ không lỗi,gạo sạch sẽ không lỗi,resplit_llm,POS,False,False,True,False,high,True,True,True,human_gold_iaa_override,A1_product,moderate,product,True,none,A1_product,moderate,product,False,none,human_gold_iaa,human_gold_iaa,human_gold_iaa,human_gold_iaa,human_gold_iaa,,batch_ext_111,train,A1_product,train,A1_product,POS,POS,POS,0.9996
batch_016,16.22,16.22_c5,"cơm nấu lên ăn ngọt, nhai kỹ bùi ngon, cả ba mẹ và vợ mình đều ăn được và khen","cơm nấu lên ăn ngọt, nhai kỹ bùi ngon, cả ba mẹ và vợ mình đều ăn được và khen",kept_43b,POS,False,False,True,False,high,True,True,True,human_gold_iaa,A1_product,strong,product,False,none,A1_product,strong,product,False,none,human_gold_iaa,human_gold_iaa,human_gold_iaa,human_gold_iaa,human_gold_iaa,,batch_ext_098,train,A1_product,train,A1_product,POS,POS,POS,0.9995
batch_016,16.22,16.22_c7,khôi lỗi hay mọt,khôi lỗi hay mọt,kept_43b,POS,False,False,True,False,high,True,True,False,llm_extended,A1_product,moderate,product,False,none,A1_product,moderate,product,False,none,llm_extended,llm_extended,llm_extended,llm_extended,llm_extended,,batch_ext_052,train,A1_product,train,A1_product,POS,NEG,NEG,0.9975
batch_019,2.338,2.338_c1,hương vị:dễ uống,hương vị:dễ uống,resplit_llm,POS,False,False,True,False,high,False,True,False,llm_extended,A1_product,none,product,False,none,A1_product,none,product,False,none,llm_extended,llm_extended,llm_extended,llm_extended,llm_extended,,batch_ext_001,train,A1_product,train,A1_product,POS,POS,POS,0.9983
batch_019,2.338,2.338_c2,dongd gói cẩn thận,dongd gói cẩn thận,resplit_llm,POS,False,False,True,False,high,False,True,False,llm_extended,A1_product,none,product,False,none,A1_product,none,product,False,none,llm_extended,llm_extended,llm_extended,llm_extended,llm_extended,,batch_ext_046,train,A3_logistics,train,A1_product,POS,POS,POS,0.9993
batch_019,2.437,2.437_c1,ăn được,ăn được,resplit_llm,POS,False,False,True,False,high,False,True,False,llm_extended,A1_product,none,product,False,none,A1_product,none,product,False,none,llm_extended,llm_extended,llm_extended,llm_extended,llm_extended,,batch_ext_046,train,A1_product,train,A1_product,POS,NEU,NEU,0.5711
batch_019,2.437,2.437_c2,mà thi thoảng mik pha với sữa có mùi j lạ lắm,mà thi thoảng mik pha với sữa có mùi j lạ lắm,resplit_llm,NEG,False,False,True,False,high,False,True,False,llm_extended,A1_product,moderate,none,False,none,A1_product,moderate,none,False,none,llm_extended,llm_extended,llm_extended,llm_extended,llm_extended,,batch_ext_097,train,A1_product,train,A1_product,NEG,NEG,NEG,0.9987
batch_019,2.437,2.437_c3,có một ít sạn nx :,có một ít sạn nx :,resplit_llm,NEG,False,False,True,False,high,False,True,False,llm_extended,A1_product,moderate,none,False,none,A1_product,moderate,none,False,none,llm_extended,llm_extended,llm_extended,llm_extended,llm_extended,,batch_ext_091,train,A1_product,train,A1_product,NEG,POS,POS,0.9997
batch_019,2.451,2.451_c1,đúng mẫu mã,đúng mẫu mã,resplit_llm,POS,False,False,True,False,high,False,True,False,llm_extended,A1_product,none,product,False,none,A1_product,none,product,False,none,llm_extended,llm_extended,llm_extended,llm_extended,llm_extended,,batch_ext_114,train,A2_label,train,A1_product,POS,POS,POS,0.9983
batch_024,23.211,23.211_c1,"cho hỏi rửa nước mè ra màu đen như vậy là sao , hạt mè sao lại ra màu như , nước thứ ba vẫn đen thui","cho hỏi rửa nước mè ra màu đen như vậy là sao , hạt mè sao lại ra màu như , nước thứ ba vẫn đen thui",resplit_llm,NEG,False,False,True,False,high,False,True,False,llm_extended,A1_product,moderate,none,False,softener,A1_product,moderate,none,False,softener,llm_extended,llm_extended,llm_extended,llm_extended,llm_extended,,batch_ext_023,train,A1_product,train,A1_product,NEG,NEG,NEG,0.9811
batch_024,23.211,23.211_c2,"mình nghĩ nhộm màu, mọi người nên cẩn thận","mình nghĩ nhộm màu, mọi người nên cẩn thận",resplit_llm,NEG,False,False,True,False,high,True,True,False,llm_extended,A1_product,moderate,none,False,wishful,A1_product,moderate,none,False,wishful,llm_extended,llm_extended,llm_extended,llm_extended,llm_extended,,batch_ext_021,train,A1_product,train,A1_product,NEG,NEU,NEU,0.9829
batch_024,24.1285,24.1285_c1,giao hàng nhanh,giao hàng nhanh,kept_43b,POS,False,False,True,False,high,True,True,False,llm_extended,A3_logistics,none,logistics,False,none,A3_logistics,none,logistics,False,none,llm_extended,llm_extended,llm_extended,llm_extended,llm_extended,,batch_ext_061,train,A3_logistics,train,A3_logistics,POS,POS,POS,0.9997
batch_024,24.1285,24.1285_c3,2 bịch hút chân không rất đẹp,2 bịch hút chân không rất đẹp,kept_43b,POS,False,False,True,False,high,True,True,False,llm_extended,A3_logistics,none,logistics,False,none,A3_logistics,none,logistics,False,none,llm_extended,llm_extended,llm_extended,llm_extended,llm_extended,,batch_ext_095,train,A3_logistics,train,A3_logistics,POS,NEU,NEU,0.9991
batch_024,24.1285,24.1285_c4,còn 1 bịch thì không được hút,còn 1 bịch thì không được hút,kept_43b,NEG,False,False,True,False,high,True,True,False,llm_extended,A1_product,moderate,none,False,none,A1_product,moderate,none,False,none,llm_extended,llm_extended,llm_extended,llm_extended,llm_extended,,batch_ext_034,train,A1_product,train,A1_product,NEG,NEU,NEU,0.9581
batch_024,24.1285,24.1285_c5,thấy m.n mua nhận được quà cũng ngóng coi mình được không nhưng không thấy có gì hết :(((,thấy m.n mua nhận được quà cũng ngóng coi mình được không nhưng không thấy có gì hết :(((,merged_llm,NEG,False,False,True,False,high,True,True,False,llm_extended,A1_product,moderate,none,False,softener,A1_product,moderate,none,False,softener,llm_extended,llm_extended,llm_extended,llm_extended,llm_extended,,batch_ext_072,train,A1_product,train,A1_product,NEG,NEU,NEU,0.7195
batch_024,24.1285,24.1285_c6,ship hn-hcm giá ship gần bằng giá gạo :))),ship hn-hcm giá ship gần bằng giá gạo :))),kept_43b,NEG,False,False,True,False,high,True,True,False,llm_extended,A5_price,moderate,none,False,none,A5_price,moderate,none,False,none,llm_extended,llm_extended,llm_extended,llm_extended,llm_extended,,batch_ext_095,train,A5_price,train,A5_price,NEG,POS,POS,0.9646
batch_024,24.1353,24.1353_c1,"livin in hn, the delivery is fast so i can received my goods soon since i orderd it","livin in hn, the delivery is fast so i can received my goods soon since i orderd it",resplit_llm,POS,False,False,True,False,high,False,True,False,llm_extended,A1_product,none,product,False,none,A1_product,none,product,False,none,llm_extended,llm_extended,llm_extended,llm_extended,llm_extended,,batch_ext_031,train,A1_product,train,A1_product,POS,NEU,NEU,0.9587
batch_024,24.1353,24.1353_c2,taste nice,taste nice,resplit_llm,POS,False,False,True,False,high,False,True,False,llm_extended,A1_product,none,product,False,none,A1_product,none,product,False,none,llm_extended,llm_extended,llm_extended,llm_extended,llm_extended,,batch_ext_081,train,A1_product,train,A1_product,POS,NEU,NEU,0.9173
batch_028,24.832,24.832_c1,mình đặt hoả tốc shop giao nhanh luôn,mình đặt hoả tốc shop giao nhanh luôn,kept_43b,POS,False,False,True,False,high,True,True,False,llm_extended,A5_price,moderate,logistics,False,none,A5_price,moderate,logistics,False,none,llm_extended,llm_extended,llm_extended,llm_extended,llm_extended,,batch_ext_024,train,A5_price,train,A5_price,POS,POS,POS,0.9996
batch_028,24.832,24.832_c2,bao bì hộp rất đẹp,bao bì hộp rất đẹp,kept_43b,POS,False,False,True,False,high,True,True,False,llm_extended,A2_label,moderate,product,False,none,A2_label,moderate,product,False,none,llm_extended,llm_extended,llm_extended,llm_extended,llm_extended,,batch_ext_066,train,A2_label,train,A2_label,POS,POS,POS,0.9997
batch_028,24.832,24.832_c4,mình đặt 3 loại nhưng bao bì của loại đen hữu cơ nên hơi thắc mắc nhưng shop đã giải đáp là vì hết hộp của 2 loại kia,mình đặt 3 loại nhưng bao bì của loại đen hữu cơ nên hơi thắc mắc nhưng shop đã giải đáp là vì hết hộp của 2 loại kia,merged_llm,POS,False,False,True,False,high,True,True,True,human_gold_iaa_override,A5_price,moderate,value,True,wishful,A2_label,mild,service,True,softener,human_gold_iaa,human_gold_iaa,human_gold_iaa,human_gold_iaa,human_gold_iaa,,batch_ext_094,train,A2_label,train,A2_label,POS,NEG,NEG,0.9562
batch_028,24.895,24.895_c1,"shipper chỗ mình quen thân thiện, thời gian nhận hàng nhanh","shipper chỗ mình quen thân thiện, thời gian nhận hàng nhanh",resplit_llm,POS,False,False,True,False,high,False,True,False,llm_extended,A3_logistics,none,logistics,False,none,A3_logistics,none,logistics,False,none,llm_extended,llm_extended,llm_extended,llm_extended,llm_extended,,batch_ext_011,train,A3_logistics,train,A3_logistics,POS,POS,POS,0.9993
batch_043,34.651,34.651_c2,đã mua hàng nhiều lần và sẽ tiếp tục ủng hộ,đã mua hàng nhiều lần và sẽ tiếp tục ủng hộ,resplit_llm,POS,False,False,True,False,high,False,True,False,llm_extended,A1_product,none,product,False,none,A1_product,none,product,False,none,llm_extended,llm_extended,llm_extended,llm_extended,llm_extended,,batch_ext_113,train,A1_product,train,A1_product,POS,POS,POS,0.9991
batch_046,45.123,45.123_c1,bao bì mẫu mã:đẹp,bao bì mẫu mã:đẹp,resplit_llm,POS,False,False,True,False,high,True,True,False,llm_extended,A2_label,moderate,product,False,none,A2_label,moderate,product,False,none,llm_extended,llm_extended,llm_extended,llm_extended,llm_extended,,batch_ext_030,train,A2_label,train,A2_label,POS,POS,POS,0.8707
batch_046,45.123,45.123_c3,shop thiệt dễ thương,shop thiệt dễ thương,resplit_llm,POS,False,False,True,False,high,True,True,False,llm_extended,A4_service,none,service,False,none,A4_service,none,service,False,none,llm_extended,llm_extended,llm_extended,llm_extended,llm_extended,,batch_ext_048,train,A4_service,train,A4_service,POS,POS,POS,0.9997
batch_046,45.123,45.123_c4,giao hàng nhanh,giao hàng nhanh,resplit_llm,POS,False,False,True,False,high,True,True,False,llm_extended,A3_logistics,none,logistics,False,none,A3_logistics,none,logistics,False,none,llm_extended,llm_extended,llm_extended,llm_extended,llm_extended,,batch_ext_002,train,A3_logistics,train,A3_logistics,POS,POS,POS,0.9997
batch_046,45.123,45.123_c5,đóng gói kỹ,đóng gói kỹ,resplit_llm,POS,False,False,True,False,high,True,True,False,llm_extended,A3_logistics,none,logistics,False,none,A3_logistics,none,logistics,False,none,llm_extended,llm_extended,llm_extended,llm_extended,llm_extended,,batch_ext_003,train,A3_logistics,train,A3_logistics,POS,POS,POS,0.9993
batch_046,45.123,45.123_c7,săn trên shopee video nên giá rẻ hơn các shop khác,săn trên shopee video nên giá rẻ hơn các shop khác,resplit_llm,POS,False,False,True,False,high,True,True,False,llm_extended,A5_price,none,value,False,wishful,A5_price,none,value,False,wishful,llm_extended,llm_extended,llm_extended,llm_extended,llm_extended,,batch_ext_024,train,A5_price,train,A5_price,POS,POS,POS,0.9992
batch_046,45.1517,45.1517_c1,"lần đầu tiên mua hàng bên shop, thấy đều đánh giá 5 sao nên tin tưởng mua luôn combo gói to, dại quá","lần đầu tiên mua hàng bên shop, thấy đều đánh giá 5 sao nên tin tưởng mua luôn combo gói to, dại quá",resplit_llm,NEG,False,False,True,False,high,True,True,False,llm_extended,A5_price,moderate,none,False,wishful,A5_price,moderate,none,False,wishful,llm_extended,llm_extended,llm_extended,llm_extended,llm_extended,,batch_ext_063,train,A5_price,train,A5_price,NEG,NEG,NEG,0.9885
batch_046,45.1517,45.1517_c2,shop chuẩn bị hàng và bên vận chuyển khá lâu,shop chuẩn bị hàng và bên vận chuyển khá lâu,resplit_llm,NEG,False,False,True,False,high,True,True,False,llm_extended,A3_logistics,moderate,none,False,softener,A3_logistics,moderate,none,False,softener,llm_extended,llm_extended,llm_extended,llm_extended,llm_extended,,batch_ext_088,train,A3_logistics,train,A3_logistics,NEG,NEG,NEG,0.9715
batch_046,45.1517,45.1517_c3,hàng nhận được lại không như mong muốn,hàng nhận được lại không như mong muốn,resplit_llm,NEG,False,False,True,False,high,True,True,False,llm_extended,A1_product,moderate,none,False,wishful,A1_product,moderate,none,False,wishful,llm_extended,llm_extended,llm_extended,llm_extended,llm_extended,,batch_ext_018,train,A1_product,train,A1_product,NEG,NEG,NEG,0.998
batch_046,45.1517,45.1517_c4,táo mùi hơi chua thỉnh thoảng có quả bổ ra bị đen,táo mùi hơi chua thỉnh thoảng có quả bổ ra bị đen,resplit_llm,NEG,False,False,True,False,high,True,True,False,llm_extended,A1_product,moderate,none,False,softener,A1_product,moderate,none,False,softener,llm_extended,llm_extended,llm_extended,llm_extended,llm_extended,,batch_ext_045,train,A1_product,train,A1_product,NEG,NEG,NEG,0.9976
batch_046,45.1517,45.1517_c6,"kỷ tử quả siêu mini, mình có ảnh so sánh mình mua shop khác và của shop có quả còn to hơn cả gấp đôi luôn","kỷ tử quả siêu mini, mình có ảnh so sánh mình mua shop khác và của shop có quả còn to hơn cả gấp đôi luôn",resplit_llm,NEG,False,False,True,False,high,True,True,False,llm_extended,A4_service,moderate,none,False,none,A4_service,moderate,none,False,none,llm_extended,llm_extended,llm_extended,llm_extended,llm_extended,,batch_ext_026,train,A4_service,train,A4_service,NEG,POS,POS,0.9975
batch_046,45.1517,45.1517_c7,shop giải thích rằng bên shop sấy mộc sấy mộ liên quan gì đến quả to quả nhỏ đâu nhỉ,shop giải thích rằng bên shop sấy mộc sấy mộ liên quan gì đến quả to quả nhỏ đâu nhỉ,resplit_llm,NEG,False,False,True,False,high,True,True,True,human_gold_iaa_override,A4_service,strong,none,False,none,A4_service,moderate,none,False,none,human_gold_iaa,human_gold_iaa,human_gold_iaa,human_gold_iaa,human_gold_iaa,,batch_ext_007,train,A4_service,train,A4_service,NEG,NEG,NEG,0.9978
batch_046,45.1517,45.1517_c10,mọi người nên cân nhắc vì giá cũng không rẻ hơn các shop khác nhưng chất lượng thì không bằng cảm nhận cá nhân của mình,mọi người nên cân nhắc vì giá cũng không rẻ hơn các shop khác nhưng chất lượng thì không bằng cảm nhận cá nhân của mình,resplit_llm,NEG,False,False,True,False,high,True,True,False,llm_extended,A5_price,moderate,value,False,wishful,A5_price,moderate,value,False,wishful,llm_extended,llm_extended,llm_extended,llm_extended,llm_extended,,batch_ext_076,train,A5_price,train,A5_price,NEG,NEU,NEU,0.829
batch_047,45.2034,45.2034_c1,hương vị:nhạt nhẽo,hương vị:nhạt nhẽo,kept_43b,NEG,False,False,True,False,high,True,True,False,llm_extended,A1_product,moderate,none,False,none,A1_product,moderate,none,False,none,llm_extended,llm_extended,llm_extended,llm_extended,llm_extended,,batch_ext_092,train,A1_product,train,A1_product,NEG,NEG,NEG,0.9691
batch_047,45.2034,45.2034_c2,vô vị,vô vị,resplit_llm,NEG,False,False,True,False,high,True,True,True,human_gold_iaa_override,A1_product,strong,none,False,none,A1_product,moderate,none,False,none,human_gold_iaa,human_gold_iaa,human_gold_iaa,human_gold_iaa,human_gold_iaa,,batch_ext_040,train,A1_product,train,A1_product,NEG,NEU,NEU,0.4926
batch_047,45.2034,45.2034_c3,đặt táo sz trung mà bé tí tẹo,đặt táo sz trung mà bé tí tẹo,resplit_llm,NEG,False,False,True,False,high,True,True,True,human_gold_iaa_override,A5_price,strong,none,False,none,A1_product,moderate,none,False,none,human_gold_iaa,human_gold_iaa,human_gold_iaa,human_gold_iaa,human_gold_iaa,,batch_ext_047,train,A5_price,train,A1_product,NEG,NEG,NEG,0.8427
batch_047,45.2034,45.2034_c4,9q bằng bao thuốc lá,9q bằng bao thuốc lá,kept_43b,NEG,False,False,True,False,high,True,True,False,llm_extended,A1_product,moderate,none,False,none,A1_product,moderate,none,False,none,llm_extended,llm_extended,llm_extended,llm_extended,llm_extended,,batch_ext_047,train,A1_product,train,A1_product,NEG,POS,POS,0.9855
batch_047,45.2034,45.2034_c5,đã thế còn khô nhạt nhẽo như kiểu táo non,đã thế còn khô nhạt nhẽo như kiểu táo non,kept_43b,NEG,False,False,True,False,high,True,True,False,llm_extended,A1_product,moderate,none,False,none,A1_product,moderate,none,False,none,llm_extended,llm_extended,llm_extended,llm_extended,llm_extended,,batch_ext_009,train,A1_product,train,A1_product,NEG,NEG,NEG,0.9992
batch_047,45.2034,45.2034_c7,mìn mua ở shop khác táo như này 3kg 125k mà ngọt chứ không nhạt như này,mìn mua ở shop khác táo như này 3kg 125k mà ngọt chứ không nhạt như này,merged_llm,NEG,False,False,True,False,high,True,True,False,llm_extended,A5_price,moderate,none,False,none,A5_price,moderate,none,False,none,llm_extended,llm_extended,llm_extended,llm_extended,llm_extended,,batch_ext_038,train,A5_price,train,A5_price,NEG,POS,POS,0.9969
batch_047,45.2034,45.2034_c8,làm ăn bố láo,làm ăn bố láo,kept_43b,NEG,False,False,True,False,high,True,True,False,llm_extended,A1_product,moderate,none,False,none,A1_product,moderate,none,False,none,llm_extended,llm_extended,llm_extended,llm_extended,llm_extended,,batch_ext_099,train,A1_product,train,A1_product,NEG,NEG,NEG,0.9993
batch_047,45.2034,45.2034_c9,đã thế lại còn mua live tream mới được giá này chẳng wa lừa khách nói để nâng cao tầm wan trọng,đã thế lại còn mua live tream mới được giá này chẳng wa lừa khách nói để nâng cao tầm wan trọng,kept_43b,NEG,False,False,True,False,high,True,True,True,human_gold_iaa,A5_price,strong,none,False,softener,A5_price,strong,none,False,softener,human_gold_iaa,human_gold_iaa,human_gold_iaa,human_gold_iaa,human_gold_iaa,,batch_ext_060,train,A5_price,train,A5_price,NEG,NEG,NEG,0.9552
batch_047,45.2034,45.2034_c11,táo như này mà nói là sz trung thế sz nhỏ nó bé bằng đâu bằng viên bi hay quả trứng cá,táo như này mà nói là sz trung thế sz nhỏ nó bé bằng đâu bằng viên bi hay quả trứng cá,kept_43b,NEG,False,False,True,False,high,True,True,True,human_gold_iaa,A1_product,strong,none,False,none,A1_product,strong,none,False,none,human_gold_iaa,human_gold_iaa,human_gold_iaa,human_gold_iaa,human_gold_iaa,,batch_ext_049,train,A1_product,train,A1_product,NEG,NEG,NEG,0.6632
batch_049,47.1439,47.1439_c1,mua lần thứ hai rồi đó nhaa,mua lần thứ hai rồi đó nhaa,resplit_llm,POS,False,False,True,False,high,False,True,True,human_gold_iaa,A1_product,none,product,False,none,A1_product,none,product,False,none,human_gold_iaa,human_gold_iaa,human_gold_iaa,human_gold_iaa,human_gold_iaa,,batch_ext_055,train,A1_product,train,A1_product,POS,POS,POS,0.9995
batch_052,47.763,47.763_c2,nhưng hàng nhận thì là quả trứng cút và lẫn lộn to hơn trứng cút 1 chút thôi,nhưng hàng nhận thì là quả trứng cút và lẫn lộn to hơn trứng cút 1 chút thôi,resplit_llm,NEG,False,False,True,False,high,True,True,False,llm_extended,A1_product,moderate,none,False,none,A1_product,moderate,none,False,none,llm_extended,llm_extended,llm_extended,llm_extended,llm_extended,,batch_ext_029,train,A1_product,train,A1_product,NEG,POS,POS,0.9748
batch_052,47.763,47.763_c4,nhiều quả cắn ra có đốm mốc như hình,nhiều quả cắn ra có đốm mốc như hình,resplit_llm,NEG,False,False,True,False,high,True,True,True,human_gold_iaa,A1_product,strong,none,False,none,A1_product,strong,none,False,none,human_gold_iaa,human_gold_iaa,human_gold_iaa,human_gold_iaa,human_gold_iaa,,batch_ext_073,train,A1_product,train,A1_product,NEG,NEG,NEG,0.9985
batch_052,47.763,47.763_c5,nhiều quả bên trong xốp không dẻo,nhiều quả bên trong xốp không dẻo,resplit_llm,NEG,False,False,True,False,high,True,True,False,llm_extended,A1_product,moderate,none,False,none,A1_product,moderate,none,False,none,llm_extended,llm_extended,llm_extended,llm_extended,llm_extended,,batch_ext_024,train,A1_product,train,A1_product,NEG,NEG,NEG,0.9993
batch_052,47.763,47.763_c6,"không tin vào mô tả so sánh với quả trứng nên tôi chọn size đại loại 80-90quả cho rõ ràng,tránh tranh cãi nhưng nhận thì loại cả trăm quả","không tin vào mô tả so sánh với quả trứng nên tôi chọn size đại loại 80-90quả cho rõ ràng,tránh tranh cãi nhưng nhận thì loại cả trăm quả",resplit_llm,NEG,False,False,True,False,high,True,True,False,llm_extended,A2_label,moderate,none,False,wishful,A2_label,moderate,none,False,wishful,llm_extended,llm_extended,llm_extended,llm_extended,llm_extended,,batch_ext_033,train,A2_label,train,A2_label,NEG,NEG,NEG,0.9984
batch_052,47.763,47.763_c7,thất vọng nha,thất vọng nha,resplit_llm,NEG,False,False,True,False,high,True,True,True,human_gold_iaa_override,A1_product,strong,none,False,none,A1_product,moderate,none,False,none,human_gold_iaa,human_gold_iaa,human_gold_iaa,human_gold_iaa,human_gold_iaa,,batch_ext_066,train,A1_product,train,A1_product,NEG,NEG,NEG,0.9987
batch_052,47.763,47.763_c8,được cái có mùi thơm,được cái có mùi thơm,resplit_llm,POS,False,False,True,False,high,True,True,False,llm_extended,A1_product,none,product,False,none,A1_product,none,product,False,none,llm_extended,llm_extended,llm_extended,llm_extended,llm_extended,,batch_ext_101,train,A1_product,train,A1_product,POS,POS,POS,0.9987
batch_052,47.763,47.763_c11,chứ size đại mà như này nhận hàng buồn lắm,chứ size đại mà như này nhận hàng buồn lắm,resplit_llm,NEG,False,False,True,False,high,True,True,False,llm_extended,A2_label,moderate,none,False,none,A2_label,moderate,none,False,none,llm_extended,llm_extended,llm_extended,llm_extended,llm_extended,,batch_ext_077,train,A2_label,train,A2_label,NEG,NEG,NEG,0.9934
batch_052,47.763,47.763_c13,thấy live khen quá trời mà không đáng tin,thấy live khen quá trời mà không đáng tin,resplit_llm,NEG,False,False,True,False,high,True,True,False,llm_extended,A1_product,moderate,none,False,none,A1_product,moderate,none,False,none,llm_extended,llm_extended,llm_extended,llm_extended,llm_extended,,batch_ext_082,train,A1_product,train,A1_product,NEG,NEG,NEG,0.9679
batch_055,54.772,54.772_c1,có cải thiện được giấc ngủ nói chung là được,có cải thiện được giấc ngủ nói chung là được,resplit_llm,POS,False,False,True,False,high,False,True,False,llm_extended,A1_product,none,product,False,softener,A1_product,none,product,False,softener,llm_extended,llm_extended,llm_extended,llm_extended,llm_extended,,batch_ext_010,train,A1_product,train,A1_product,POS,POS,POS,0.9927
batch_055,54.772,54.772_c2,đã mua ủng hộ thêm nữa rồi,đã mua ủng hộ thêm nữa rồi,resplit_llm,POS,False,False,True,False,high,False,True,False,llm_extended,A1_product,none,product,False,none,A1_product,none,product,False,none,llm_extended,llm_extended,llm_extended,llm_extended,llm_extended,,batch_ext_039,train,A1_product,train,A1_product,POS,POS,POS,0.9995
batch_055,54.775,54.775_c1,như mô tả,như mô tả,resplit_llm,POS,False,False,True,False,high,False,True,True,human_gold_iaa_override,A2_label,none,product,False,none,A1_product,none,product,False,none,human_gold_iaa,human_gold_iaa,human_gold_iaa,human_gold_iaa,human_gold_iaa,,batch_ext_016,train,A2_label,train,A1_product,POS,POS,POS,0.8049
batch_055,54.775,54.775_c2,uống vô cũng có cảm giác buồn ngủ,uống vô cũng có cảm giác buồn ngủ,resplit_llm,POS,False,False,True,False,high,False,True,True,human_gold_iaa,A1_product,strong,product,False,softener,A1_product,strong,product,False,softener,human_gold_iaa,human_gold_iaa,human_gold_iaa,human_gold_iaa,human_gold_iaa,,batch_ext_037,train,A1_product,train,A1_product,POS,NEG,NEG,0.9973
batch_055,54.775,54.775_c3,sẽ mua lại,sẽ mua lại,resplit_llm,POS,False,False,True,False,high,False,True,False,llm_extended,A1_product,none,product,False,none,A1_product,none,product,False,none,llm_extended,llm_extended,llm_extended,llm_extended,llm_extended,,batch_ext_016,train,A1_product,train,A1_product,POS,POS,POS,0.999
batch_055,54.903,54.903_c1,dễ uống,dễ uống,resplit_llm,POS,False,False,True,False,high,False,True,True,human_gold_iaa,A1_product,none,product,False,none,A1_product,none,product,False,none,human_gold_iaa,human_gold_iaa,human_gold_iaa,human_gold_iaa,human_gold_iaa,,batch_ext_073,train,A1_product,train,A1_product,POS,POS,POS,0.9993
batch_055,54.903,54.903_c2,dễ pha,dễ pha,resplit_llm,POS,False,False,True,False,high,False,True,True,human_gold_iaa,A1_product,none,product,False,none,A1_product,none,product,False,none,human_gold_iaa,human_gold_iaa,human_gold_iaa,human_gold_iaa,human_gold_iaa,,batch_ext_082,train,A1_product,train,A1_product,POS,POS,POS,0.9989
batch_058,56.228,56.228_c2,mấy anh chị siêu thíchh,mấy anh chị siêu thíchh,resplit_llm,POS,False,False,True,False,high,False,True,True,human_gold_iaa,A1_product,none,product,False,none,A1_product,none,product,False,none,human_gold_iaa,human_gold_iaa,human_gold_iaa,human_gold_iaa,human_gold_iaa,,batch_ext_040,train,A1_product,train,A1_product,POS,POS,POS,0.9994
batch_058,56.228,56.228_c3,sốp rep tin nhắn đặt nhanh lắm ạ,sốp rep tin nhắn đặt nhanh lắm ạ,resplit_llm,POS,False,False,True,False,high,False,True,False,llm_extended,A5_price,moderate,value,False,none,A5_price,moderate,value,False,none,llm_extended,llm_extended,llm_extended,llm_extended,llm_extended,,batch_ext_065,train,A5_price,train,A5_price,POS,POS,POS,0.9997
batch_058,56.2317,56.2317_c2,good quality,good quality,resplit_llm,POS,False,False,True,False,high,False,True,False,llm_extended,A1_product,none,product,False,none,A1_product,none,product,False,none,llm_extended,llm_extended,llm_extended,llm_extended,llm_extended,,batch_ext_043,train,A1_product,train,A1_product,POS,POS,POS,0.9984
batch_058,56.2317,56.2317_c3,and safe delivery,and safe delivery,resplit_llm,POS,False,False,True,False,high,False,True,False,llm_extended,A1_product,none,product,False,none,A1_product,none,product,False,none,llm_extended,llm_extended,llm_extended,llm_extended,llm_extended,,batch_ext_004,train,A1_product,train,A1_product,POS,NEU,NEU,0.9984
batch_058,56.2431,56.2431_c1,gói hàng đẹp,gói hàng đẹp,resplit_llm,POS,False,False,True,False,high,False,True,False,llm_extended,A3_logistics,none,logistics,False,none,A3_logistics,none,logistics,False,none,llm_extended,llm_extended,llm_extended,llm_extended,llm_extended,,batch_ext_040,train,A3_logistics,train,A3_logistics,POS,POS,POS,0.9996
batch_058,56.2431,56.2431_c2,lại được tặng kẹo nữa,lại được tặng kẹo nữa,resplit_llm,POS,False,False,True,False,high,False,True,False,llm_extended,A4_service,none,service,False,none,A4_service,none,service,False,none,llm_extended,llm_extended,llm_extended,llm_extended,llm_extended,,batch_ext_021,train,A4_service,train,A4_service,POS,POS,POS,0.9994
batch_058,56.2435,56.2435_c1,shop soạn đơn rất lâu gần cả tuần,shop soạn đơn rất lâu gần cả tuần,resplit_llm,NEG,False,False,True,False,high,True,True,False,llm_extended,A4_service,moderate,none,False,none,A4_service,moderate,none,False,none,llm_extended,llm_extended,llm_extended,llm_extended,llm_extended,,batch_ext_005,train,A4_service,train,A4_service,NEG,NEG,NEG,0.9968
batch_058,56.2435,56.2435_c2,mà ruốt cuộc cũng sai,mà ruốt cuộc cũng sai,resplit_llm,NEG,False,False,True,False,high,True,True,False,llm_extended,A1_product,moderate,none,False,softener,A1_product,moderate,none,False,softener,llm_extended,llm_extended,llm_extended,llm_extended,llm_extended,,batch_ext_109,train,A1_product,train,A1_product,NEG,NEG,NEG,0.9978
batch_058,56.2435,56.2435_c3,"mình đặt nhìu món, có 2 hộp 260k mà shop ship 2 hộp loại 85k","mình đặt nhìu món, có 2 hộp 260k mà shop ship 2 hộp loại 85k",merged_llm,NEG,False,False,True,False,high,True,True,False,llm_extended,A5_price,moderate,none,False,none,A5_price,moderate,none,False,none,llm_extended,llm_extended,llm_extended,llm_extended,llm_extended,,batch_ext_075,train,A5_price,train,A5_price,NEG,NEG,NEG,0.999
batch_058,56.2435,56.2435_c5,cùng thành phố cách có vài km mà cũng không chịu giải quyết mau chóng cho khách,cùng thành phố cách có vài km mà cũng không chịu giải quyết mau chóng cho khách,kept_43b,NEG,False,False,True,False,high,True,True,False,llm_extended,A1_product,moderate,none,False,softener,A1_product,moderate,none,False,softener,llm_extended,llm_extended,llm_extended,llm_extended,llm_extended,,batch_ext_090,train,A1_product,train,A1_product,NEG,NEG,NEG,0.9994
batch_058,56.2435,56.2435_c6,gần tết đã lu bu thì chớ phải đóng gói gửi lại shop rất mất thời gian,gần tết đã lu bu thì chớ phải đóng gói gửi lại shop rất mất thời gian,merged_llm,NEG,False,False,True,False,high,True,True,False,llm_extended,A3_logistics,moderate,none,False,none,A3_logistics,moderate,none,False,none,llm_extended,llm_extended,llm_extended,llm_extended,llm_extended,,batch_ext_036,train,A3_logistics,train,A3_logistics,NEG,NEG,NEG,0.9985
batch_059,56.2687,56.2687_c1,mình có mã freeship nên mua luôn,mình có mã freeship nên mua luôn,resplit_llm,POS,False,False,True,False,high,False,True,False,llm_extended,A1_product,none,product,False,wishful,A1_product,none,product,False,wishful,llm_extended,llm_extended,llm_extended,llm_extended,llm_extended,,batch_ext_088,train,A1_product,train,A1_product,POS,POS,POS,0.9995
batch_059,56.2687,56.2687_c3,mong là đỡ mụn,mong là đỡ mụn,resplit_llm,POS,False,False,True,False,high,False,True,False,llm_extended,A1_product,none,product,False,wishful,A1_product,none,product,False,wishful,llm_extended,llm_extended,llm_extended,llm_extended,llm_extended,,batch_ext_013,train,A1_product,train,A1_product,POS,POS,POS,0.8755
batch_061,56.4,56.4_c1,shop giao hàng rất nhanh,shop giao hàng rất nhanh,kept_43b,POS,False,False,True,False,high,False,True,True,human_gold_iaa,A3_logistics,none,logistics,False,none,A3_logistics,none,logistics,False,none,human_gold_iaa,human_gold_iaa,human_gold_iaa,human_gold_iaa,human_gold_iaa,,batch_ext_093,train,A3_logistics,train,A3_logistics,POS,POS,POS,0.9997
batch_061,56.4,56.4_c2,đóng gói cẩn thận,đóng gói cẩn thận,kept_43b,POS,False,False,True,False,high,False,True,True,human_gold_iaa,A3_logistics,none,logistics,False,none,A3_logistics,none,logistics,False,none,human_gold_iaa,human_gold_iaa,human_gold_iaa,human_gold_iaa,human_gold_iaa,,batch_ext_010,train,A3_logistics,train,A3_logistics,POS,POS,POS,0.9994
batch_061,56.4,56.4_c3,hàng đầy đủ,hàng đầy đủ,kept_43b,POS,False,False,True,False,high,False,True,False,llm_extended,A1_product,none,product,False,none,A1_product,none,product,False,none,llm_extended,llm_extended,llm_extended,llm_extended,llm_extended,,batch_ext_016,train,A3_logistics,train,A1_product,POS,POS,POS,0.9988
batch_061,56.4,56.4_c4,mua gói 100 túi lọc dùng rất tiện,mua gói 100 túi lọc dùng rất tiện,kept_43b,POS,False,False,True,False,high,False,True,True,human_gold_iaa_override,A5_price,none,value,False,none,A1_product,none,product,False,none,human_gold_iaa,human_gold_iaa,human_gold_iaa,human_gold_iaa,human_gold_iaa,,batch_ext_055,train,A1_product,train,A1_product,POS,POS,POS,0.9986
batch_061,56.4,56.4_c5,trà diệp hạ châu của hãng rất dễ uống,trà diệp hạ châu của hãng rất dễ uống,resplit_llm,POS,False,False,True,False,high,False,True,False,llm_extended,A1_product,none,product,False,none,A1_product,none,product,False,none,llm_extended,llm_extended,llm_extended,llm_extended,llm_extended,,batch_ext_006,train,A1_product,train,A1_product,POS,POS,POS,0.9997
batch_061,56.4,56.4_c6,không bị đắng quá,không bị đắng quá,resplit_llm,POS,False,False,True,False,high,False,True,False,llm_extended,A1_product,moderate,product,False,none,A1_product,moderate,product,False,none,llm_extended,llm_extended,llm_extended,llm_extended,llm_extended,,batch_ext_005,train,A1_product,train,A1_product,POS,POS,POS,0.9826
batch_061,56.4,56.4_c7,trà actiso thì ngọt hơn nên dễ uống hơn,trà actiso thì ngọt hơn nên dễ uống hơn,kept_43b,POS,False,False,True,False,high,False,True,False,llm_extended,A1_product,none,product,False,wishful,A1_product,none,product,False,wishful,llm_extended,llm_extended,llm_extended,llm_extended,llm_extended,,batch_ext_078,train,A1_product,train,A1_product,POS,POS,POS,0.6194
batch_061,56.311,56.311_c1,chất lượng của sản phẩm này quá tốt,chất lượng của sản phẩm này quá tốt,resplit_llm,POS,False,False,True,False,high,True,True,False,llm_extended,A1_product,none,product,False,none,A1_product,none,product,False,none,llm_extended,llm_extended,llm_extended,llm_extended,llm_extended,,batch_ext_018,train,A1_product,train,A1_product,POS,POS,POS,0.9995
batch_061,56.311,56.311_c2,mua được với giá ưu đãi thích lắm,mua được với giá ưu đãi thích lắm,merged_llm,POS,False,False,True,False,high,True,True,False,llm_extended,A5_price,none,value,False,none,A5_price,none,value,False,none,llm_extended,llm_extended,llm_extended,llm_extended,llm_extended,,batch_ext_062,train,A5_price,train,A5_price,POS,POS,POS,0.9994
batch_061,56.311,56.311_c3,shop làm ăn rất chất lượng từ sản phẩm đến dịch vụ,shop làm ăn rất chất lượng từ sản phẩm đến dịch vụ,kept_43b,POS,False,False,True,False,high,True,True,False,llm_extended,A4_service,none,service,False,none,A4_service,none,service,False,none,llm_extended,llm_extended,llm_extended,llm_extended,llm_extended,,batch_ext_007,train,A4_service,train,A4_service,POS,POS,POS,0.9997
batch_061,56.311,56.311_c4,sản phẩm quá ư là đẹp và dễ thương,sản phẩm quá ư là đẹp và dễ thương,merged_llm,POS,False,False,True,False,high,True,True,False,llm_extended,A1_product,none,service,False,none,A1_product,none,service,False,none,llm_extended,llm_extended,llm_extended,llm_extended,llm_extended,,batch_ext_086,train,A1_product,train,A1_product,POS,POS,POS,0.9997
batch_061,56.644,56.644_c1,hương vị:thơm dịu,hương vị:thơm dịu,kept_43b,POS,False,False,True,False,high,True,True,False,llm_extended,A1_product,none,product,False,none,A1_product,none,product,False,none,llm_extended,llm_extended,llm_extended,llm_extended,llm_extended,,batch_ext_025,train,A1_product,train,A1_product,POS,POS,POS,0.9988
batch_061,56.644,56.644_c2,đóng gói kĩ,đóng gói kĩ,merged_llm,POS,False,False,True,False,high,True,True,False,llm_extended,A3_logistics,none,product,False,none,A3_logistics,none,product,False,none,llm_extended,llm_extended,llm_extended,llm_extended,llm_extended,,batch_ext_055,train,A3_logistics,train,A3_logistics,POS,POS,POS,0.9995
batch_061,56.644,56.644_c3,trà thích hợp uống buổi sáng,trà thích hợp uống buổi sáng,merged_llm,POS,False,False,True,False,high,True,True,False,llm_extended,A3_logistics,none,product,False,none,A3_logistics,none,product,False,none,llm_extended,llm_extended,llm_extended,llm_extended,llm_extended,,batch_ext_062,train,A1_product,train,A3_logistics,POS,POS,POS,0.9984
batch_061,56.644,56.644_c4,thanh nhiệt cho cơ thể,thanh nhiệt cho cơ thể,kept_43b,POS,False,False,True,False,high,True,True,False,llm_extended,A1_product,none,product,False,none,A1_product,none,product,False,none,llm_extended,llm_extended,llm_extended,llm_extended,llm_extended,,batch_ext_032,train,A1_product,train,A1_product,POS,POS,POS,0.8439
batch_061,56.644,56.644_c5,shop rất là ok nhaa,shop rất là ok nhaa,kept_43b,POS,False,False,True,False,high,True,True,False,llm_extended,A4_service,none,service,False,none,A4_service,none,service,False,none,llm_extended,llm_extended,llm_extended,llm_extended,llm_extended,,batch_ext_060,train,A4_service,train,A4_service,POS,POS,POS,0.9998
batch_061,56.644,56.644_c6,xử lý sự cố gọn gàng,xử lý sự cố gọn gàng,resplit_llm,POS,False,False,True,False,high,True,True,False,llm_extended,A5_price,none,value,False,none,A5_price,none,value,False,none,llm_extended,llm_extended,llm_extended,llm_extended,llm_extended,,batch_ext_041,train,A5_price,train,A5_price,POS,NEU,NEU,0.9488
batch_061,56.644,56.644_c7,khi shop giao thiếu mình 1 hộp,khi shop giao thiếu mình 1 hộp,resplit_llm,NEG,False,False,True,False,high,True,True,False,llm_extended,A3_logistics,moderate,none,False,none,A3_logistics,moderate,none,False,none,llm_extended,llm_extended,llm_extended,llm_extended,llm_extended,,batch_ext_074,train,A3_logistics,train,A3_logistics,NEG,POS,POS,0.8266
batch_088,69.1,69.1_c1,hương vị:0 mùi,hương vị:0 mùi,resplit_llm,POS,False,False,True,False,high,True,True,False,llm_extended,A1_product,none,product,False,none,A1_product,none,product,False,none,llm_extended,llm_extended,llm_extended,llm_extended,llm_extended,,batch_ext_031,train,A1_product,train,A1_product,POS,NEG,NEG,0.5871
batch_088,69.1,69.1_c2,sản phẩm đúng như mô tả,sản phẩm đúng như mô tả,resplit_llm,POS,False,False,True,False,high,True,True,False,llm_extended,A2_label,none,product,False,none,A2_label,none,product,False,none,llm_extended,llm_extended,llm_extended,llm_extended,llm_extended,,batch_ext_050,train,A2_label,train,A2_label,POS,POS,POS,0.9982
batch_088,69.1,69.1_c3,chất lượng vượt mong đợi,chất lượng vượt mong đợi,resplit_llm,POS,False,False,True,False,high,True,True,False,llm_extended,A1_product,none,product,False,wishful,A1_product,none,product,False,wishful,llm_extended,llm_extended,llm_extended,llm_extended,llm_extended,,batch_ext_095,train,A1_product,train,A1_product,POS,POS,POS,0.9997
batch_088,69.1,69.1_c4,đóng gói cẩn thận,đóng gói cẩn thận,resplit_llm,POS,False,False,True,False,high,True,True,True,human_gold_iaa,A3_logistics,none,logistics,False,none,A3_logistics,none,logistics,False,none,human_gold_iaa,human_gold_iaa,human_gold_iaa,human_gold_iaa,human_gold_iaa,,batch_ext_005,train,A3_logistics,train,A3_logistics,POS,POS,POS,0.9994
batch_088,69.1,69.1_c5,giao hàng nhanh,giao hàng nhanh,kept_43b,POS,False,False,True,False,high,True,True,False,llm_extended,A3_logistics,none,logistics,False,none,A3_logistics,none,logistics,False,none,llm_extended,llm_extended,llm_extended,llm_extended,llm_extended,,batch_ext_004,train,A3_logistics,train,A3_logistics,POS,POS,POS,0.9997
batch_088,69.1,69.1_c6,dùng thử và thật sự bất ngờ về hiệu quả,dùng thử và thật sự bất ngờ về hiệu quả,kept_43b,POS,False,False,True,False,high,True,True,False,llm_extended,A1_product,none,product,False,none,A1_product,none,product,False,none,llm_extended,llm_extended,llm_extended,llm_extended,llm_extended,,batch_ext_073,train,A1_product,train,A1_product,POS,POS,POS,0.9995
batch_088,69.1,69.1_c7,rất đáng tiền,rất đáng tiền,resplit_llm,POS,False,False,True,False,high,True,True,False,llm_extended,A5_price,none,value,False,none,A5_price,none,value,False,none,llm_extended,llm_extended,llm_extended,llm_extended,llm_extended,,batch_ext_052,train,A5_price,train,A5_price,POS,POS,POS,0.9997
batch_088,69.1,69.1_c8,sản phẩm đẹp,sản phẩm đẹp,resplit_llm,POS,False,False,True,False,high,True,True,False,llm_extended,A1_product,none,product,False,none,A1_product,none,product,False,none,llm_extended,llm_extended,llm_extended,llm_extended,llm_extended,,batch_ext_084,train,A1_product,train,A1_product,POS,POS,POS,0.9996
batch_088,69.1,69.1_c9,chất liệu tốt,chất liệu tốt,kept_43b,POS,False,False,True,False,high,True,True,False,llm_extended,A1_product,none,product,False,none,A1_product,none,product,False,none,llm_extended,llm_extended,llm_extended,llm_extended,llm_extended,,batch_ext_058,train,A1_product,train,A1_product,POS,POS,POS,0.9993
batch_088,69.1,69.1_c10,đúng với hình ảnh trên shop,đúng với hình ảnh trên shop,resplit_llm,POS,False,False,True,False,high,True,True,True,human_gold_iaa_override,A4_service,none,service,False,none,A1_product,none,product,False,none,human_gold_iaa,human_gold_iaa,human_gold_iaa,human_gold_iaa,human_gold_iaa,,batch_ext_061,train,A4_service,train,A1_product,POS,POS,POS,0.9882
batch_088,69.1,69.1_c11,giá hợp lý so với chất lượng,giá hợp lý so với chất lượng,merged_llm,POS,False,False,True,False,high,True,True,False,llm_extended,A5_price,none,value,False,none,A5_price,none,value,False,none,llm_extended,llm_extended,llm_extended,llm_extended,llm_extended,,batch_ext_052,train,A5_price,train,A5_price,POS,POS,POS,0.9988
batch_088,69.1,69.1_c12,shop tư vấn nhiệt tình,shop tư vấn nhiệt tình,resplit_llm,POS,False,False,True,False,high,True,True,False,llm_extended,A4_service,none,service,False,none,A4_service,none,service,False,none,llm_extended,llm_extended,llm_extended,llm_extended,llm_extended,,batch_ext_091,train,A4_service,train,A4_service,POS,POS,POS,0.9996
batch_088,69.1,69.1_c13,hàng chuẩn chính hãng,hàng chuẩn chính hãng,resplit_llm,POS,False,False,True,False,high,True,True,True,human_gold_iaa,A2_label,none,product,False,none,A2_label,none,product,False,none,human_gold_iaa,human_gold_iaa,human_gold_iaa,human_gold_iaa,human_gold_iaa,,batch_ext_081,train,A2_label,train,A2_label,POS,POS,POS,0.9997
batch_118,84.301,84.301_c1,very very strong flavor,very very strong flavor,resplit_llm,POS,False,False,True,False,medium,False,True,False,llm_extended,A1_product,none,product,False,none,A1_product,none,product,False,none,llm_extended,llm_extended,llm_extended,llm_extended,llm_extended,,batch_ext_113,train,A1_product,train,A1_product,POS,POS,POS,0.9993
batch_118,84.301,84.301_c3,but very good,but very good,resplit_llm,POS,False,False,True,False,medium,False,True,True,human_gold_iaa,A1_product,none,product,False,none,A1_product,none,product,False,none,human_gold_iaa,human_gold_iaa,human_gold_iaa,human_gold_iaa,human_gold_iaa,,batch_ext_091,train,A1_product,train,A1_product,POS,NEU,NEU,0.9986
batch_118,85.1174,85.1174_c1,hương vị và mẫu mã đúng với quảng cáo,hương vị và mẫu mã đúng với quảng cáo,resplit_llm,POS,False,False,True,False,high,False,True,False,llm_extended,A2_label,none,product,False,none,A2_label,none,product,False,none,llm_extended,llm_extended,llm_extended,llm_extended,llm_extended,,batch_ext_037,train,A2_label,train,A2_label,POS,POS,POS,0.9924
batch_118,85.1174,85.1174_c2,hàng đóng chắc chắn,hàng đóng chắc chắn,resplit_llm,POS,False,False,True,False,high,False,True,False,llm_extended,A1_product,none,product,False,softener,A1_product,none,product,False,softener,llm_extended,llm_extended,llm_extended,llm_extended,llm_extended,,batch_ext_010,train,A3_logistics,train,A1_product,POS,POS,POS,0.9995
batch_123,88.1227,88.1227_c1,dễ uống,dễ uống,resplit_llm,POS,False,False,True,False,high,False,True,False,llm_extended,A1_product,none,product,False,none,A1_product,none,product,False,none,llm_extended,llm_extended,llm_extended,llm_extended,llm_extended,,batch_ext_070,train,A1_product,train,A1_product,POS,POS,POS,0.9993
batch_123,88.1227,88.1227_c2,thấy tình trạng giảm mụn sau 1 tuần,thấy tình trạng giảm mụn sau 1 tuần,resplit_llm,POS,False,False,True,False,high,False,True,False,llm_extended,A1_product,none,product,False,none,A1_product,none,product,False,none,llm_extended,llm_extended,llm_extended,llm_extended,llm_extended,,batch_ext_033,train,A1_product,train,A1_product,POS,POS,POS,0.9993
batch_123,88.1227,88.1227_c3,da cải thiện dõ khi sử dụng lâu,da cải thiện dõ khi sử dụng lâu,resplit_llm,POS,False,False,True,False,high,False,True,False,llm_extended,A1_product,moderate,product,False,none,A1_product,moderate,product,False,none,llm_extended,llm_extended,llm_extended,llm_extended,llm_extended,,batch_ext_099,train,A1_product,train,A1_product,POS,POS,POS,0.9985
batch_127,88.1839,88.1839_c1,mua lại lần 2 nè,mua lại lần 2 nè,resplit_llm,POS,False,False,True,False,high,False,True,False,llm_extended,A1_product,none,product,False,none,A1_product,none,product,False,none,llm_extended,llm_extended,llm_extended,llm_extended,llm_extended,,batch_ext_052,train,A1_product,train,A1_product,POS,POS,POS,0.9994
batch_130,89.335,89.335_c1,mua về trộn với cháo cho bé ăn có thêm dinh dưỡng,mua về trộn với cháo cho bé ăn có thêm dinh dưỡng,resplit_llm,POS,False,False,True,False,high,False,True,True,human_gold_iaa,A1_product,strong,product,False,none,A1_product,strong,product,False,none,human_gold_iaa,human_gold_iaa,human_gold_iaa,human_gold_iaa,human_gold_iaa,,batch_ext_110,train,A1_product,train,A1_product,POS,POS,POS,0.9954
batch_130,89.335,89.335_c2,ăn thấy bé cũng hợp tác,ăn thấy bé cũng hợp tác,resplit_llm,POS,False,False,True,False,high,False,True,True,human_gold_iaa_override,A3_logistics,strong,product,False,softener,A1_product,strong,product,False,softener,human_gold_iaa,human_gold_iaa,human_gold_iaa,human_gold_iaa,human_gold_iaa,,batch_ext_069,train,A1_product,train,A1_product,POS,POS,POS,0.9994
batch_130,89.335,89.335_c3,nên để theo dõi thêm,nên để theo dõi thêm,resplit_llm,NEU,False,False,True,False,medium,True,True,False,llm_extended,A1_product,none,none,False,wishful,A1_product,none,none,False,wishful,llm_extended,llm_extended,llm_extended,llm_extended,llm_extended,,batch_ext_009,train,A1_product,train,A1_product,NEU,NEU,NEU,0.9987
batch_132,89.8,89.8_c1,hương vị:ngon,hương vị:ngon,resplit_llm,POS,False,False,True,False,high,True,True,True,human_gold_iaa,A1_product,none,product,False,none,A1_product,none,product,False,none,human_gold_iaa,human_gold_iaa,human_gold_iaa,human_gold_iaa,human_gold_iaa,,batch_ext_041,train,A1_product,train,A1_product,POS,POS,POS,0.9925
batch_132,89.8,89.8_c2,bao bì mẫu mã:đẹp,bao bì mẫu mã:đẹp,resplit_llm,POS,False,False,True,False,high,True,True,False,llm_extended,A2_label,moderate,product,False,none,A2_label,moderate,product,False,none,llm_extended,llm_extended,llm_extended,llm_extended,llm_extended,,batch_ext_097,train,A2_label,train,A2_label,POS,POS,POS,0.8707
batch_132,89.8,89.8_c3,sản phẩm này có chất lượng tốt,sản phẩm này có chất lượng tốt,resplit_llm,POS,False,False,True,False,high,True,True,False,llm_extended,A1_product,none,product,False,none,A1_product,none,product,False,none,llm_extended,llm_extended,llm_extended,llm_extended,llm_extended,,batch_ext_090,train,A1_product,train,A1_product,POS,POS,POS,0.9995
batch_132,89.8,89.8_c4,đúng với mô tả của người bán,đúng với mô tả của người bán,resplit_llm,POS,False,False,True,False,high,True,True,True,human_gold_iaa_override,A2_label,none,product,False,none,A1_product,none,product,False,none,human_gold_iaa,human_gold_iaa,human_gold_iaa,human_gold_iaa,human_gold_iaa,,batch_ext_027,train,A2_label,train,A1_product,POS,NEU,NEU,0.9719
batch_132,89.8,89.8_c5,màu sắc đẹp,màu sắc đẹp,resplit_llm,POS,False,False,True,False,high,True,True,False,llm_extended,A1_product,none,product,False,none,A1_product,none,product,False,none,llm_extended,llm_extended,llm_extended,llm_extended,llm_extended,,batch_ext_075,train,A1_product,train,A1_product,POS,POS,POS,0.9995
batch_132,89.8,89.8_c6,kích thước vừa vặn,kích thước vừa vặn,resplit_llm,POS,False,False,True,False,high,True,True,True,human_gold_iaa,A1_product,none,product,False,none,A1_product,none,product,False,none,human_gold_iaa,human_gold_iaa,human_gold_iaa,human_gold_iaa,human_gold_iaa,,batch_ext_071,train,A1_product,train,A1_product,POS,POS,POS,0.9853
batch_132,89.8,89.8_c7,và thiết kế chắc chắn,và thiết kế chắc chắn,resplit_llm,POS,False,False,True,False,high,True,True,False,llm_extended,A1_product,none,product,False,softener,A1_product,none,product,False,softener,llm_extended,llm_extended,llm_extended,llm_extended,llm_extended,,batch_ext_053,train,A1_product,train,A1_product,POS,POS,POS,0.9993
batch_132,89.8,89.8_c8,"khi sử dụng, mình thấy khá hài lòng vì sản phẩm hoạt động đúng như mong đợi, không gặp vấn đề gì","khi sử dụng, mình thấy khá hài lòng vì sản phẩm hoạt động đúng như mong đợi, không gặp vấn đề gì",kept_43b,POS,False,False,True,False,high,True,True,False,llm_extended,A1_product,none,product,False,wishful,A1_product,none,product,False,wishful,llm_extended,llm_extended,llm_extended,llm_extended,llm_extended,,batch_ext_091,train,A1_product,train,A1_product,POS,POS,POS,0.9996
batch_132,89.8,89.8_c9,giao hàng nhanh,giao hàng nhanh,kept_43b,POS,False,False,True,False,high,True,True,False,llm_extended,A3_logistics,none,logistics,False,none,A3_logistics,none,logistics,False,none,llm_extended,llm_extended,llm_extended,llm_extended,llm_extended,,batch_ext_013,train,A3_logistics,train,A3_logistics,POS,POS,POS,0.9997
batch_132,89.8,89.8_c10,đóng gói cẩn thận nên sản phẩm không bị móp méo hay hư hỏng,đóng gói cẩn thận nên sản phẩm không bị móp méo hay hư hỏng,merged_llm,POS,False,False,True,False,high,True,True,True,human_gold_iaa,A3_logistics,strong,logistics,False,wishful,A3_logistics,strong,logistics,False,wishful,human_gold_iaa,human_gold_iaa,human_gold_iaa,human_gold_iaa,human_gold_iaa,,batch_ext_032,train,A3_logistics,train,A3_logistics,POS,POS,POS,0.9988
batch_132,89.8,89.8_c11,điểm cộng là giá cả hợp lý so với chất lượng,điểm cộng là giá cả hợp lý so với chất lượng,merged_llm,POS,False,False,True,False,high,True,True,False,llm_extended,A5_price,none,value,False,none,A5_price,none,value,False,none,llm_extended,llm_extended,llm_extended,llm_extended,llm_extended,,batch_ext_021,train,A5_price,train,A5_price,POS,POS,POS,0.9993
batch_132,89.8,89.8_c12,"tuy nhiên, nếu cải thiện thêm về độ bền thì sẽ hoàn hảo hơn","tuy nhiên, nếu cải thiện thêm về độ bền thì sẽ hoàn hảo hơn",kept_43b,NEG,False,False,True,False,high,True,True,True,human_gold_iaa,A1_product,moderate,none,False,conditional,A1_product,moderate,none,False,conditional,human_gold_iaa,human_gold_iaa,human_gold_iaa,human_gold_iaa,human_gold_iaa,,batch_ext_020,train,A1_product,train,A1_product,NEG,NEU,NEU,0.9991
batch_132,89.8,89.8_c13,"nhìn chung, đây là sản phẩm đáng mua, rất phù hợp với nhu cầu sử dụng","nhìn chung, đây là sản phẩm đáng mua, rất phù hợp với nhu cầu sử dụng",kept_43b,POS,False,False,True,False,high,True,True,False,llm_extended,A3_logistics,none,product,False,softener,A3_logistics,none,product,False,softener,llm_extended,llm_extended,llm_extended,llm_extended,llm_extended,,batch_ext_005,train,A3_logistics,train,A3_logistics,POS,POS,POS,0.9993
batch_132,89.82,89.82_c1,giao hàng nhanh,giao hàng nhanh,kept_43b,POS,False,False,True,False,high,True,True,False,llm_extended,A3_logistics,none,logistics,False,none,A3_logistics,none,logistics,False,none,llm_extended,llm_extended,llm_extended,llm_extended,llm_extended,,batch_ext_115,train,A3_logistics,train,A3_logistics,POS,POS,POS,0.9997
batch_132,89.82,89.82_c2,đóng gói chắc chắn,đóng gói chắc chắn,kept_43b,POS,False,False,True,False,high,True,True,False,llm_extended,A3_logistics,none,logistics,False,softener,A3_logistics,none,logistics,False,softener,llm_extended,llm_extended,llm_extended,llm_extended,llm_extended,,batch_ext_035,train,A3_logistics,train,A3_logistics,POS,POS,POS,0.9991
batch_132,89.82,89.82_c3,hàng giống trong hình,hàng giống trong hình,resplit_llm,POS,False,False,True,False,high,True,True,False,llm_extended,A1_product,none,product,False,none,A1_product,none,product,False,none,llm_extended,llm_extended,llm_extended,llm_extended,llm_extended,,batch_ext_059,train,A1_product,train,A1_product,POS,POS,POS,0.9964
batch_132,89.82,89.82_c4,chất lượng phù hợp với giá,chất lượng phù hợp với giá,merged_llm,POS,False,False,True,False,high,True,True,False,llm_extended,A5_price,none,value,False,none,A5_price,none,value,False,none,llm_extended,llm_extended,llm_extended,llm_extended,llm_extended,,batch_ext_011,train,A5_price,train,A5_price,POS,POS,POS,0.9994
batch_132,89.82,89.82_c5,chất liệu ok,chất liệu ok,resplit_llm,POS,False,False,True,False,high,True,True,False,llm_extended,A1_product,none,product,False,none,A1_product,none,product,False,none,llm_extended,llm_extended,llm_extended,llm_extended,llm_extended,,batch_ext_101,train,A1_product,train,A1_product,POS,POS,POS,0.9982
batch_132,89.82,89.82_c6,sẽ ủng hộ tiếp,sẽ ủng hộ tiếp,kept_43b,POS,False,False,True,False,high,True,True,False,llm_extended,A1_product,none,product,False,none,A1_product,none,product,False,none,llm_extended,llm_extended,llm_extended,llm_extended,llm_extended,,batch_ext_022,train,A1_product,train,A1_product,POS,POS,POS,0.9986
batch_132,89.82,89.82_c7,đảm bảo thức ăn còn nóng,đảm bảo thức ăn còn nóng,kept_43b,POS,False,False,True,False,high,True,True,True,human_gold_iaa_override,A1_product,none,product,False,none,A3_logistics,none,logistics,False,none,human_gold_iaa,human_gold_iaa,human_gold_iaa,human_gold_iaa,human_gold_iaa,,batch_ext_066,train,A1_product,train,A3_logistics,POS,NEU,NEU,0.9956
batch_132,89.82,89.82_c8,dụng cụ ăn uống đầy đủ,dụng cụ ăn uống đầy đủ,kept_43b,POS,False,False,True,False,high,True,True,False,llm_extended,A1_product,none,product,False,none,A1_product,none,product,False,none,llm_extended,llm_extended,llm_extended,llm_extended,llm_extended,,batch_ext_002,train,A1_product,train,A1_product,POS,POS,POS,0.9914
batch_132,89.82,89.82_c9,giao đủ số lượng,giao đủ số lượng,kept_43b,POS,False,False,True,False,high,True,True,True,human_gold_iaa_override,A3_logistics,none,product,False,none,A3_logistics,none,logistics,False,none,human_gold_iaa,human_gold_iaa,human_gold_iaa,human_gold_iaa,human_gold_iaa,,batch_ext_007,train,A3_logistics,train,A3_logistics,POS,POS,POS,0.9996
batch_132,89.82,89.82_c10,thức ăn ngon,thức ăn ngon,kept_43b,POS,False,False,True,False,high,True,True,False,llm_extended,A1_product,none,product,False,none,A1_product,none,product,False,none,llm_extended,llm_extended,llm_extended,llm_extended,llm_extended,,batch_ext_048,train,A1_product,train,A1_product,POS,POS,POS,0.9997
batch_135,94.1196,94.1196_c1,"đã nhận được hàng, đầy đủ các món đã đặt","đã nhận được hàng, đầy đủ các món đã đặt",resplit_llm,POS,False,False,True,False,high,False,True,False,llm_extended,A5_price,moderate,value,False,none,A5_price,moderate,value,False,none,llm_extended,llm_extended,llm_extended,llm_extended,llm_extended,,batch_ext_005,train,A5_price,train,A5_price,POS,POS,POS,0.9993
batch_135,94.1196,94.1196_c2,sản phẩm đúng mô tả,sản phẩm đúng mô tả,resplit_llm,POS,False,False,True,False,high,False,True,False,llm_extended,A2_label,none,product,False,none,A2_label,none,product,False,none,llm_extended,llm_extended,llm_extended,llm_extended,llm_extended,,batch_ext_030,train,A2_label,train,A2_label,POS,POS,POS,0.9971
batch_137,94.7,94.7_c1,"sản phẩm tuyệt vời, đúng với mô tả","sản phẩm tuyệt vời, đúng với mô tả",kept_43b,POS,False,False,True,False,high,True,True,True,human_gold_iaa_override,A2_label,none,product,False,none,A1_product,none,product,False,none,human_gold_iaa,human_gold_iaa,human_gold_iaa,human_gold_iaa,human_gold_iaa,,batch_ext_056,train,A2_label,train,A1_product,POS,POS,POS,0.9991
batch_137,94.7,94.7_c2,giao hàng nhanh chóng,giao hàng nhanh chóng,kept_43b,POS,False,False,True,False,high,True,True,False,llm_extended,A3_logistics,none,logistics,False,none,A3_logistics,none,logistics,False,none,llm_extended,llm_extended,llm_extended,llm_extended,llm_extended,,batch_ext_039,train,A3_logistics,train,A3_logistics,POS,POS,POS,0.9996
batch_137,94.7,94.7_c3,shipper thân thiện dễ mến,shipper thân thiện dễ mến,resplit_llm,POS,False,False,True,False,high,True,True,False,llm_extended,A1_product,none,product,False,none,A1_product,none,product,False,none,llm_extended,llm_extended,llm_extended,llm_extended,llm_extended,,batch_ext_036,train,A1_product,train,A1_product,POS,POS,POS,0.9998
batch_137,94.7,94.7_c4,đóng gói cẩn thận,đóng gói cẩn thận,resplit_llm,POS,False,False,True,False,high,True,True,False,llm_extended,A3_logistics,none,logistics,False,none,A3_logistics,none,logistics,False,none,llm_extended,llm_extended,llm_extended,llm_extended,llm_extended,,batch_ext_100,train,A3_logistics,train,A3_logistics,POS,POS,POS,0.9994
batch_137,94.7,94.7_c5,có thể thấy tâm huyết của người bán,có thể thấy tâm huyết của người bán,kept_43b,POS,False,False,True,False,high,True,True,False,llm_extended,A1_product,mild,product,False,softener,A1_product,mild,product,False,softener,llm_extended,llm_extended,llm_extended,llm_extended,llm_extended,,batch_ext_082,train,A1_product,train,A1_product,POS,POS,POS,0.6229
batch_137,94.7,94.7_c6,"hộp không bị móp méo, vận chuyển rất tốt","hộp không bị móp méo, vận chuyển rất tốt",kept_43b,POS,False,False,True,False,high,True,True,False,llm_extended,A3_logistics,moderate,product,False,none,A3_logistics,moderate,product,False,none,llm_extended,llm_extended,llm_extended,llm_extended,llm_extended,,batch_ext_095,train,A3_logistics,train,A3_logistics,POS,NEU,NEU,0.9933
batch_137,94.7,94.7_c7,thời gian giao hàng nhanh chóng,thời gian giao hàng nhanh chóng,kept_43b,POS,False,False,True,False,high,True,True,False,llm_extended,A3_logistics,none,logistics,False,none,A3_logistics,none,logistics,False,none,llm_extended,llm_extended,llm_extended,llm_extended,llm_extended,,batch_ext_081,train,A3_logistics,train,A3_logistics,POS,POS,POS,0.9997
batch_137,94.7,94.7_c8,tôi không phải chờ đợi quá lâu để nhận sản phẩm,tôi không phải chờ đợi quá lâu để nhận sản phẩm,kept_43b,POS,False,False,True,False,high,True,True,False,llm_extended,A1_product,moderate,product,False,none,A1_product,moderate,product,False,none,llm_extended,llm_extended,llm_extended,llm_extended,llm_extended,,batch_ext_114,train,A1_product,train,A1_product,POS,POS,POS,0.9982
batch_137,94.7,94.7_c9,chất lượng sản phẩm vượt mong đợi,chất lượng sản phẩm vượt mong đợi,kept_43b,POS,False,False,True,False,high,True,True,False,llm_extended,A1_product,none,product,False,wishful,A1_product,none,product,False,wishful,llm_extended,llm_extended,llm_extended,llm_extended,llm_extended,,batch_ext_110,train,A1_product,train,A1_product,POS,POS,POS,0.9996
batch_137,94.7,94.7_c10,tôi rất hài lòng với trải nghiệm mua hàng này,tôi rất hài lòng với trải nghiệm mua hàng này,kept_43b,POS,False,False,True,False,high,True,True,False,llm_extended,A1_product,none,product,False,none,A1_product,none,product,False,none,llm_extended,llm_extended,llm_extended,llm_extended,llm_extended,,batch_ext_085,train,A1_product,train,A1_product,POS,POS,POS,0.9995
batch_137,94.72,94.72_c1,bao bì mẫu mã:sang đẹp,bao bì mẫu mã:sang đẹp,resplit_llm,POS,False,False,True,False,high,True,True,False,llm_extended,A2_label,moderate,product,False,none,A2_label,moderate,product,False,none,llm_extended,llm_extended,llm_extended,llm_extended,llm_extended,,batch_ext_007,train,A2_label,train,A2_label,POS,POS,POS,0.9979
batch_137,94.72,94.72_c2,hương vị:thơm,hương vị:thơm,resplit_llm,POS,False,False,True,False,high,True,True,False,llm_extended,A1_product,none,product,False,none,A1_product,none,product,False,none,llm_extended,llm_extended,llm_extended,llm_extended,llm_extended,,batch_ext_114,train,A1_product,train,A1_product,POS,POS,POS,0.9917
batch_137,94.72,94.72_c3,shop gói kĩ và giao nhanh,shop gói kĩ và giao nhanh,kept_43b,POS,False,False,True,False,high,True,True,False,llm_extended,A3_logistics,none,logistics,False,none,A3_logistics,none,logistics,False,none,llm_extended,llm_extended,llm_extended,llm_extended,llm_extended,,batch_ext_004,train,A3_logistics,train,A3_logistics,POS,POS,POS,0.9996
batch_137,94.72,94.72_c4,bao bì đẹp,bao bì đẹp,kept_43b,POS,False,False,True,False,high,True,True,False,llm_extended,A2_label,moderate,product,False,none,A2_label,moderate,product,False,none,llm_extended,llm_extended,llm_extended,llm_extended,llm_extended,,batch_ext_089,train,A2_label,train,A2_label,POS,POS,POS,0.9995
batch_137,94.72,94.72_c5,hạt chia nở đều,hạt chia nở đều,kept_43b,POS,False,False,True,False,high,True,True,False,llm_extended,A1_product,none,product,False,none,A1_product,none,product,False,none,llm_extended,llm_extended,llm_extended,llm_extended,llm_extended,,batch_ext_091,train,A1_product,train,A1_product,POS,POS,POS,0.998
batch_137,94.72,94.72_c6,không cặn tạp chất,không cặn tạp chất,kept_43b,POS,False,False,True,False,high,True,True,False,llm_extended,A1_product,none,product,False,none,A1_product,none,product,False,none,llm_extended,llm_extended,llm_extended,llm_extended,llm_extended,,batch_ext_011,train,A1_product,train,A1_product,POS,POS,POS,0.999
batch_137,94.72,94.72_c7,mình sẽ mua nữa khi dùng hết,mình sẽ mua nữa khi dùng hết,kept_43b,POS,False,False,True,False,high,True,True,False,llm_extended,A1_product,none,product,False,none,A1_product,none,product,False,none,llm_extended,llm_extended,llm_extended,llm_extended,llm_extended,,batch_ext_055,train,A1_product,train,A1_product,POS,POS,POS,0.9989
batch_140,96.45,96.45_c1,hàng tặng kèm ăn được nhé,hàng tặng kèm ăn được nhé,resplit_llm,POS,False,False,True,False,high,False,True,False,llm_extended,A4_service,none,service,False,none,A4_service,none,service,False,none,llm_extended,llm_extended,llm_extended,llm_extended,llm_extended,,batch_ext_028,train,A4_service,train,A4_service,POS,POS,POS,0.9982
batch_141,99.3,99.3_c1,sản phẩm rất chất lượng,sản phẩm rất chất lượng,kept_43b,POS,False,False,True,False,high,True,True,False,llm_extended,A1_product,none,product,False,none,A1_product,none,product,False,none,llm_extended,llm_extended,llm_extended,llm_extended,llm_extended,,batch_ext_009,train,A1_product,train,A1_product,POS,POS,POS,0.9997
batch_141,99.3,99.3_c2,đáng giá với giá tiền,đáng giá với giá tiền,merged_llm,POS,False,False,True,False,high,True,True,True,human_gold_iaa,A5_price,none,value,False,none,A5_price,none,value,False,none,human_gold_iaa,human_gold_iaa,human_gold_iaa,human_gold_iaa,human_gold_iaa,,batch_ext_029,train,A5_price,train,A5_price,POS,POS,POS,0.9993
batch_141,99.3,99.3_c3,giao hàng nhanh chóng,giao hàng nhanh chóng,resplit_llm,POS,False,False,True,False,high,True,True,False,llm_extended,A3_logistics,none,logistics,False,none,A3_logistics,none,logistics,False,none,llm_extended,llm_extended,llm_extended,llm_extended,llm_extended,,batch_ext_096,train,A3_logistics,train,A3_logistics,POS,POS,POS,0.9996
batch_141,99.3,99.3_c4,và đóng gói sản phẩm cẩn thận,và đóng gói sản phẩm cẩn thận,resplit_llm,POS,False,False,True,False,high,True,True,False,llm_extended,A3_logistics,none,logistics,False,none,A3_logistics,none,logistics,False,none,llm_extended,llm_extended,llm_extended,llm_extended,llm_extended,,batch_ext_086,train,A3_logistics,train,A3_logistics,POS,POS,POS,0.9992
batch_141,99.3,99.3_c8,dịch vụ khách hàng rất tốt,dịch vụ khách hàng rất tốt,kept_43b,POS,False,False,True,False,high,True,True,True,human_gold_iaa_override,A1_product,none,product,False,none,A4_service,none,service,False,none,human_gold_iaa,human_gold_iaa,human_gold_iaa,human_gold_iaa,human_gold_iaa,,batch_ext_071,train,A4_service,train,A4_service,POS,POS,POS,0.9994
batch_141,99.3,99.3_c9,shop hỗ trợ nhiệt tình,shop hỗ trợ nhiệt tình,kept_43b,POS,False,False,True,False,high,True,True,False,llm_extended,A4_service,none,service,False,none,A4_service,none,service,False,none,llm_extended,llm_extended,llm_extended,llm_extended,llm_extended,,batch_ext_027,train,A4_service,train,A4_service,POS,POS,POS,0.9997
batch_141,99.3,99.3_c12,không bị hỏng hóc,không bị hỏng hóc,kept_43b,POS,False,False,True,False,high,True,True,True,human_gold_iaa,A1_product,strong,product,False,none,A1_product,strong,product,False,none,human_gold_iaa,human_gold_iaa,human_gold_iaa,human_gold_iaa,human_gold_iaa,,batch_ext_007,train,A1_product,train,A1_product,POS,POS,POS,0.9345
batch_066_cb_part2,6.2004,6.2004_c1,"hương vị:ok từ ngày 09 3 2026 đến ngày 11 3 2026 thứ tư , buổi sáng 08g00 - 11g00 và buối chiều 13g30 16g30 , lớp trưởng nhận giấy giới thiệu thực tập tại phòng đào tạo đại học phòng a.102, cơ sở nguyễn tất thành cho những sinh viên đã đăng ký trước ngày 30 01 2026 theo kế hoạch và sau đó phát ngay :ho sinh viên lớp mình để liên hệ nơi thực tập theo nguyện vọng đã đăng ký",,kept_43b,POS,False,False,True,False,medium,True,True,False,llm_extended,A1_product,mild,product,False,none,A1_product,mild,product,False,none,llm_extended,llm_extended,llm_extended,llm_extended,llm_extended,,batch_ext_028,train,A1_product,train,A1_product,POS,POS,POS,0.9195
batch_066_cb_part2,6.2004,6.2004_c2,2.3.2. cách thức đăng ký:,,kept_43b,POS,False,False,True,False,medium,True,True,False,llm_extended,A1_product,none,product,False,none,A1_product,none,product,False,none,llm_extended,llm_extended,llm_extended,llm_extended,llm_extended,,batch_ext_015,train,A1_product,train,A1_product,POS,POS,POS,0.9195
batch_121_cb_part1,86.69,86.69_c1,"hương vị:ngon bao bì mẫu mã:ok thấy bánh quy là thấy tết lưỡi mèo vani :75k hộp 200gr lưỡi mèo scl :80k hộp 200gr bơ choco hạt điều phủ hạnh nhân:75k hộp 200gr quy cà phê :75k hộp 200gr bánh dừa sấy:75k hộp 100gr bánh thuyền hạnh nhân:60k hộp 100gr bông lan kem tuyết : 55k lime cheese cake:70k lemon cheese cake : 70k tira classic:80k tira matcha :80k bánh cà rốt:50k bánh chuối :40k brownie: kèm kem mặn 65k bánh mì bơ tỏi creamcheese 45k ngoài ra bên tiệm vẫn có cả menu đồ uống: cacao, matcha haru, cà phê trung nguyên, hojicha cho các mom thử nha 751 ngô gia tự, long biên, hà nội sốp bán onl nhà có biển đồ gỗ minh thể [PHONE]",,kept_43b,POS,False,False,True,False,medium,True,True,False,llm_extended,A5_price,moderate,value,False,none,A5_price,moderate,value,False,none,llm_extended,llm_extended,llm_extended,llm_extended,llm_extended,,batch_ext_025,train,A5_price,train,A5_price,POS,POS,POS,0.9195
batch_047,45.1871,45.1871_c6,ngoài ra ăn trái táo loại to và nhỏ mới mua thì giống y chang nhau: ngọt,,kept_43b,POS,False,False,True,False,high,True,True,False,llm_extended,A1_product,none,product,False,none,A1_product,none,product,False,none,llm_extended,llm_extended,llm_extended,llm_extended,llm_extended,,batch_ext_051,train,A1_product,train,A1_product,POS,POS,POS,0.9195
batch_047,45.1871,45.1871_c8,nên mình không hài lòng lắm,,kept_43b,NEG,False,False,True,False,high,True,True,False,llm_extended,A1_product,moderate,product,False,wishful,A1_product,moderate,product,False,wishful,llm_extended,llm_extended,llm_extended,llm_extended,llm_extended,,batch_ext_014,train,A1_product,train,A1_product,NEG,POS,POS,0.9195
batch_047,45.1871,45.1871_c9,nhưng để ăn vặt thì vẫn ok,,kept_43b,POS,False,False,True,False,high,True,True,False,llm_extended,A1_product,mild,product,False,none,A1_product,mild,product,False,none,llm_extended,llm_extended,llm_extended,llm_extended,llm_extended,,batch_ext_053,train,A1_product,train,A1_product,POS,POS,POS,0.9195
batch_049,47.104,47.104_c5,nhưng vẫn không ảnh hưởng tới những quả khác,,kept_43b,POS,False,False,True,False,high,True,True,False,llm_extended,A1_product,mild,product,False,none,A1_product,mild,product,False,none,llm_extended,llm_extended,llm_extended,llm_extended,llm_extended,,batch_ext_099,train,A1_product,train,A1_product,POS,POS,POS,0.9195
batch_052,47.618,47.618_c10,bịch này mình đếm được 88 quả,,kept_43b,NEU,False,False,True,False,high,True,True,False,llm_extended,A1_product,none,none,False,none,A1_product,none,none,False,none,llm_extended,llm_extended,llm_extended,llm_extended,llm_extended,,batch_ext_026,train,A1_product,train,A1_product,NEU,POS,POS,0.9195
batch_141,99.372,99.372_c10,gạo mix này nấu cháo cũng ngon lắm mn,,kept_43b,POS,False,False,True,False,high,True,True,False,llm_extended,A1_product,moderate,product,False,softener,A1_product,moderate,product,False,softener,llm_extended,llm_extended,llm_extended,llm_extended,llm_extended,,batch_ext_067,train,A1_product,train,A1_product,POS,POS,POS,0.9195
batch_141,99.372,99.372_c14,cháo thơm béo bùi,,resplit_llm,POS,False,False,True,False,high,True,True,False,llm_extended,A1_product,none,product,False,none,A1_product,none,product,False,none,llm_extended,llm_extended,llm_extended,llm_extended,llm_extended,,batch_ext_036,train,A1_product,train,A1_product,POS,POS,POS,0.9195
batch_003,10.137,10.137_c1,sản phẩm oki,sản phẩm oki,kept_43b,POS,False,False,True,False,high,False,True,False,llm_extended,A1_product,none,product,False,none,A1_product,none,product,False,none,llm_extended,llm_extended,llm_extended,llm_extended,llm_extended,,batch_ext_070,val,A1_product,val,A1_product,POS,POS,POS,0.9898
batch_006,105.923,105.923_c1,okee lắm,okee lắm,resplit_llm,POS,False,False,True,False,high,False,True,False,llm_extended,A1_product,none,product,False,none,A1_product,none,product,False,none,llm_extended,llm_extended,llm_extended,llm_extended,llm_extended,,batch_ext_050,val,A1_product,val,A1_product,POS,POS,POS,0.9995
batch_006,105.923,105.923_c2,dùng cũng được,dùng cũng được,resplit_llm,POS,False,False,True,False,high,False,True,False,llm_extended,A1_product,moderate,product,False,softener,A1_product,moderate,product,False,softener,llm_extended,llm_extended,llm_extended,llm_extended,llm_extended,,batch_ext_058,val,A1_product,val,A1_product,POS,POS,POS,0.998
batch_008,110.146,110.146_c1,gói hàng cẩn thận,gói hàng cẩn thận,kept_43b,POS,False,False,True,False,high,False,True,False,llm_extended,A3_logistics,none,logistics,False,none,A3_logistics,none,logistics,False,none,llm_extended,llm_extended,llm_extended,llm_extended,llm_extended,,batch_ext_079,val,A3_logistics,val,A3_logistics,POS,POS,POS,0.9996
batch_008,112.503,112.503_c1,ăn được,ăn được,kept_43b,POS,False,False,True,False,high,False,True,True,human_gold_iaa,A1_product,none,product,False,none,A1_product,none,product,False,none,human_gold_iaa,human_gold_iaa,human_gold_iaa,human_gold_iaa,human_gold_iaa,,batch_ext_044,val,A1_product,val,A1_product,POS,NEU,NEU,0.5711
batch_009,114.29,114.29_c2,sản phẩm sử dụng được,sản phẩm sử dụng được,resplit_llm,POS,False,False,True,False,high,False,True,False,llm_extended,A1_product,none,product,False,none,A1_product,none,product,False,none,llm_extended,llm_extended,llm_extended,llm_extended,llm_extended,,batch_ext_060,val,A2_label,val,A1_product,POS,POS,POS,0.9985
batch_009,114.29,114.29_c3,lần sau sẽ ủng hộ thêm,lần sau sẽ ủng hộ thêm,resplit_llm,POS,False,False,True,False,high,False,True,False,llm_extended,A1_product,none,product,False,wishful,A1_product,none,product,False,wishful,llm_extended,llm_extended,llm_extended,llm_extended,llm_extended,,batch_ext_006,val,A1_product,val,A1_product,POS,POS,POS,0.9996
batch_009,116.48,116.48_c1,hương vị:mình sẽ mua tiếp,hương vị:mình sẽ mua tiếp,kept_43b,POS,False,False,True,False,high,False,True,False,llm_extended,A1_product,none,product,False,wishful,A1_product,none,product,False,wishful,llm_extended,llm_extended,llm_extended,llm_extended,llm_extended,,batch_ext_097,val,A1_product,val,A1_product,POS,POS,POS,0.9981
batch_009,12.1285,12.1285_c1,bao bì mẫu mã:mới,bao bì mẫu mã:mới,resplit_llm,POS,False,False,True,False,high,True,True,False,llm_extended,A2_label,moderate,product,False,none,A2_label,moderate,product,False,none,llm_extended,llm_extended,llm_extended,llm_extended,llm_extended,,batch_ext_115,val,A2_label,val,A2_label,POS,POS,POS,0.9672
batch_009,12.1285,12.1285_c2,hương vị:ok nha,hương vị:ok nha,resplit_llm,POS,False,False,True,False,high,True,True,False,llm_extended,A1_product,none,product,False,none,A1_product,none,product,False,none,llm_extended,llm_extended,llm_extended,llm_extended,llm_extended,,batch_ext_072,val,A1_product,val,A1_product,POS,POS,POS,0.9992
batch_009,12.1285,12.1285_c6,sản phẩm chất lượng,sản phẩm chất lượng,kept_43b,POS,False,False,True,False,high,True,True,False,llm_extended,A1_product,none,product,False,none,A1_product,none,product,False,none,llm_extended,llm_extended,llm_extended,llm_extended,llm_extended,,batch_ext_005,val,A1_product,val,A1_product,POS,POS,POS,0.9997
batch_009,12.1285,12.1285_c7,giá cả phải chăng hơn mấy shop kia,giá cả phải chăng hơn mấy shop kia,kept_43b,POS,False,False,True,False,high,True,True,False,llm_extended,A5_price,none,value,False,none,A5_price,none,value,False,none,llm_extended,llm_extended,llm_extended,llm_extended,llm_extended,,batch_ext_102,val,A5_price,val,A5_price,POS,POS,POS,0.9996
batch_010,12.7,12.7_c2,shop ép chân không rất đẹp và đúng số kg,shop ép chân không rất đẹp và đúng số kg,merged_llm,POS,False,False,True,False,high,True,True,False,llm_extended,A4_service,none,service,False,none,A4_service,none,service,False,none,llm_extended,llm_extended,llm_extended,llm_extended,llm_extended,,batch_ext_030,val,A4_service,val,A4_service,POS,NEU,NEU,0.9996
batch_010,12.7,12.7_c3,giao thùng hàng đóng gói cẩn thận,giao thùng hàng đóng gói cẩn thận,kept_43b,POS,False,False,True,False,high,True,True,True,human_gold_iaa,A3_logistics,none,logistics,False,none,A3_logistics,none,logistics,False,none,human_gold_iaa,human_gold_iaa,human_gold_iaa,human_gold_iaa,human_gold_iaa,,batch_ext_054,val,A3_logistics,val,A3_logistics,POS,POS,POS,0.9961
batch_010,12.7,12.7_c4,"quá nhiều màu sắc của gạo, rất đẹp, qua đây em thấy đặc sản điện biên rất phong phú","quá nhiều màu sắc của gạo, rất đẹp, qua đây em thấy đặc sản điện biên rất phong phú",kept_43b,POS,False,False,True,False,high,True,True,False,llm_extended,A1_product,none,product,False,none,A1_product,none,product,False,none,llm_extended,llm_extended,llm_extended,llm_extended,llm_extended,,batch_ext_100,val,A1_product,val,A1_product,POS,POS,POS,0.9987
batch_010,12.7,12.7_c5,shop bán hàng rất đa dạng,shop bán hàng rất đa dạng,kept_43b,POS,False,False,True,False,high,True,True,False,llm_extended,A4_service,none,service,False,none,A4_service,none,service,False,none,llm_extended,llm_extended,llm_extended,llm_extended,llm_extended,,batch_ext_037,val,A4_service,val,A4_service,POS,POS,POS,0.9996
batch_010,12.7,12.7_c6,chất lượng uy tín,chất lượng uy tín,kept_43b,POS,False,False,True,False,high,True,True,False,llm_extended,A1_product,none,product,False,none,A1_product,none,product,False,none,llm_extended,llm_extended,llm_extended,llm_extended,llm_extended,,batch_ext_049,val,A1_product,val,A1_product,POS,POS,POS,0.9994
batch_011,12.635,12.635_c2,gạo lúc ship tới có 1 gói không được hút chân không nhé shop,gạo lúc ship tới có 1 gói không được hút chân không nhé shop,merged_llm,NEG,False,False,True,False,high,True,True,False,llm_extended,A3_logistics,moderate,none,False,none,A3_logistics,moderate,none,False,none,llm_extended,llm_extended,llm_extended,llm_extended,llm_extended,,batch_ext_029,val,A3_logistics,val,A3_logistics,NEG,NEG,NEG,0.9851
batch_011,12.635,12.635_c4,ship đầy đủ,ship đầy đủ,kept_43b,POS,False,False,True,False,high,True,True,False,llm_extended,A3_logistics,none,product,False,none,A3_logistics,none,product,False,none,llm_extended,llm_extended,llm_extended,llm_extended,llm_extended,,batch_ext_080,val,A3_logistics,val,A3_logistics,POS,POS,POS,0.999
batch_011,12.635,12.635_c5,gạo đen thì có bao bì riêng,gạo đen thì có bao bì riêng,kept_43b,NEU,False,False,True,False,high,True,True,False,llm_extended,A2_label,moderate,none,False,none,A2_label,moderate,none,False,none,llm_extended,llm_extended,llm_extended,llm_extended,llm_extended,,batch_ext_028,val,A2_label,val,A2_label,NEU,NEU,NEU,0.5359
batch_011,12.635,12.635_c6,gạo rồng thì đóng bịch nilon rồi dán tem thui ạ,gạo rồng thì đóng bịch nilon rồi dán tem thui ạ,resplit_llm,NEU,False,False,True,False,high,True,True,False,llm_extended,A2_label,none,none,False,none,A2_label,none,none,False,none,llm_extended,llm_extended,llm_extended,llm_extended,llm_extended,,batch_ext_074,val,A2_label,val,A2_label,NEU,NEU,NEU,0.6501
batch_011,12.635,12.635_c7,mình mua gạo của shop lần trước rồi thấy nấu nhanh,mình mua gạo của shop lần trước rồi thấy nấu nhanh,merged_llm,POS,False,False,True,False,high,True,True,False,llm_extended,A4_service,none,service,False,none,A4_service,none,service,False,none,llm_extended,llm_extended,llm_extended,llm_extended,llm_extended,,batch_ext_104,val,A4_service,val,A4_service,POS,POS,POS,0.9997
batch_011,12.635,12.635_c8,không cần gâm,không cần gâm,kept_43b,POS,False,False,True,False,high,True,True,False,llm_extended,A1_product,none,product,False,none,A1_product,none,product,False,none,llm_extended,llm_extended,llm_extended,llm_extended,llm_extended,,batch_ext_068,val,A1_product,val,A1_product,POS,NEU,NEU,0.8477
batch_011,12.635,12.635_c9,cho xâm xấp 1 đốt ngón tay là nấu ngon rồi,cho xâm xấp 1 đốt ngón tay là nấu ngon rồi,kept_43b,POS,False,False,True,False,high,True,True,False,llm_extended,A1_product,none,product,False,none,A1_product,none,product,False,none,llm_extended,llm_extended,llm_extended,llm_extended,llm_extended,,batch_ext_038,val,A1_product,val,A1_product,POS,POS,POS,0.9855
batch_011,12.635,12.635_c10,không thấy gạo bị hôi hay mối mọt gì cả,không thấy gạo bị hôi hay mối mọt gì cả,kept_43b,POS,False,False,True,False,high,True,True,False,llm_extended,A1_product,moderate,product,False,softener,A1_product,moderate,product,False,softener,llm_extended,llm_extended,llm_extended,llm_extended,llm_extended,,batch_ext_019,val,A1_product,val,A1_product,POS,NEG,NEG,0.9533
batch_011,12.635,12.635_c11,nên mua vì giá thành so vs mặt bằng mình thấy cũng rẻ,nên mua vì giá thành so vs mặt bằng mình thấy cũng rẻ,kept_43b,POS,False,False,True,False,high,True,True,False,llm_extended,A5_price,moderate,value,False,wishful,A5_price,moderate,value,False,wishful,llm_extended,llm_extended,llm_extended,llm_extended,llm_extended,,batch_ext_024,val,A5_price,val,A5_price,POS,POS,POS,0.9994
batch_011,12.701,12.701_c2,đủ số lượng,đủ số lượng,resplit_llm,POS,False,False,True,False,high,False,True,False,llm_extended,A1_product,none,product,False,none,A1_product,none,product,False,none,llm_extended,llm_extended,llm_extended,llm_extended,llm_extended,,batch_ext_046,val,A1_product,val,A1_product,POS,POS,POS,0.999
batch_011,12.701,12.701_c3,đúng sản phẩm,đúng sản phẩm,resplit_llm,POS,False,False,True,False,high,False,True,False,llm_extended,A1_product,none,product,False,none,A1_product,none,product,False,none,llm_extended,llm_extended,llm_extended,llm_extended,llm_extended,,batch_ext_023,val,A1_product,val,A1_product,POS,POS,POS,0.9992
batch_011,12.701,12.701_c4,shipper vui vẻ,shipper vui vẻ,resplit_llm,POS,False,False,True,False,high,False,True,True,human_gold_iaa_override,A1_product,none,product,False,none,A3_logistics,none,logistics,False,none,human_gold_iaa,human_gold_iaa,human_gold_iaa,human_gold_iaa,human_gold_iaa,,batch_ext_040,val,A1_product,val,A3_logistics,POS,POS,POS,0.9997
batch_013,14.1285,14.1285_c1,bao bì mẫu mã:mới,bao bì mẫu mã:mới,resplit_llm,POS,False,False,True,False,high,True,True,False,llm_extended,A2_label,moderate,product,False,none,A2_label,moderate,product,False,none,llm_extended,llm_extended,llm_extended,llm_extended,llm_extended,,batch_ext_105,val,A2_label,val,A2_label,POS,POS,POS,0.9672
batch_013,14.1285,14.1285_c2,hương vị:ok nha,hương vị:ok nha,resplit_llm,POS,False,False,True,False,high,True,True,False,llm_extended,A1_product,none,product,False,none,A1_product,none,product,False,none,llm_extended,llm_extended,llm_extended,llm_extended,llm_extended,,batch_ext_069,val,A1_product,val,A1_product,POS,POS,POS,0.9992
batch_013,14.1285,14.1285_c3,đây là một trong những shop yêu thích của mình nhé các bạn,đây là một trong những shop yêu thích của mình nhé các bạn,merged_llm,POS,False,False,True,False,high,True,True,False,llm_extended,A4_service,mild,service,False,none,A4_service,mild,service,False,none,llm_extended,llm_extended,llm_extended,llm_extended,llm_extended,,batch_ext_109,val,A4_service,val,A4_service,POS,POS,POS,0.9998
batch_013,14.1285,14.1285_c5,nhận hàng về ưng lắm luôn,nhận hàng về ưng lắm luôn,kept_43b,POS,False,False,True,False,high,True,True,False,llm_extended,A3_logistics,none,product,False,none,A3_logistics,none,product,False,none,llm_extended,llm_extended,llm_extended,llm_extended,llm_extended,,batch_ext_062,val,A3_logistics,val,A3_logistics,POS,POS,POS,0.9997
batch_013,14.1285,14.1285_c6,sản phẩm chất lượng,sản phẩm chất lượng,kept_43b,POS,False,False,True,False,high,True,True,False,llm_extended,A1_product,none,product,False,none,A1_product,none,product,False,none,llm_extended,llm_extended,llm_extended,llm_extended,llm_extended,,batch_ext_058,val,A1_product,val,A1_product,POS,POS,POS,0.9997
batch_013,14.1285,14.1285_c7,giá cả phải chăng hơn mấy shop kia,giá cả phải chăng hơn mấy shop kia,kept_43b,POS,False,False,True,False,high,True,True,False,llm_extended,A5_price,none,value,False,none,A5_price,none,value,False,none,llm_extended,llm_extended,llm_extended,llm_extended,llm_extended,,batch_ext_009,val,A5_price,val,A5_price,POS,POS,POS,0.9996
batch_022,20.944,20.944_c1,đã nhận đủ hàng,đã nhận đủ hàng,resplit_llm,POS,False,False,True,False,high,False,True,False,llm_extended,A1_product,none,product,False,none,A1_product,none,product,False,none,llm_extended,llm_extended,llm_extended,llm_extended,llm_extended,,batch_ext_026,val,A3_logistics,val,A1_product,POS,POS,POS,0.9995
batch_023,21.429,21.429_c1,hương vị:cũng oke,hương vị:cũng oke,resplit_llm,POS,False,False,True,False,high,False,True,False,llm_extended,A1_product,moderate,product,False,softener,A1_product,moderate,product,False,softener,llm_extended,llm_extended,llm_extended,llm_extended,llm_extended,,batch_ext_111,val,A1_product,val,A1_product,POS,POS,POS,0.9975
batch_027,24.2944,24.2944_c2,đống gói cẩn thận,đống gói cẩn thận,resplit_llm,POS,False,False,True,False,high,False,True,False,llm_extended,A3_logistics,none,logistics,False,none,A3_logistics,none,logistics,False,none,llm_extended,llm_extended,llm_extended,llm_extended,llm_extended,,batch_ext_108,val,A3_logistics,val,A3_logistics,POS,POS,POS,0.9995
batch_027,24.2944,24.2944_c3,chuẩn bị hanhgf nhanh,chuẩn bị hanhgf nhanh,resplit_llm,POS,False,False,True,False,high,False,True,False,llm_extended,A1_product,moderate,product,False,none,A1_product,moderate,product,False,none,llm_extended,llm_extended,llm_extended,llm_extended,llm_extended,,batch_ext_072,val,A3_logistics,val,A1_product,POS,POS,POS,0.9995
batch_027,24.579,24.579_c1,đóng gói chắc chắn,đóng gói chắc chắn,kept_43b,POS,False,False,True,False,high,False,True,False,llm_extended,A3_logistics,none,logistics,False,softener,A3_logistics,none,logistics,False,softener,llm_extended,llm_extended,llm_extended,llm_extended,llm_extended,,batch_ext_029,val,A3_logistics,val,A3_logistics,POS,POS,POS,0.9991
batch_027,24.579,24.579_c2,giao hàng ok,giao hàng ok,kept_43b,POS,False,False,True,False,high,False,True,True,human_gold_iaa_override,A3_logistics,none,product,False,none,A3_logistics,none,logistics,False,none,human_gold_iaa,human_gold_iaa,human_gold_iaa,human_gold_iaa,human_gold_iaa,,batch_ext_100,val,A3_logistics,val,A3_logistics,POS,POS,POS,0.9997
batch_027,24.579,24.579_c3,nhìn bao bì rất đẹp và bắt mắt,nhìn bao bì rất đẹp và bắt mắt,kept_43b,POS,False,False,True,False,high,False,True,False,llm_extended,A2_label,moderate,product,False,none,A2_label,moderate,product,False,none,llm_extended,llm_extended,llm_extended,llm_extended,llm_extended,,batch_ext_070,val,A2_label,val,A2_label,POS,POS,POS,0.9995
batch_027,24.579,24.579_c4,mỗi cái là không in ngày sản xuất và hạn sử dụng,mỗi cái là không in ngày sản xuất và hạn sử dụng,kept_43b,NEG,False,False,True,False,high,False,True,False,llm_extended,A2_label,moderate,none,False,none,A2_label,moderate,none,False,none,llm_extended,llm_extended,llm_extended,llm_extended,llm_extended,,batch_ext_071,val,A2_label,val,A2_label,NEG,NEU,NEU,0.9994
batch_027,24.579,24.579_c5,đã ib cho shop và được giải đáp nhanh chóng,đã ib cho shop và được giải đáp nhanh chóng,kept_43b,POS,False,False,True,False,high,False,True,False,llm_extended,A4_service,none,service,False,none,A4_service,none,service,False,none,llm_extended,llm_extended,llm_extended,llm_extended,llm_extended,,batch_ext_014,val,A4_service,val,A4_service,POS,POS,POS,0.9995
batch_027,24.579,24.579_c6,rất lịch sự mình rất thích,rất lịch sự mình rất thích,kept_43b,POS,False,False,True,False,high,False,True,False,llm_extended,A1_product,none,product,False,none,A1_product,none,product,False,none,llm_extended,llm_extended,llm_extended,llm_extended,llm_extended,,batch_ext_106,val,A1_product,val,A1_product,POS,POS,POS,0.9997
batch_027,24.579,24.579_c8,có cả thư cảm ơn dễ thương ghê gớm ý,có cả thư cảm ơn dễ thương ghê gớm ý,merged_llm,POS,False,False,True,False,high,False,True,True,human_gold_iaa,A4_service,none,service,False,none,A4_service,none,service,False,none,human_gold_iaa,human_gold_iaa,human_gold_iaa,human_gold_iaa,human_gold_iaa,,batch_ext_026,val,A1_product,val,A4_service,POS,POS,POS,0.9998
batch_031,27.492,27.492_c1,bao bì không cẩn thận,bao bì không cẩn thận,kept_43b,NEG,False,False,True,False,high,False,True,False,llm_extended,A2_label,moderate,none,False,none,A2_label,moderate,none,False,none,llm_extended,llm_extended,llm_extended,llm_extended,llm_extended,,batch_ext_016,val,A2_label,val,A2_label,NEG,NEG,NEG,0.999
batch_031,27.492,27.492_c2,có túi hạt dán tem tên hạt có túi thì ko,có túi hạt dán tem tên hạt có túi thì ko,merged_llm,NEG,False,False,True,False,high,False,True,False,llm_extended,A2_label,moderate,none,False,none,A2_label,moderate,none,False,none,llm_extended,llm_extended,llm_extended,llm_extended,llm_extended,,batch_ext_111,val,A2_label,val,A2_label,NEG,NEG,NEG,0.9934
batch_031,27.492,27.492_c3,không phải tự ghi tên hạt lên túi,không phải tự ghi tên hạt lên túi,kept_43b,NEG,False,False,True,False,high,False,True,False,llm_extended,A1_product,moderate,none,False,none,A1_product,moderate,none,False,none,llm_extended,llm_extended,llm_extended,llm_extended,llm_extended,,batch_ext_033,val,A1_product,val,A1_product,NEG,NEU,NEU,0.9344
batch_031,27.492,27.492_c4,giá mềm hơn bên onfod,giá mềm hơn bên onfod,kept_43b,POS,False,False,True,False,high,False,True,False,llm_extended,A5_price,none,value,False,none,A5_price,none,value,False,none,llm_extended,llm_extended,llm_extended,llm_extended,llm_extended,,batch_ext_038,val,A5_price,val,A5_price,POS,NEU,NEU,0.9953
batch_031,27.492,27.492_c5,nhưng cách đóng gói nhìn đã thấy sự khác biệt,nhưng cách đóng gói nhìn đã thấy sự khác biệt,kept_43b,NEG,False,False,True,False,high,False,True,False,llm_extended,A3_logistics,moderate,none,False,none,A3_logistics,moderate,none,False,none,llm_extended,llm_extended,llm_extended,llm_extended,llm_extended,,batch_ext_019,val,A3_logistics,val,A3_logistics,NEG,POS,POS,0.9953
batch_031,27.492,27.492_c6,chưa biết chất lượng hạt khác nhau không,chưa biết chất lượng hạt khác nhau không,kept_43b,NEU,False,False,True,False,high,False,True,False,llm_extended,A1_product,mild,product,False,none,A1_product,mild,product,False,none,llm_extended,llm_extended,llm_extended,llm_extended,llm_extended,,batch_ext_038,val,A1_product,val,A1_product,NEU,NEG,NEG,0.5086
batch_031,27.492,27.492_c7,nhưng bên kia chỉn chu hơn nhiều khách mua cũng yên tâm hơn,nhưng bên kia chỉn chu hơn nhiều khách mua cũng yên tâm hơn,merged_llm,NEG,False,False,True,False,high,False,True,False,llm_extended,A1_product,moderate,none,False,softener,A1_product,moderate,none,False,softener,llm_extended,llm_extended,llm_extended,llm_extended,llm_extended,,batch_ext_028,val,A4_service,val,A1_product,NEG,POS,POS,0.5152
batch_035,28.1642,28.1642_c1,nhiều dinh dưỡng,nhiều dinh dưỡng,resplit_llm,POS,False,False,True,False,high,False,True,False,llm_extended,A1_product,none,product,False,none,A1_product,none,product,False,none,llm_extended,llm_extended,llm_extended,llm_extended,llm_extended,,batch_ext_078,val,A1_product,val,A1_product,POS,POS,POS,0.9972
batch_035,28.1642,28.1642_c2,dễ ăn,dễ ăn,resplit_llm,POS,False,False,True,False,high,False,True,False,llm_extended,A1_product,none,product,False,none,A1_product,none,product,False,none,llm_extended,llm_extended,llm_extended,llm_extended,llm_extended,,batch_ext_045,val,A1_product,val,A1_product,POS,POS,POS,0.9989
batch_035,28.1642,28.1642_c3,em bè cũng có thể sử dụng được nhé,em bè cũng có thể sử dụng được nhé,resplit_llm,POS,False,False,True,False,high,False,True,True,human_gold_iaa,A1_product,strong,product,False,softener,A1_product,strong,product,False,softener,human_gold_iaa,human_gold_iaa,human_gold_iaa,human_gold_iaa,human_gold_iaa,,batch_ext_113,val,A1_product,val,A1_product,POS,POS,POS,0.8683
batch_039,28.926,28.926_c2,đã mua lại nhiều lần aa,đã mua lại nhiều lần aa,resplit_llm,POS,False,False,True,False,high,False,True,True,human_gold_iaa,A1_product,none,product,False,none,A1_product,none,product,False,none,human_gold_iaa,human_gold_iaa,human_gold_iaa,human_gold_iaa,human_gold_iaa,,batch_ext_082,val,A1_product,val,A1_product,POS,POS,POS,0.9994
batch_041,33.298,33.298_c1,cũng được nha mọi người ơii,cũng được nha mọi người ơii,resplit_llm,POS,False,False,True,False,high,False,True,False,llm_extended,A1_product,moderate,product,False,softener,A1_product,moderate,product,False,softener,llm_extended,llm_extended,llm_extended,llm_extended,llm_extended,,batch_ext_044,val,A1_product,val,A1_product,POS,POS,POS,0.9993
batch_041,33.298,33.298_c2,tiền nào của nấy thôi nè hehe,tiền nào của nấy thôi nè hehe,resplit_llm,NEU,False,False,True,False,high,False,True,False,llm_extended,A5_price,none,none,False,none,A5_price,none,none,False,none,llm_extended,llm_extended,llm_extended,llm_extended,llm_extended,,batch_ext_012,val,A5_price,val,A5_price,NEU,NEU,NEU,0.9941
batch_041,34.15,34.15_c1,hương vị:loại này là loại yến mạch cán mỏng cán nát nha các bạn,hương vị:loại này là loại yến mạch cán mỏng cán nát nha các bạn,kept_43b,NEU,False,False,True,False,medium,True,True,False,llm_extended,A1_product,none,none,False,wishful,A1_product,none,none,False,wishful,llm_extended,llm_extended,llm_extended,llm_extended,llm_extended,,batch_ext_040,val,A1_product,val,A1_product,NEU,NEU,NEU,0.8789
batch_041,34.15,34.15_c3,bao ngon,bao ngon,resplit_llm,POS,False,False,True,False,medium,True,True,False,llm_extended,A1_product,none,product,False,none,A1_product,none,product,False,none,llm_extended,llm_extended,llm_extended,llm_extended,llm_extended,,batch_ext_001,val,A2_label,val,A1_product,POS,POS,POS,0.9995
batch_041,34.15,34.15_c4,mình rất yên tâm khi mua ở shop này,mình rất yên tâm khi mua ở shop này,kept_43b,POS,False,False,True,False,medium,True,True,False,llm_extended,A4_service,mild,service,False,softener,A4_service,mild,service,False,softener,llm_extended,llm_extended,llm_extended,llm_extended,llm_extended,,batch_ext_091,val,A4_service,val,A4_service,POS,POS,POS,0.9995
batch_041,34.15,34.15_c6,nhưng vì sức khỏe mình vẫn mua hàng hữu cơ từ shop,nhưng vì sức khỏe mình vẫn mua hàng hữu cơ từ shop,kept_43b,POS,False,False,True,False,medium,True,True,True,human_gold_iaa_override,A4_service,mild,service,True,none,A2_label,mild,product,True,none,human_gold_iaa,human_gold_iaa,human_gold_iaa,human_gold_iaa,human_gold_iaa,,batch_ext_012,val,A2_label,val,A2_label,POS,NEU,NEU,0.6975
batch_041,34.15,34.15_c7,"đợt này mình mua 2 gói, tính ra là 71k 500g","đợt này mình mua 2 gói, tính ra là 71k 500g",merged_llm,NEU,False,False,True,False,medium,True,True,True,human_gold_iaa,A5_price,none,none,False,none,A5_price,none,none,False,none,human_gold_iaa,human_gold_iaa,human_gold_iaa,human_gold_iaa,human_gold_iaa,,batch_ext_011,val,A1_product,val,A5_price,NEU,NEU,NEU,0.8324
batch_041,34.15,34.15_c9,bao bì mẫu mã:mình check mã vạch thì đúng là hàng nhập 100 hữu cơ,bao bì mẫu mã:mình check mã vạch thì đúng là hàng nhập 100 hữu cơ,resplit_llm,POS,False,False,True,False,medium,True,True,True,human_gold_iaa,A2_label,moderate,product,True,none,A2_label,moderate,product,True,none,human_gold_iaa,human_gold_iaa,human_gold_iaa,human_gold_iaa,human_gold_iaa,,batch_ext_044,val,A2_label,val,A2_label,POS,POS,POS,0.9185
batch_041,34.15,34.15_c10,"hsd : aug2024, date xa nha các bạn","hsd : aug2024, date xa nha các bạn",kept_43b,POS,False,False,True,False,medium,True,True,False,llm_extended,A2_label,none,product,False,none,A2_label,none,product,False,none,llm_extended,llm_extended,llm_extended,llm_extended,llm_extended,,batch_ext_022,val,A2_label,val,A2_label,POS,POS,POS,0.9992
batch_041,34.15,34.15_c12,thiệp cảm ơn của shop đẹp lắm,thiệp cảm ơn của shop đẹp lắm,kept_43b,POS,False,False,True,False,medium,True,True,False,llm_extended,A4_service,none,service,False,none,A4_service,none,service,False,none,llm_extended,llm_extended,llm_extended,llm_extended,llm_extended,,batch_ext_088,val,A4_service,val,A4_service,POS,POS,POS,0.9998
batch_048,45.47,45.47_c1,táo thơm mùi tự nhiên,táo thơm mùi tự nhiên,resplit_llm,POS,False,False,True,False,high,True,True,True,human_gold_iaa_override,A1_product,none,product,True,none,A1_product,none,product,False,none,human_gold_iaa,human_gold_iaa,human_gold_iaa,human_gold_iaa,human_gold_iaa,,batch_ext_074,val,A1_product,val,A1_product,POS,POS,POS,0.9997
batch_048,45.47,45.47_c2,trái vừa phải,trái vừa phải,resplit_llm,NEU,False,False,True,False,high,True,True,True,human_gold_iaa,A1_product,none,none,False,none,A1_product,none,none,False,none,human_gold_iaa,human_gold_iaa,human_gold_iaa,human_gold_iaa,human_gold_iaa,,batch_ext_024,val,A1_product,val,A1_product,NEU,POS,POS,0.789
batch_048,45.47,45.47_c3,nhiều thịt,nhiều thịt,resplit_llm,POS,False,False,True,False,high,True,True,False,llm_extended,A1_product,none,product,False,none,A1_product,none,product,False,none,llm_extended,llm_extended,llm_extended,llm_extended,llm_extended,,batch_ext_005,val,A1_product,val,A1_product,POS,NEG,NEG,0.4328
batch_048,45.47,45.47_c4,và không quá ngọt,và không quá ngọt,resplit_llm,POS,False,False,True,False,high,True,True,False,llm_extended,A1_product,none,product,False,none,A1_product,none,product,False,none,llm_extended,llm_extended,llm_extended,llm_extended,llm_extended,,batch_ext_083,val,A1_product,val,A1_product,POS,POS,POS,0.986
batch_057,56.1956,56.1956_c1,hương vị:có mùi như thuốc bắc nhẹ,hương vị:có mùi như thuốc bắc nhẹ,resplit_llm,NEU,False,False,True,False,high,False,True,False,llm_extended,A1_product,none,none,False,none,A1_product,none,none,False,none,llm_extended,llm_extended,llm_extended,llm_extended,llm_extended,,batch_ext_020,val,A1_product,val,A1_product,NEU,POS,POS,0.9085
batch_057,56.1956,56.1956_c2,đối tượng sử dụng:trẻ em trên 6t cũng được,đối tượng sử dụng:trẻ em trên 6t cũng được,resplit_llm,POS,False,False,True,False,high,False,True,False,llm_extended,A1_product,moderate,product,False,softener,A1_product,moderate,product,False,softener,llm_extended,llm_extended,llm_extended,llm_extended,llm_extended,,batch_ext_005,val,A1_product,val,A1_product,POS,NEU,NEU,0.9937
batch_063,6.123,6.123_c1,bao bì mẫu mã:dep,bao bì mẫu mã:dep,resplit_llm,POS,False,False,True,False,medium,True,True,False,llm_extended,A2_label,moderate,product,False,none,A2_label,moderate,product,False,none,llm_extended,llm_extended,llm_extended,llm_extended,llm_extended,,batch_ext_008,val,A2_label,val,A2_label,POS,POS,POS,0.9938
batch_063,6.123,6.123_c6,shop đóng gói cẩn thận,shop đóng gói cẩn thận,kept_43b,POS,False,False,True,False,medium,True,True,False,llm_extended,A3_logistics,none,logistics,False,none,A3_logistics,none,logistics,False,none,llm_extended,llm_extended,llm_extended,llm_extended,llm_extended,,batch_ext_111,val,A3_logistics,val,A3_logistics,POS,POS,POS,0.9996
batch_063,6.123,6.123_c7,giao hàng khá nhanh,giao hàng khá nhanh,kept_43b,POS,False,False,True,False,medium,True,True,False,llm_extended,A3_logistics,none,logistics,False,softener,A3_logistics,none,logistics,False,softener,llm_extended,llm_extended,llm_extended,llm_extended,llm_extended,,batch_ext_092,val,A3_logistics,val,A3_logistics,POS,POS,POS,0.9996
batch_063,6.123,6.123_c10,ship nhiệt tình,ship nhiệt tình,kept_43b,POS,False,False,True,False,medium,True,True,False,llm_extended,A3_logistics,none,service,False,none,A3_logistics,none,service,False,none,llm_extended,llm_extended,llm_extended,llm_extended,llm_extended,,batch_ext_098,val,A4_service,val,A3_logistics,POS,POS,POS,0.9997
batch_065,6.1788,6.1788_c1,được tặng thước dây nek,được tặng thước dây nek,kept_43b,POS,False,False,True,False,high,False,True,False,llm_extended,A4_service,none,service,False,none,A4_service,none,service,False,none,llm_extended,llm_extended,llm_extended,llm_extended,llm_extended,,batch_ext_015,val,A4_service,val,A4_service,POS,POS,POS,0.9989
batch_065,6.1959,6.1959_c1,dễ ăn,dễ ăn,kept_43b,POS,False,False,True,False,high,False,True,False,llm_extended,A1_product,none,product,False,none,A1_product,none,product,False,none,llm_extended,llm_extended,llm_extended,llm_extended,llm_extended,,batch_ext_093,val,A1_product,val,A1_product,POS,POS,POS,0.9989
batch_069,62.1515,62.1515_c1,cũng được,cũng được,kept_43b,POS,False,False,True,False,high,False,True,False,llm_extended,A1_product,moderate,product,False,softener,A1_product,moderate,product,False,softener,llm_extended,llm_extended,llm_extended,llm_extended,llm_extended,,batch_ext_007,val,A1_product,val,A1_product,POS,POS,POS,0.9569
batch_070,63.1032,63.1032_c1,nếu chọn cơ bạn có thể thử chuyển sang bún ít calo mà vẫn nhiều dinh dưỡng,nếu chọn cơ bạn có thể thử chuyển sang bún ít calo mà vẫn nhiều dinh dưỡng,kept_43b,POS,False,False,True,False,medium,False,True,True,human_gold_iaa_override,A1_product,none,product,False,conditional,A1_product,none,product,True,conditional,human_gold_iaa,human_gold_iaa,human_gold_iaa,human_gold_iaa,human_gold_iaa,,batch_ext_015,val,A1_product,val,A1_product,POS,NEU,NEU,0.7046
batch_071,63.144,63.144_c1,đáng mua ạ,đáng mua ạ,kept_43b,POS,False,False,True,False,high,False,True,False,llm_extended,A1_product,none,product,False,none,A1_product,none,product,False,none,llm_extended,llm_extended,llm_extended,llm_extended,llm_extended,,batch_ext_102,val,A1_product,val,A1_product,POS,POS,POS,0.9996
batch_071,63.1454,63.1454_c1,cũng được,cũng được,resplit_llm,POS,False,False,True,False,high,False,True,False,llm_extended,A1_product,moderate,product,False,softener,A1_product,moderate,product,False,softener,llm_extended,llm_extended,llm_extended,llm_extended,llm_extended,,batch_ext_071,val,A1_product,val,A1_product,POS,POS,POS,0.9569
batch_071,63.1454,63.1454_c2,nhỏ hơn mình nghĩ,nhỏ hơn mình nghĩ,resplit_llm,NEG,False,False,True,False,high,False,True,False,llm_extended,A1_product,moderate,none,False,none,A1_product,moderate,none,False,none,llm_extended,llm_extended,llm_extended,llm_extended,llm_extended,,batch_ext_004,val,A1_product,val,A1_product,NEG,POS,POS,0.9183
batch_071,63.1454,63.1454_c3,tạm thôi ạ,tạm thôi ạ,resplit_llm,NEU,False,False,True,False,high,False,True,False,llm_extended,A1_product,mild,none,False,softener,A1_product,mild,none,False,softener,llm_extended,llm_extended,llm_extended,llm_extended,llm_extended,,batch_ext_025,val,A1_product,val,A1_product,NEU,NEU,NEU,0.9346
batch_074,65.1123,65.1123_c1,hương vị:rau cua ăn được,hương vị:rau cua ăn được,resplit_llm,POS,False,False,True,False,high,False,True,False,llm_extended,A1_product,none,product,False,none,A1_product,none,product,False,none,llm_extended,llm_extended,llm_extended,llm_extended,llm_extended,,batch_ext_089,val,A1_product,val,A1_product,POS,NEU,NEU,0.5981
batch_081,67.2815,67.2815_c1,mì cơ 1 xíu xiu à,mì cơ 1 xíu xiu à,resplit_llm,NEG,False,False,True,False,high,False,True,False,llm_extended,A1_product,moderate,none,False,none,A1_product,moderate,none,False,none,llm_extended,llm_extended,llm_extended,llm_extended,llm_extended,,batch_ext_023,val,A1_product,val,A1_product,NEG,POS,POS,0.9932
batch_081,67.2815,67.2815_c2,mua tổng hết 100k mà mì chắc được cỡ 1 bát nhỏ hixx choánn,mua tổng hết 100k mà mì chắc được cỡ 1 bát nhỏ hixx choánn,resplit_llm,NEG,False,False,True,False,high,False,True,False,llm_extended,A5_price,moderate,none,False,softener,A5_price,moderate,none,False,softener,llm_extended,llm_extended,llm_extended,llm_extended,llm_extended,,batch_ext_043,val,A1_product,val,A5_price,NEG,NEG,NEG,0.9732
batch_086,69.1955,69.1955_c1,được tặng cục kẹo dễ thương lắm hihi,được tặng cục kẹo dễ thương lắm hihi,kept_43b,POS,False,False,True,False,high,False,True,False,llm_extended,A4_service,none,service,False,none,A4_service,none,service,False,none,llm_extended,llm_extended,llm_extended,llm_extended,llm_extended,,batch_ext_047,val,A4_service,val,A4_service,POS,POS,POS,0.9997
batch_089,7.208,7.208_c1,đơn này thật sự làm mình ưng hết sức,đơn này thật sự làm mình ưng hết sức,resplit_llm,POS,False,False,True,False,medium,True,True,True,human_gold_iaa,A1_product,none,product,False,none,A1_product,none,product,False,none,human_gold_iaa,human_gold_iaa,human_gold_iaa,human_gold_iaa,human_gold_iaa,,batch_ext_115,val,A1_product,val,A1_product,POS,POS,POS,0.9997
batch_089,7.208,7.208_c3,ai ngờ ngon hơn mong đợi,ai ngờ ngon hơn mong đợi,kept_43b,POS,False,False,True,False,medium,True,True,False,llm_extended,A1_product,none,product,False,wishful,A1_product,none,product,False,wishful,llm_extended,llm_extended,llm_extended,llm_extended,llm_extended,,batch_ext_062,val,A1_product,val,A1_product,POS,POS,POS,0.9989
batch_089,7.208,7.208_c4,"bánh tráng thơm, vị đậm đà, cay vừa miệng","bánh tráng thơm, vị đậm đà, cay vừa miệng",resplit_llm,POS,False,False,True,False,medium,True,True,False,llm_extended,A1_product,none,product,False,none,A1_product,none,product,False,none,llm_extended,llm_extended,llm_extended,llm_extended,llm_extended,,batch_ext_102,val,A1_product,val,A1_product,POS,POS,POS,0.9987
batch_089,7.208,7.208_c5,gói sạch sẽ không dính dầu,gói sạch sẽ không dính dầu,resplit_llm,POS,False,False,True,False,medium,True,True,True,human_gold_iaa_override,A1_product,none,product,True,none,A3_logistics,none,product,False,none,human_gold_iaa,human_gold_iaa,human_gold_iaa,human_gold_iaa,human_gold_iaa,,batch_ext_035,val,A1_product,val,A3_logistics,POS,NEU,NEU,0.9997
batch_089,7.208,7.208_c6,mình thích nhất là shop có để ngày sản xuất và hạn sử dụng rõ ràng,mình thích nhất là shop có để ngày sản xuất và hạn sử dụng rõ ràng,merged_llm,POS,False,False,True,False,medium,True,True,False,llm_extended,A2_label,moderate,product,False,none,A2_label,moderate,product,False,none,llm_extended,llm_extended,llm_extended,llm_extended,llm_extended,,batch_ext_104,val,A2_label,val,A2_label,POS,POS,POS,0.9996
batch_089,7.208,7.208_c7,giao hàng nhanh,giao hàng nhanh,kept_43b,POS,False,False,True,False,medium,True,True,False,llm_extended,A3_logistics,none,logistics,False,none,A3_logistics,none,logistics,False,none,llm_extended,llm_extended,llm_extended,llm_extended,llm_extended,,batch_ext_067,val,A3_logistics,val,A3_logistics,POS,POS,POS,0.9997
batch_089,7.208,7.208_c9,còn kèm note cảm ơn rất dễ thương,còn kèm note cảm ơn rất dễ thương,kept_43b,POS,False,False,True,False,medium,True,True,False,llm_extended,A4_service,none,service,False,none,A4_service,none,service,False,none,llm_extended,llm_extended,llm_extended,llm_extended,llm_extended,,batch_ext_001,val,A4_service,val,A4_service,POS,POS,POS,0.9997
batch_089,7.208,7.208_c11,shop bán có tâm,shop bán có tâm,kept_43b,POS,False,False,True,False,medium,True,True,False,llm_extended,A4_service,mild,service,False,softener,A4_service,mild,service,False,softener,llm_extended,llm_extended,llm_extended,llm_extended,llm_extended,,batch_ext_058,val,A4_service,val,A4_service,POS,POS,POS,0.9993
batch_089,7.208,7.208_c12,giá hợp lý,giá hợp lý,kept_43b,POS,False,False,True,False,medium,True,True,True,human_gold_iaa,A5_price,none,value,False,none,A5_price,none,value,False,none,human_gold_iaa,human_gold_iaa,human_gold_iaa,human_gold_iaa,human_gold_iaa,,batch_ext_066,val,A5_price,val,A5_price,POS,POS,POS,0.9996
batch_089,7.208,7.208_c13,chất lượng ổn định,chất lượng ổn định,kept_43b,POS,False,False,True,False,medium,True,True,False,llm_extended,A1_product,none,product,False,none,A1_product,none,product,False,none,llm_extended,llm_extended,llm_extended,llm_extended,llm_extended,,batch_ext_028,val,A1_product,val,A1_product,POS,POS,POS,0.9996
batch_090,70.1607,70.1607_c2,"nhanh ghê, mới đặt chiều hôm qua sáng hôm sau nhận được hàng rồi","nhanh ghê, mới đặt chiều hôm qua sáng hôm sau nhận được hàng rồi",resplit_llm,POS,False,False,True,False,high,False,True,False,llm_extended,A5_price,moderate,value,False,none,A5_price,moderate,value,False,none,llm_extended,llm_extended,llm_extended,llm_extended,llm_extended,,batch_ext_059,val,A5_price,val,A5_price,POS,POS,POS,0.9993
batch_091,70.2222,70.2222_c1,gởi hàng nhanh,gởi hàng nhanh,resplit_llm,POS,False,False,True,False,high,False,True,False,llm_extended,A3_logistics,none,logistics,False,none,A3_logistics,none,logistics,False,none,llm_extended,llm_extended,llm_extended,llm_extended,llm_extended,,batch_ext_056,val,A3_logistics,val,A3_logistics,POS,POS,POS,0.9996
batch_091,70.2222,70.2222_c2,đủ số lượng,đủ số lượng,resplit_llm,POS,False,False,True,False,high,False,True,False,llm_extended,A1_product,none,product,False,none,A1_product,none,product,False,none,llm_extended,llm_extended,llm_extended,llm_extended,llm_extended,,batch_ext_012,val,A1_product,val,A1_product,POS,POS,POS,0.999
batch_091,70.2222,70.2222_c3,có kèm quà,có kèm quà,resplit_llm,POS,False,False,True,False,high,False,True,False,llm_extended,A1_product,none,product,False,none,A1_product,none,product,False,none,llm_extended,llm_extended,llm_extended,llm_extended,llm_extended,,batch_ext_020,val,A1_product,val,A1_product,POS,POS,POS,0.9978
batch_092,70.2691,70.2691_c1,nó cũng bình thường,nó cũng bình thường,resplit_llm,NEU,False,False,True,False,high,False,True,False,llm_extended,A1_product,moderate,none,False,softener,A1_product,moderate,none,False,softener,llm_extended,llm_extended,llm_extended,llm_extended,llm_extended,,batch_ext_078,val,A1_product,val,A1_product,NEU,NEU,NEU,0.9965
batch_092,70.2691,70.2691_c2,nó cx hơn khó ăn,nó cx hơn khó ăn,resplit_llm,NEG,False,False,True,False,high,False,True,False,llm_extended,A1_product,moderate,none,False,none,A1_product,moderate,none,False,none,llm_extended,llm_extended,llm_extended,llm_extended,llm_extended,,batch_ext_048,val,A1_product,val,A1_product,NEG,POS,POS,0.749
batch_093,70.749,70.749_c1,do dịch nên giao hàng hơi lâu,do dịch nên giao hàng hơi lâu,kept_43b,NEG,False,False,True,False,high,False,True,False,llm_extended,A3_logistics,moderate,none,False,wishful,A3_logistics,moderate,none,False,wishful,llm_extended,llm_extended,llm_extended,llm_extended,llm_extended,,batch_ext_052,val,A3_logistics,val,A3_logistics,NEG,POS,POS,0.5783
batch_093,70.749,70.749_c3,chấtt lượng sản phẩm rất okk ngon lắm luônn á m.n,chấtt lượng sản phẩm rất okk ngon lắm luônn á m.n,resplit_llm,POS,False,False,True,False,high,False,True,True,human_gold_iaa,A1_product,none,product,False,none,A1_product,none,product,False,none,human_gold_iaa,human_gold_iaa,human_gold_iaa,human_gold_iaa,human_gold_iaa,,batch_ext_008,val,A1_product,val,A1_product,POS,POS,POS,0.9998
batch_093,70.98,70.98_c1,bao bì mẫu mã:tốt,bao bì mẫu mã:tốt,resplit_llm,POS,False,False,True,False,high,True,True,False,llm_extended,A2_label,moderate,product,False,none,A2_label,moderate,product,False,none,llm_extended,llm_extended,llm_extended,llm_extended,llm_extended,,batch_ext_070,val,A2_label,val,A2_label,POS,POS,POS,0.7933
batch_093,70.98,70.98_c2,hương vị:tốt,hương vị:tốt,resplit_llm,POS,False,False,True,False,high,True,True,False,llm_extended,A1_product,none,product,False,none,A1_product,none,product,False,none,llm_extended,llm_extended,llm_extended,llm_extended,llm_extended,,batch_ext_115,val,A1_product,val,A1_product,POS,NEU,NEU,0.9047
batch_093,70.98,70.98_c4,shop quá chu đáo và nhiệt tình,shop quá chu đáo và nhiệt tình,kept_43b,POS,False,False,True,False,high,True,True,False,llm_extended,A4_service,none,service,False,none,A4_service,none,service,False,none,llm_extended,llm_extended,llm_extended,llm_extended,llm_extended,,batch_ext_085,val,A4_service,val,A4_service,POS,POS,POS,0.9997
batch_093,70.98,70.98_c7,nhưng sản phẩm thật còn đẹp hơn nữa,nhưng sản phẩm thật còn đẹp hơn nữa,kept_43b,POS,False,False,True,False,high,True,True,False,llm_extended,A1_product,mild,product,False,none,A1_product,mild,product,False,none,llm_extended,llm_extended,llm_extended,llm_extended,llm_extended,,batch_ext_089,val,A1_product,val,A1_product,POS,POS,POS,0.9585
batch_093,70.98,70.98_c8,"chất lượng sản phẩm rất tốt,","chất lượng sản phẩm rất tốt,",resplit_llm,POS,False,False,True,False,high,True,True,False,llm_extended,A1_product,none,product,False,none,A1_product,none,product,False,none,llm_extended,llm_extended,llm_extended,llm_extended,llm_extended,,batch_ext_010,val,A1_product,val,A1_product,POS,POS,POS,0.9955
batch_093,70.98,70.98_c9,đúng như mô tả,đúng như mô tả,resplit_llm,POS,False,False,True,False,high,True,True,False,llm_extended,A2_label,none,product,False,none,A2_label,none,product,False,none,llm_extended,llm_extended,llm_extended,llm_extended,llm_extended,,batch_ext_055,val,A2_label,val,A2_label,POS,POS,POS,0.9822
batch_093,70.98,70.98_c10,"shop đóng gói cẩn thận,","shop đóng gói cẩn thận,",resplit_llm,POS,False,False,True,False,high,True,True,False,llm_extended,A3_logistics,none,logistics,False,none,A3_logistics,none,logistics,False,none,llm_extended,llm_extended,llm_extended,llm_extended,llm_extended,,batch_ext_075,val,A3_logistics,val,A3_logistics,POS,POS,POS,0.9395
batch_093,70.98,70.98_c11,giao hàng nhanh chóng,giao hàng nhanh chóng,resplit_llm,POS,False,False,True,False,high,True,True,False,llm_extended,A3_logistics,none,logistics,False,none,A3_logistics,none,logistics,False,none,llm_extended,llm_extended,llm_extended,llm_extended,llm_extended,,batch_ext_088,val,A3_logistics,val,A3_logistics,POS,POS,POS,0.9996
batch_097,72.614,72.614_c1,mua hơn chục gói mà bên ngoài đều dính mỡ mất công lau,mua hơn chục gói mà bên ngoài đều dính mỡ mất công lau,resplit_llm,NEG,False,False,True,False,high,False,True,False,llm_extended,A1_product,moderate,none,False,none,A1_product,moderate,none,False,none,llm_extended,llm_extended,llm_extended,llm_extended,llm_extended,,batch_ext_030,val,A1_product,val,A1_product,NEG,NEG,NEG,0.9995
batch_101,74.1482,74.1482_c2,mua một chai giấm được tặng mấy món quà,mua một chai giấm được tặng mấy món quà,resplit_llm,POS,False,False,True,False,high,False,True,False,llm_extended,A4_service,none,service,False,none,A4_service,none,service,False,none,llm_extended,llm_extended,llm_extended,llm_extended,llm_extended,,batch_ext_068,val,A4_service,val,A4_service,POS,NEU,NEU,0.9922
batch_101,74.1482,74.1482_c3,đúng là hàng nhập,đúng là hàng nhập,resplit_llm,POS,False,False,True,False,high,False,True,False,llm_extended,A1_product,none,product,False,none,A1_product,none,product,False,none,llm_extended,llm_extended,llm_extended,llm_extended,llm_extended,,batch_ext_089,val,A2_label,val,A1_product,POS,POS,POS,0.5189
batch_101,74.1694,74.1694_c1,bao bì mẫu mã:bao bì dán như hàng gia công vậy,bao bì mẫu mã:bao bì dán như hàng gia công vậy,resplit_llm,NEG,False,False,True,True,low,True,True,False,human_qc_neg_boost,A2_label,moderate,none,True,softener,A2_label,moderate,none,False,none,llm_extended_tier1,llm_extended_tier1,llm_extended_tier1,human_qc_neg_boost,human_qc_neg_boost,Nghi ngờ tính chính quy/chất lượng bao bì vì bao bì dán giống hàng gia công.,batch_ext_001,val,A2_label,val,A2_label,NEG,NEG,NEG,0.9927
batch_101,74.1694,74.1694_c2,"hương vị:mùi nồng cảm giác thật sự khác so với chai dấm táo mình mua chính hãng tại nhật hicc ,","hương vị:mùi nồng cảm giác thật sự khác so với chai dấm táo mình mua chính hãng tại nhật hicc ,",resplit_llm,NEG,False,False,True,True,low,True,True,False,human_qc_neg_boost,A1_product,strong,none,True,softener,A1_product,strong,none,False,softener,llm_extended_tier1,llm_extended_tier1,llm_extended_tier1,human_qc_neg_boost,llm_extended_tier1,So sánh với hàng chính hãng và nghi ngờ khác biệt mùi vị so với sản phẩm chuẩn.,batch_ext_001,val,A1_product,val,A1_product,NEG,NEG,NEG,0.9984
batch_101,74.1694,74.1694_c3,nồng và hắc rất nhiều .,nồng và hắc rất nhiều .,resplit_llm,NEG,False,False,True,True,low,True,True,False,llm_extended_tier1,A1_product,strong,none,False,none,A1_product,strong,none,False,none,llm_extended_tier1,llm_extended_tier1,llm_extended_tier1,llm_extended_tier1,llm_extended_tier1,,batch_ext_001,val,A5_price,val,A1_product,NEG,NEG,NEG,0.9973
batch_101,74.1694,74.1694_c5,"thì nhận về cái từ bao bì dán cho đến mở nắp ngửi thử mùi và màu đã thấy nó hoàn toàn khác ,","thì nhận về cái từ bao bì dán cho đến mở nắp ngửi thử mùi và màu đã thấy nó hoàn toàn khác ,",resplit_llm,NEG,False,False,True,True,low,True,True,False,human_qc_neg_boost,A1_product,strong,none,True,none,A1_product,strong,none,False,none,llm_extended_tier1,llm_extended_tier1,llm_extended_tier1,human_qc_neg_boost,llm_extended_tier1,"Nghi ngờ sản phẩm không đúng chuẩn do bao bì, mùi và màu hoàn toàn khác.",batch_ext_001,val,A2_label,val,A1_product,NEG,NEG,NEG,0.9958
batch_101,74.1694,74.1694_c6,"có phải do là hàng fake hay do quá trình di chuyển khiến nó bị biến đổi chất không ,","có phải do là hàng fake hay do quá trình di chuyển khiến nó bị biến đổi chất không ,",resplit_llm,NEG,False,False,True,True,low,True,True,False,human_qc_neg_boost,A1_product,strong,none,True,conditional,A1_product,strong,none,False,conditional,llm_extended_tier1,llm_extended_tier1,llm_extended_tier1,human_qc_neg_boost,llm_extended_tier1,Nghi ngờ hàng fake hoặc sản phẩm bị biến đổi chất trong quá trình vận chuyển.,batch_ext_001,val,A1_product,val,A1_product,NEG,NEG,NEG,0.9833
batch_101,74.1694,74.1694_c9,cặn dấm cái thì lắc lên còn vón cục không tan .,cặn dấm cái thì lắc lên còn vón cục không tan .,resplit_llm,NEG,False,False,True,True,low,True,True,False,human_qc_neg_boost,A1_product,strong,none,True,none,A1_product,strong,none,False,none,llm_extended_tier1,llm_extended_tier1,llm_extended_tier1,human_qc_neg_boost,llm_extended_tier1,Nghi ngờ chất lượng/kết cấu sản phẩm vì cặn dấm vón cục không tan.,batch_ext_001,val,A1_product,val,A1_product,NEG,NEG,NEG,0.9992
batch_101,74.1694,74.1694_c10,hơn nữa chai mới mua về mà đóng đầy kịch nắp .,hơn nữa chai mới mua về mà đóng đầy kịch nắp .,resplit_llm,NEG,False,False,True,True,low,True,True,False,human_qc_neg_boost,A1_product,moderate,none,True,none,A1_product,moderate,none,False,none,llm_extended_tier1,llm_extended_tier1,llm_extended_tier1,human_qc_neg_boost,llm_extended_tier1,Nghi ngờ tình trạng đóng chai bất thường vì chai mới mua nhưng đầy kịch nắp.,batch_ext_001,val,A1_product,val,A1_product,NEG,NEG,NEG,0.9408
batch_101,74.1694,74.1694_c11,phải chăng đã bị trộn thêm dấm khác vào nên đầy ắp và nồng đến vậy,phải chăng đã bị trộn thêm dấm khác vào nên đầy ắp và nồng đến vậy,resplit_llm,NEG,False,False,True,True,low,True,True,False,human_qc_neg_boost,A1_product,strong,none,True,conditional,A1_product,strong,none,False,conditional,llm_extended_tier1,llm_extended_tier1,llm_extended_tier1,human_qc_neg_boost,llm_extended_tier1,"Nghi ngờ sản phẩm bị trộn thêm dấm khác, ảnh hưởng tính nguyên bản/chính hãng.",batch_ext_001,val,A1_product,val,A1_product,NEG,NEG,NEG,0.9989
batch_101,74.1694,74.1694_c12,đã thế mình còn mua những 2 chai 947ml hicc EMOJI_NEG EMOJI_NEG EMOJI_NEG tiếc tiền thật sự,đã thế mình còn mua những 2 chai 947ml hicc emoji_neg emoji_neg emoji_neg tiếc tiền thật sự,resplit_llm,NEG,False,False,True,True,low,True,True,False,human_qc_neg_boost,A5_price,strong,none,False,none,A5_price,moderate,none,False,none,llm_extended_tier1,human_qc_neg_boost,llm_extended_tier1,llm_extended_tier1,llm_extended_tier1,,batch_ext_001,val,A5_price,val,A5_price,NEG,NEG,NEG,0.9994
batch_103,74.262,74.262_c1,hương vị:chua,hương vị:chua,resplit_llm,NEG,False,False,True,False,high,True,True,False,llm_extended,A1_product,moderate,none,False,none,A1_product,moderate,none,False,none,llm_extended,llm_extended,llm_extended,llm_extended,llm_extended,,batch_ext_031,val,A1_product,val,A1_product,NEG,POS,POS,0.9866
batch_103,74.262,74.262_c2,bao bì mẫu mã:đẹp,bao bì mẫu mã:đẹp,resplit_llm,POS,False,False,True,False,high,True,True,False,llm_extended,A2_label,moderate,product,False,none,A2_label,moderate,product,False,none,llm_extended,llm_extended,llm_extended,llm_extended,llm_extended,,batch_ext_034,val,A2_label,val,A2_label,POS,POS,POS,0.8707
batch_103,74.262,74.262_c3,sản phẩm rất chất lượng,sản phẩm rất chất lượng,resplit_llm,POS,False,False,True,False,high,True,True,False,llm_extended,A1_product,none,product,False,none,A1_product,none,product,False,none,llm_extended,llm_extended,llm_extended,llm_extended,llm_extended,,batch_ext_071,val,A1_product,val,A1_product,POS,POS,POS,0.9997
batch_103,74.262,74.262_c4,đáng giá với giá tiền,đáng giá với giá tiền,kept_43b,POS,False,False,True,False,high,True,True,False,llm_extended,A5_price,none,value,False,none,A5_price,none,value,False,none,llm_extended,llm_extended,llm_extended,llm_extended,llm_extended,,batch_ext_097,val,A5_price,val,A5_price,POS,POS,POS,0.9993
batch_103,74.262,74.262_c5,giao hàng nhanh chóng,giao hàng nhanh chóng,resplit_llm,POS,False,False,True,False,high,True,True,False,llm_extended,A3_logistics,none,logistics,False,none,A3_logistics,none,logistics,False,none,llm_extended,llm_extended,llm_extended,llm_extended,llm_extended,,batch_ext_107,val,A3_logistics,val,A3_logistics,POS,POS,POS,0.9996
batch_103,74.262,74.262_c6,và đóng gói sản phẩm cẩn thận,và đóng gói sản phẩm cẩn thận,resplit_llm,POS,False,False,True,False,high,True,True,False,llm_extended,A3_logistics,none,logistics,False,none,A3_logistics,none,logistics,False,none,llm_extended,llm_extended,llm_extended,llm_extended,llm_extended,,batch_ext_020,val,A3_logistics,val,A3_logistics,POS,POS,POS,0.9992
batch_103,74.262,74.262_c9,"hình ảnh và mô tả sản phẩm chính xác, hài lòng hơn mong đợi","hình ảnh và mô tả sản phẩm chính xác, hài lòng hơn mong đợi",kept_43b,POS,False,False,True,False,high,True,True,False,llm_extended,A2_label,none,product,False,wishful,A2_label,none,product,False,wishful,llm_extended,llm_extended,llm_extended,llm_extended,llm_extended,,batch_ext_043,val,A2_label,val,A2_label,POS,POS,POS,0.9995
batch_103,74.262,74.262_c10,dịch vụ khách hàng rất tốt,dịch vụ khách hàng rất tốt,kept_43b,POS,False,False,True,False,high,True,True,True,human_gold_iaa_override,A1_product,none,product,False,none,A4_service,none,service,False,none,human_gold_iaa,human_gold_iaa,human_gold_iaa,human_gold_iaa,human_gold_iaa,,batch_ext_046,val,A4_service,val,A4_service,POS,POS,POS,0.9994
batch_106,74.927,74.927_c1,"giao hàng đúng đủ,","giao hàng đúng đủ,",resplit_llm,POS,False,False,True,False,high,True,True,False,llm_extended,A3_logistics,none,product,False,none,A3_logistics,none,product,False,none,llm_extended,llm_extended,llm_extended,llm_extended,llm_extended,,batch_ext_061,val,A3_logistics,val,A3_logistics,POS,POS,POS,0.976
batch_106,74.927,74.927_c2,gói hàng kĩ càng,gói hàng kĩ càng,resplit_llm,POS,False,False,True,False,high,True,True,False,llm_extended,A3_logistics,none,product,False,none,A3_logistics,none,product,False,none,llm_extended,llm_extended,llm_extended,llm_extended,llm_extended,,batch_ext_006,val,A3_logistics,val,A3_logistics,POS,POS,POS,0.9995
batch_106,74.927,74.927_c4,"pha 5ml với khoảng 300ml nước uống thấy bình thường,","pha 5ml với khoảng 300ml nước uống thấy bình thường,",resplit_llm,NEU,False,False,True,False,high,True,True,True,human_gold_iaa,A1_product,none,none,False,none,A1_product,none,none,False,none,human_gold_iaa,human_gold_iaa,human_gold_iaa,human_gold_iaa,human_gold_iaa,,batch_ext_061,val,A1_product,val,A1_product,NEU,POS,POS,0.8159
batch_106,74.927,74.927_c5,"thêm đá cũng thấy ngon ấy,","thêm đá cũng thấy ngon ấy,",resplit_llm,POS,False,False,True,False,high,True,True,False,llm_extended,A1_product,moderate,product,False,softener,A1_product,moderate,product,False,softener,llm_extended,llm_extended,llm_extended,llm_extended,llm_extended,,batch_ext_072,val,A1_product,val,A1_product,POS,POS,POS,0.9971
batch_106,74.927,74.927_c6,ngửi mùi giấm tui thấy giống na ná rượu thôi,ngửi mùi giấm tui thấy giống na ná rượu thôi,resplit_llm,NEU,False,False,True,False,high,True,True,False,llm_extended,A1_product,none,none,False,none,A1_product,none,none,False,none,llm_extended,llm_extended,llm_extended,llm_extended,llm_extended,,batch_ext_003,val,A1_product,val,A1_product,NEU,NEG,NEG,0.5441
batch_106,74.927,74.927_c7,"trước mình hay uống nước chanh pha loãng, khẩu vị của mình cũng hảo chua mà uống giấm táo này thấy còn dễ uống hơn,","trước mình hay uống nước chanh pha loãng, khẩu vị của mình cũng hảo chua mà uống giấm táo này thấy còn dễ uống hơn,",resplit_llm,POS,False,False,True,False,high,True,True,False,llm_extended,A1_product,moderate,product,False,softener,A1_product,moderate,product,False,softener,llm_extended,llm_extended,llm_extended,llm_extended,llm_extended,,batch_ext_043,val,A1_product,val,A1_product,POS,POS,POS,0.9974
batch_106,74.927,74.927_c8,"làm tui đọc đánh giá tưởng uống kinh khủng lắm, cơ mà tui lại thấy cũng ngon d","làm tui đọc đánh giá tưởng uống kinh khủng lắm, cơ mà tui lại thấy cũng ngon d",resplit_llm,POS,False,False,True,False,high,True,True,True,human_gold_iaa_override,A5_price,strong,value,False,softener,A1_product,strong,product,False,softener,human_gold_iaa,human_gold_iaa,human_gold_iaa,human_gold_iaa,human_gold_iaa,,batch_ext_031,val,A5_price,val,A1_product,POS,POS,POS,0.984
batch_106,74.927,74.927_c9,"300ml thêm nửa gói bột trái cây là bao thơm ngon luôn,","300ml thêm nửa gói bột trái cây là bao thơm ngon luôn,",resplit_llm,POS,False,False,True,False,high,True,True,True,human_gold_iaa,A1_product,none,product,False,none,A1_product,none,product,False,none,human_gold_iaa,human_gold_iaa,human_gold_iaa,human_gold_iaa,human_gold_iaa,,batch_ext_007,val,A1_product,val,A1_product,POS,POS,POS,0.9991
batch_106,74.927,74.927_c11,mà bị cái dính màu ra cốc quá,mà bị cái dính màu ra cốc quá,resplit_llm,NEG,False,False,True,False,high,True,True,False,llm_extended,A1_product,moderate,none,False,none,A1_product,moderate,none,False,none,llm_extended,llm_extended,llm_extended,llm_extended,llm_extended,,batch_ext_007,val,A1_product,val,A1_product,NEG,NEG,NEG,0.9985
batch_107,76.29,76.29_c1,bao bì mẫu mã:đẹp,bao bì mẫu mã:đẹp,resplit_llm,POS,False,False,True,False,high,True,True,False,llm_extended,A2_label,moderate,product,False,none,A2_label,moderate,product,False,none,llm_extended,llm_extended,llm_extended,llm_extended,llm_extended,,batch_ext_045,val,A2_label,val,A2_label,POS,POS,POS,0.8707
batch_107,76.29,76.29_c3,đặt hàng ship nhanh,đặt hàng ship nhanh,kept_43b,POS,False,False,True,False,high,True,True,False,llm_extended,A5_price,moderate,logistics,False,none,A5_price,moderate,logistics,False,none,llm_extended,llm_extended,llm_extended,llm_extended,llm_extended,,batch_ext_113,val,A3_logistics,val,A5_price,POS,POS,POS,0.9996
batch_107,76.29,76.29_c4,shipper thân thiện,shipper thân thiện,kept_43b,POS,False,False,True,False,high,True,True,False,llm_extended,A1_product,none,product,False,none,A1_product,none,product,False,none,llm_extended,llm_extended,llm_extended,llm_extended,llm_extended,,batch_ext_102,val,A1_product,val,A1_product,POS,POS,POS,0.9996
batch_107,76.29,76.29_c5,hàng đóng bị thiếu mất 1 hộp bánh gạo lút,hàng đóng bị thiếu mất 1 hộp bánh gạo lút,kept_43b,NEG,False,False,True,False,high,True,True,True,human_gold_iaa_override,A3_logistics,moderate,none,True,none,A3_logistics,moderate,none,False,none,human_gold_iaa,human_gold_iaa,human_gold_iaa,human_gold_iaa,human_gold_iaa,,batch_ext_088,val,A3_logistics,val,A3_logistics,NEG,NEG,NEG,0.9951
batch_107,76.29,76.29_c6,phản hồi shop đã giải quyết đơn hàng luôn,phản hồi shop đã giải quyết đơn hàng luôn,kept_43b,POS,False,False,True,False,high,True,True,False,llm_extended,A4_service,mild,service,False,softener,A4_service,mild,service,False,softener,llm_extended,llm_extended,llm_extended,llm_extended,llm_extended,,batch_ext_080,val,A4_service,val,A4_service,POS,POS,POS,0.9994
batch_107,76.29,76.29_c7,thái độ phục vụ khách hàng rất tốt,thái độ phục vụ khách hàng rất tốt,kept_43b,POS,False,False,True,False,high,True,True,False,llm_extended,A4_service,none,service,False,none,A4_service,none,service,False,none,llm_extended,llm_extended,llm_extended,llm_extended,llm_extended,,batch_ext_100,val,A4_service,val,A4_service,POS,POS,POS,0.9985
batch_107,76.29,76.29_c9,nhìn chung sản phẩm ưng,nhìn chung sản phẩm ưng,kept_43b,POS,False,False,True,False,high,True,True,False,llm_extended,A1_product,none,product,False,softener,A1_product,none,product,False,softener,llm_extended,llm_extended,llm_extended,llm_extended,llm_extended,,batch_ext_004,val,A1_product,val,A1_product,POS,POS,POS,0.9996
batch_107,78.1076,78.1076_c1,công dụng:làm đẹp,công dụng:làm đẹp,resplit_llm,POS,False,False,True,False,high,False,True,True,human_gold_iaa,A1_product,none,product,False,none,A1_product,none,product,False,none,human_gold_iaa,human_gold_iaa,human_gold_iaa,human_gold_iaa,human_gold_iaa,,batch_ext_108,val,A1_product,val,A1_product,POS,NEU,NEU,0.765
batch_107,78.1076,78.1076_c4,recom vị dứa xoài nha dễ ăn lắm,recom vị dứa xoài nha dễ ăn lắm,resplit_llm,POS,False,False,True,False,high,False,True,False,llm_extended,A1_product,none,product,False,none,A1_product,none,product,False,none,llm_extended,llm_extended,llm_extended,llm_extended,llm_extended,,batch_ext_016,val,A1_product,val,A1_product,POS,POS,POS,0.9995
batch_108,78.12,78.12_c1,công dụng:giảm tình trạng nổi mụn nội tiết,công dụng:giảm tình trạng nổi mụn nội tiết,kept_43b,POS,False,False,True,False,high,True,True,False,llm_extended,A1_product,none,product,False,none,A1_product,none,product,False,none,llm_extended,llm_extended,llm_extended,llm_extended,llm_extended,,batch_ext_066,val,A1_product,val,A1_product,POS,POS,POS,0.9982
batch_108,78.12,78.12_c2,cân bằng lại nội tiết,cân bằng lại nội tiết,kept_43b,POS,False,False,True,False,high,True,True,True,human_gold_iaa,A1_product,none,product,False,none,A1_product,none,product,False,none,human_gold_iaa,human_gold_iaa,human_gold_iaa,human_gold_iaa,human_gold_iaa,,batch_ext_057,val,A1_product,val,A1_product,POS,NEU,NEU,0.7959
batch_108,78.12,78.12_c3,shop giao hàng cũng nhanh nhanh,shop giao hàng cũng nhanh nhanh,kept_43b,POS,False,False,True,False,high,True,True,False,llm_extended,A3_logistics,moderate,logistics,False,softener,A3_logistics,moderate,logistics,False,softener,llm_extended,llm_extended,llm_extended,llm_extended,llm_extended,,batch_ext_064,val,A3_logistics,val,A3_logistics,POS,POS,POS,0.9997
batch_108,78.12,78.12_c6,ê mà tui thấy nó không khó ăn đối với tui nha,ê mà tui thấy nó không khó ăn đối với tui nha,kept_43b,POS,False,False,True,False,high,True,True,False,llm_extended,A1_product,moderate,product,False,none,A1_product,moderate,product,False,none,llm_extended,llm_extended,llm_extended,llm_extended,llm_extended,,batch_ext_112,val,A1_product,val,A1_product,POS,POS,POS,0.9975
batch_108,78.12,78.12_c7,vị dứa soài tui ăn tui thấy nó rất ngon luôn á.,vị dứa soài tui ăn tui thấy nó rất ngon luôn á.,resplit_llm,POS,False,False,True,False,high,True,True,False,llm_extended,A1_product,none,product,False,none,A1_product,none,product,False,none,llm_extended,llm_extended,llm_extended,llm_extended,llm_extended,,batch_ext_033,val,A1_product,val,A1_product,POS,POS,POS,0.9966
batch_108,78.12,78.12_c9,ăn được gần hết hủ rồi tui nó giảm ăn đêm á.,ăn được gần hết hủ rồi tui nó giảm ăn đêm á.,resplit_llm,POS,False,False,True,False,high,True,True,False,llm_extended,A1_product,none,product,False,none,A1_product,none,product,False,none,llm_extended,llm_extended,llm_extended,llm_extended,llm_extended,,batch_ext_022,val,A1_product,val,A1_product,POS,POS,POS,0.9956
batch_108,78.12,78.12_c10,tình trạng mụn thì cũng cũng có cải thiện ít,tình trạng mụn thì cũng cũng có cải thiện ít,resplit_llm,POS,False,False,True,False,high,True,True,False,llm_extended,A1_product,moderate,product,False,softener,A1_product,moderate,product,False,softener,llm_extended,llm_extended,llm_extended,llm_extended,llm_extended,,batch_ext_003,val,A1_product,val,A1_product,POS,NEU,NEU,0.8465
batch_108,78.12,78.12_c11,mà nó ngon nha,mà nó ngon nha,kept_43b,POS,False,False,True,False,high,True,True,False,llm_extended,A1_product,none,product,False,none,A1_product,none,product,False,none,llm_extended,llm_extended,llm_extended,llm_extended,llm_extended,,batch_ext_019,val,A1_product,val,A1_product,POS,POS,POS,0.9968
batch_108,78.12,78.12_c12,thêm nhiều công dụng nữa,thêm nhiều công dụng nữa,kept_43b,POS,False,False,True,False,high,True,True,True,human_gold_iaa,A1_product,none,product,False,none,A1_product,none,product,False,none,human_gold_iaa,human_gold_iaa,human_gold_iaa,human_gold_iaa,human_gold_iaa,,batch_ext_053,val,A1_product,val,A1_product,POS,POS,POS,0.9548
batch_108,78.1243,78.1243_c2,đảm bảo dễ ăn dữ lém,đảm bảo dễ ăn dữ lém,resplit_llm,POS,False,False,True,False,high,False,True,False,llm_extended,A1_product,none,product,False,none,A1_product,none,product,False,none,llm_extended,llm_extended,llm_extended,llm_extended,llm_extended,,batch_ext_010,val,A1_product,val,A1_product,POS,POS,POS,0.9993
batch_109,78.17,78.17_c7,mới lần đầu ăn thì nó hơi nhợn nhợn á mấy bà,mới lần đầu ăn thì nó hơi nhợn nhợn á mấy bà,kept_43b,NEG,False,False,True,True,low,True,True,False,llm_extended_tier1,A1_product,mild,none,False,softener,A1_product,mild,none,False,softener,llm_extended_tier1,llm_extended_tier1,llm_extended_tier1,llm_extended_tier1,llm_extended_tier1,,batch_ext_001,val,A1_product,val,A1_product,NEG,NEG,NEG,0.9793
batch_109,78.176,78.176_c1,"hũ to,","hũ to,",resplit_llm,POS,False,False,True,False,high,False,True,False,llm_extended,A1_product,none,product,False,none,A1_product,none,product,False,none,llm_extended,llm_extended,llm_extended,llm_extended,llm_extended,,batch_ext_077,val,A1_product,val,A1_product,POS,POS,POS,0.7627
batch_109,78.176,78.176_c2,"mix thêm vị thanh long dễ ăn,","mix thêm vị thanh long dễ ăn,",resplit_llm,POS,False,False,True,False,high,False,True,False,llm_extended,A1_product,none,product,False,none,A1_product,none,product,False,none,llm_extended,llm_extended,llm_extended,llm_extended,llm_extended,,batch_ext_073,val,A1_product,val,A1_product,POS,POS,POS,0.9653
batch_109,78.176,78.176_c3,sử dụng được đa dạng với đồ ăn khác nhau,sử dụng được đa dạng với đồ ăn khác nhau,resplit_llm,POS,False,False,True,False,high,False,True,False,llm_extended,A1_product,none,product,False,none,A1_product,none,product,False,none,llm_extended,llm_extended,llm_extended,llm_extended,llm_extended,,batch_ext_111,val,A1_product,val,A1_product,POS,POS,POS,0.9857
batch_111,78.611,78.611_c1,ăn lợ lợ mà dễ ăn,ăn lợ lợ mà dễ ăn,resplit_llm,POS,False,False,True,False,high,False,True,True,human_gold_iaa_override,A1_product,none,product,False,none,A1_product,mild,product,False,none,human_gold_iaa,human_gold_iaa,human_gold_iaa,human_gold_iaa,human_gold_iaa,,batch_ext_074,val,A1_product,val,A1_product,POS,POS,POS,0.9952
batch_111,78.611,78.611_c2,noi chung là nên mua ăn để đẹp da giảm cân là okila nha mọi người,noi chung là nên mua ăn để đẹp da giảm cân là okila nha mọi người,resplit_llm,POS,False,False,True,False,high,False,True,False,llm_extended,A1_product,none,product,False,wishful,A1_product,none,product,False,wishful,llm_extended,llm_extended,llm_extended,llm_extended,llm_extended,,batch_ext_111,val,A1_product,val,A1_product,POS,POS,POS,0.9997
batch_112,78.656,78.656_c4,cái no cái họng hết muốn nhai gì thêm nữa lun:,cái no cái họng hết muốn nhai gì thêm nữa lun:,resplit_llm,POS,False,False,True,False,high,False,True,True,human_gold_iaa,A1_product,strong,product,False,none,A1_product,strong,product,False,none,human_gold_iaa,human_gold_iaa,human_gold_iaa,human_gold_iaa,human_gold_iaa,,batch_ext_045,val,A1_product,val,A1_product,POS,NEG,NEG,0.8124
batch_112,78.656,78.656_c6,cho nên áp dụng ăn trái cây uống kefir mới kềm được cái mỏ t EMOJI_LAUGH,cho nên áp dụng ăn trái cây uống kefir mới kềm được cái mỏ t emoji_laugh,resplit_llm,POS,False,False,True,False,high,False,True,False,llm_extended,A1_product,none,product,False,wishful,A1_product,none,product,False,wishful,llm_extended,llm_extended,llm_extended,llm_extended,llm_extended,,batch_ext_059,val,A1_product,val,A1_product,POS,NEG,NEG,0.8678
batch_113,78.742,78.742_c1,công dụng:đẹp da,công dụng:đẹp da,resplit_llm,POS,False,False,True,False,high,False,True,False,llm_extended,A1_product,none,product,False,none,A1_product,none,product,False,none,llm_extended,llm_extended,llm_extended,llm_extended,llm_extended,,batch_ext_027,val,A1_product,val,A1_product,POS,POS,POS,0.9818
batch_113,78.742,78.742_c3,nguyên vị khó ăn,nguyên vị khó ăn,resplit_llm,NEG,False,False,True,False,high,False,True,False,llm_extended,A1_product,moderate,none,False,none,A1_product,moderate,none,False,none,llm_extended,llm_extended,llm_extended,llm_extended,llm_extended,,batch_ext_050,val,A1_product,val,A1_product,NEG,NEG,NEG,0.999
batch_113,78.742,78.742_c4,dứa xoài và cam ăn được dễ thôi,dứa xoài và cam ăn được dễ thôi,resplit_llm,POS,False,False,True,False,high,False,True,False,llm_extended,A1_product,none,product,False,none,A1_product,none,product,False,none,llm_extended,llm_extended,llm_extended,llm_extended,llm_extended,,batch_ext_020,val,A1_product,val,A1_product,POS,NEG,NEG,0.9297
batch_114,78.963,78.963_c1,hương cũng tạm,hương cũng tạm,kept_43b,NEU,False,False,True,False,high,False,True,False,llm_extended,A1_product,moderate,none,False,softener,A1_product,moderate,none,False,softener,llm_extended,llm_extended,llm_extended,llm_extended,llm_extended,,batch_ext_016,val,A1_product,val,A1_product,NEU,POS,POS,0.9579
batch_115,78.97,78.97_c1,dễ ăn lúm,dễ ăn lúm,kept_43b,POS,False,False,True,False,high,False,True,False,llm_extended,A1_product,none,product,False,none,A1_product,none,product,False,none,llm_extended,llm_extended,llm_extended,llm_extended,llm_extended,,batch_ext_048,val,A1_product,val,A1_product,POS,POS,POS,0.9997
batch_115,8.1,8.1_c1,shop đóng túi được khá nhiều miếng bánh,shop đóng túi được khá nhiều miếng bánh,kept_43b,POS,False,False,True,False,high,True,True,False,llm_extended,A4_service,none,service,False,softener,A4_service,none,service,False,softener,llm_extended,llm_extended,llm_extended,llm_extended,llm_extended,,batch_ext_055,val,A4_service,val,A4_service,POS,POS,POS,0.9996
batch_115,8.1,8.1_c2,loại túi giấy phù hợp với giá tiền,loại túi giấy phù hợp với giá tiền,kept_43b,POS,False,False,True,False,high,True,True,True,human_gold_iaa,A5_price,none,value,False,none,A5_price,none,value,False,none,human_gold_iaa,human_gold_iaa,human_gold_iaa,human_gold_iaa,human_gold_iaa,,batch_ext_045,val,A5_price,val,A5_price,POS,POS,POS,0.9436
batch_115,8.1,8.1_c3,shop cắt bánh dày dặn,shop cắt bánh dày dặn,kept_43b,POS,False,False,True,False,high,True,True,False,llm_extended,A4_service,none,service,False,none,A4_service,none,service,False,none,llm_extended,llm_extended,llm_extended,llm_extended,llm_extended,,batch_ext_001,val,A4_service,val,A4_service,POS,POS,POS,0.9996
batch_115,8.1,8.1_c4,ăn xốp không quá cứng,ăn xốp không quá cứng,kept_43b,POS,False,False,True,False,high,True,True,False,llm_extended,A1_product,moderate,product,False,softener,A1_product,moderate,product,False,softener,llm_extended,llm_extended,llm_extended,llm_extended,llm_extended,,batch_ext_113,val,A1_product,val,A1_product,POS,NEU,NEU,0.8786
batch_115,8.1,8.1_c5,hợp ăn vặt,hợp ăn vặt,kept_43b,POS,False,False,True,False,high,True,True,False,llm_extended,A3_logistics,none,product,False,none,A3_logistics,none,product,False,none,llm_extended,llm_extended,llm_extended,llm_extended,llm_extended,,batch_ext_065,val,A1_product,val,A3_logistics,POS,POS,POS,0.951
batch_115,8.1,8.1_c6,ăn sáng hàng ngày,ăn sáng hàng ngày,kept_43b,POS,False,False,True,False,high,True,True,False,llm_extended,A1_product,none,product,False,none,A1_product,none,product,False,none,llm_extended,llm_extended,llm_extended,llm_extended,llm_extended,,batch_ext_107,val,A1_product,val,A1_product,POS,NEU,NEU,0.9175
batch_115,8.1,8.1_c7,shop đóng hộp carton gọn gàng cẩn thận,shop đóng hộp carton gọn gàng cẩn thận,kept_43b,POS,False,False,True,False,high,True,True,False,llm_extended,A3_logistics,none,logistics,False,none,A3_logistics,none,logistics,False,none,llm_extended,llm_extended,llm_extended,llm_extended,llm_extended,,batch_ext_027,val,A3_logistics,val,A3_logistics,POS,POS,POS,0.9996
batch_115,8.1,8.1_c8,chất lượng sản phẩm tuyệt vời,chất lượng sản phẩm tuyệt vời,kept_43b,POS,False,False,True,False,high,True,True,False,llm_extended,A1_product,none,product,False,none,A1_product,none,product,False,none,llm_extended,llm_extended,llm_extended,llm_extended,llm_extended,,batch_ext_029,val,A1_product,val,A1_product,POS,POS,POS,0.9997
batch_115,8.1,8.1_c9,giao và vận chuyển hàng nhanh,giao và vận chuyển hàng nhanh,kept_43b,POS,False,False,True,False,high,True,True,False,llm_extended,A3_logistics,none,logistics,False,none,A3_logistics,none,logistics,False,none,llm_extended,llm_extended,llm_extended,llm_extended,llm_extended,,batch_ext_012,val,A3_logistics,val,A3_logistics,POS,POS,POS,0.9994
batch_115,8.1,8.1_c10,bánh phù hợp với giá tiền bỏ ra,bánh phù hợp với giá tiền bỏ ra,kept_43b,POS,False,False,True,False,high,True,True,False,llm_extended,A5_price,none,value,False,none,A5_price,none,value,False,none,llm_extended,llm_extended,llm_extended,llm_extended,llm_extended,,batch_ext_083,val,A5_price,val,A5_price,POS,POS,POS,0.9996
batch_116,81.89,81.89_c1,hàng nhận đủ,hàng nhận đủ,resplit_llm,POS,False,False,True,False,high,False,True,False,llm_extended,A1_product,none,product,False,none,A1_product,none,product,False,none,llm_extended,llm_extended,llm_extended,llm_extended,llm_extended,,batch_ext_048,val,A3_logistics,val,A1_product,POS,POS,POS,0.9991
batch_116,81.89,81.89_c2,lại còn được tặng trái cây sấy,lại còn được tặng trái cây sấy,resplit_llm,POS,False,False,True,False,high,False,True,False,llm_extended,A4_service,none,service,False,none,A4_service,none,service,False,none,llm_extended,llm_extended,llm_extended,llm_extended,llm_extended,,batch_ext_068,val,A4_service,val,A4_service,POS,POS,POS,0.9992
batch_116,81.89,81.89_c3,gói hàng cẩn thận,gói hàng cẩn thận,resplit_llm,POS,False,False,True,False,high,False,True,False,llm_extended,A3_logistics,none,logistics,False,none,A3_logistics,none,logistics,False,none,llm_extended,llm_extended,llm_extended,llm_extended,llm_extended,,batch_ext_017,val,A3_logistics,val,A3_logistics,POS,POS,POS,0.9996
batch_119,85.392,85.392_c1,đóng hàng đầy đủ,đóng hàng đầy đủ,resplit_llm,POS,False,False,True,False,high,False,True,False,llm_extended,A1_product,none,product,False,none,A1_product,none,product,False,none,llm_extended,llm_extended,llm_extended,llm_extended,llm_extended,,batch_ext_090,val,A3_logistics,val,A1_product,POS,POS,POS,0.9992
batch_119,85.392,85.392_c2,mua của dh nhiều rồi uy tín,mua của dh nhiều rồi uy tín,resplit_llm,POS,False,False,True,False,high,False,True,False,llm_extended,A1_product,none,product,False,none,A1_product,none,product,False,none,llm_extended,llm_extended,llm_extended,llm_extended,llm_extended,,batch_ext_009,val,A4_service,val,A1_product,POS,POS,POS,0.9996
batch_119,85.392,85.392_c3,lọ tiện dụng,lọ tiện dụng,resplit_llm,POS,False,False,True,False,high,False,True,False,llm_extended,A5_price,none,value,False,none,A5_price,none,value,False,none,llm_extended,llm_extended,llm_extended,llm_extended,llm_extended,,batch_ext_017,val,A1_product,val,A5_price,POS,POS,POS,0.9993
batch_120,86.21,86.21_c2,đẹp lắm,đẹp lắm,resplit_llm,POS,False,False,True,False,high,False,True,False,llm_extended,A1_product,none,product,False,none,A1_product,none,product,False,none,llm_extended,llm_extended,llm_extended,llm_extended,llm_extended,,batch_ext_069,val,A1_product,val,A1_product,POS,POS,POS,0.9998
batch_120,86.21,86.21_c3,đúng như quảng cáo,đúng như quảng cáo,resplit_llm,POS,False,False,True,False,high,False,True,False,llm_extended,A2_label,none,product,False,none,A2_label,none,product,False,none,llm_extended,llm_extended,llm_extended,llm_extended,llm_extended,,batch_ext_087,val,A2_label,val,A2_label,POS,POS,POS,0.9377
batch_122,87.924,87.924_c1,được tự nhiên sản phẩm,được tự nhiên sản phẩm,kept_43b,POS,False,False,True,False,medium,False,True,True,human_gold_iaa,A1_product,none,product,True,none,A1_product,none,product,True,none,human_gold_iaa,human_gold_iaa,human_gold_iaa,human_gold_iaa,human_gold_iaa,,batch_ext_088,val,A2_label,val,A1_product,POS,POS,POS,0.8836
batch_125,88.1575,88.1575_c1,hàng đẹp oke,hàng đẹp oke,resplit_llm,POS,False,False,True,False,high,False,True,True,human_gold_iaa,A1_product,none,product,False,none,A1_product,none,product,False,none,human_gold_iaa,human_gold_iaa,human_gold_iaa,human_gold_iaa,human_gold_iaa,,batch_ext_081,val,A1_product,val,A1_product,POS,POS,POS,0.9997
batch_125,88.167,88.167_c1,hương vị:ngâm túi trà theo hướng dẫn 5-10p thôi đừng để luôn sẽ khó uống,hương vị:ngâm túi trà theo hướng dẫn 5-10p thôi đừng để luôn sẽ khó uống,kept_43b,NEG,False,False,True,False,high,True,True,False,llm_extended,A2_label,moderate,none,False,none,A2_label,moderate,none,False,none,llm_extended,llm_extended,llm_extended,llm_extended,llm_extended,,batch_ext_089,val,A1_product,val,A2_label,NEG,NEU,NEU,0.9795
batch_125,88.167,88.167_c2,không có vị tanh,không có vị tanh,kept_43b,POS,False,False,True,False,high,True,True,False,llm_extended,A1_product,none,product,False,none,A1_product,none,product,False,none,llm_extended,llm_extended,llm_extended,llm_extended,llm_extended,,batch_ext_001,val,A1_product,val,A1_product,POS,POS,POS,0.9823
batch_125,88.167,88.167_c3,có đá dễ uống hơn,có đá dễ uống hơn,resplit_llm,POS,False,False,True,False,high,True,True,False,llm_extended,A1_product,none,product,False,none,A1_product,none,product,False,none,llm_extended,llm_extended,llm_extended,llm_extended,llm_extended,,batch_ext_089,val,A1_product,val,A1_product,POS,POS,POS,0.5884
batch_125,88.167,88.167_c4,sản phẩm đúng mô tả,sản phẩm đúng mô tả,resplit_llm,POS,False,False,True,False,high,True,True,False,llm_extended,A2_label,none,product,False,none,A2_label,none,product,False,none,llm_extended,llm_extended,llm_extended,llm_extended,llm_extended,,batch_ext_087,val,A2_label,val,A2_label,POS,POS,POS,0.9971
batch_125,88.167,88.167_c5,đóng gói cẩn thận,đóng gói cẩn thận,kept_43b,POS,False,False,True,False,high,True,True,False,llm_extended,A3_logistics,none,logistics,False,none,A3_logistics,none,logistics,False,none,llm_extended,llm_extended,llm_extended,llm_extended,llm_extended,,batch_ext_100,val,A3_logistics,val,A3_logistics,POS,POS,POS,0.9994
batch_125,88.167,88.167_c6,giao hàng khá nhanh,giao hàng khá nhanh,kept_43b,POS,False,False,True,False,high,True,True,False,llm_extended,A3_logistics,none,logistics,False,softener,A3_logistics,none,logistics,False,softener,llm_extended,llm_extended,llm_extended,llm_extended,llm_extended,,batch_ext_113,val,A3_logistics,val,A3_logistics,POS,POS,POS,0.9996
batch_125,88.167,88.167_c7,chất lượng phù hợp với mức giá,chất lượng phù hợp với mức giá,kept_43b,POS,False,False,True,False,high,True,True,False,llm_extended,A5_price,none,value,False,none,A5_price,none,value,False,none,llm_extended,llm_extended,llm_extended,llm_extended,llm_extended,,batch_ext_061,val,A5_price,val,A5_price,POS,POS,POS,0.9993
batch_125,88.167,88.167_c8,sử dụng ổn,sử dụng ổn,kept_43b,POS,False,False,True,False,high,True,True,False,llm_extended,A1_product,none,product,False,none,A1_product,none,product,False,none,llm_extended,llm_extended,llm_extended,llm_extended,llm_extended,,batch_ext_041,val,A1_product,val,A1_product,POS,POS,POS,0.9995
batch_125,88.167,88.167_c9,chưa thấy vấn đề gì,chưa thấy vấn đề gì,kept_43b,POS,False,False,True,False,high,True,True,False,llm_extended,A1_product,moderate,product,False,none,A1_product,moderate,product,False,none,llm_extended,llm_extended,llm_extended,llm_extended,llm_extended,,batch_ext_038,val,A1_product,val,A1_product,POS,NEU,NEU,0.951
batch_125,88.167,88.167_c10,"trải nghiệm mua hàng nhìn chung tốt, mọi thứ diễn ra thuận lợi","trải nghiệm mua hàng nhìn chung tốt, mọi thứ diễn ra thuận lợi",kept_43b,POS,False,False,True,False,high,True,True,False,llm_extended,A1_product,moderate,product,False,softener,A1_product,moderate,product,False,softener,llm_extended,llm_extended,llm_extended,llm_extended,llm_extended,,batch_ext_081,val,A1_product,val,A1_product,POS,POS,POS,0.994
batch_138,95.1058,95.1058_c1,hương vị:dễ ăn,hương vị:dễ ăn,resplit_llm,POS,False,False,True,False,high,False,True,False,llm_extended,A1_product,none,product,False,none,A1_product,none,product,False,none,llm_extended,llm_extended,llm_extended,llm_extended,llm_extended,,batch_ext_054,val,A1_product,val,A1_product,POS,POS,POS,0.9822
batch_139,95.382,95.382_c1,mới ăn thử gói bánh tặng nhưng thấy không ngon,mới ăn thử gói bánh tặng nhưng thấy không ngon,merged_llm,NEG,False,False,True,False,high,True,True,False,llm_extended,A4_service,moderate,service,False,none,A4_service,moderate,service,False,none,llm_extended,llm_extended,llm_extended,llm_extended,llm_extended,,batch_ext_057,val,A1_product,val,A4_service,NEG,NEG,NEG,0.9989
batch_139,95.382,95.382_c2,nói là bánh gạo lức nhưng thực ra là bánh cốm gạo và phủ ít bột gạo lức màu màu,nói là bánh gạo lức nhưng thực ra là bánh cốm gạo và phủ ít bột gạo lức màu màu,merged_llm,NEG,False,False,True,False,high,True,True,False,llm_extended,A1_product,moderate,none,False,none,A1_product,moderate,none,False,none,llm_extended,llm_extended,llm_extended,llm_extended,llm_extended,,batch_ext_083,val,A1_product,val,A1_product,NEG,NEG,NEG,0.9983
batch_139,95.382,95.382_c3,đơn hàng để 4 quà tặng nhưng chỉ là 1 gói bánh bao gồm 12 miếng bánh bên trong,đơn hàng để 4 quà tặng nhưng chỉ là 1 gói bánh bao gồm 12 miếng bánh bên trong,merged_llm,NEG,False,False,True,False,high,True,True,False,llm_extended,A4_service,moderate,none,False,none,A4_service,moderate,none,False,none,llm_extended,llm_extended,llm_extended,llm_extended,llm_extended,,batch_ext_035,val,A4_service,val,A4_service,NEG,NEG,NEG,0.9962
batch_139,95.382,95.382_c4,"vì theo như shop trả lời là 1 phần quà là 3 miếng bánh, mà 4 phần là 12 miếng và shop gộp lại thành 1 gói để tiết kiệm và giảm rác thải","vì theo như shop trả lời là 1 phần quà là 3 miếng bánh, mà 4 phần là 12 miếng và shop gộp lại thành 1 gói để tiết kiệm và giảm rác thải",merged_llm,NEG,False,False,True,False,high,True,True,False,llm_extended,A4_service,moderate,service,False,none,A4_service,moderate,service,False,none,llm_extended,llm_extended,llm_extended,llm_extended,llm_extended,,batch_ext_084,val,A4_service,val,A4_service,NEG,NEG,NEG,0.5274
batch_139,95.382,95.382_c5,coi như shop đếm số miếng bánh trong gói và chia thành 4 phần quà nghe to tác,coi như shop đếm số miếng bánh trong gói và chia thành 4 phần quà nghe to tác,kept_43b,NEG,False,False,True,False,high,True,True,False,llm_extended,A4_service,moderate,none,False,none,A4_service,moderate,none,False,none,llm_extended,llm_extended,llm_extended,llm_extended,llm_extended,,batch_ext_077,val,A4_service,val,A4_service,NEG,POS,POS,0.7858
batch_139,95.382,95.382_c6,tinh vi lắm shop,tinh vi lắm shop,resplit_llm,NEG,False,False,True,False,high,True,True,False,llm_extended,A4_service,moderate,none,False,none,A4_service,moderate,none,False,none,llm_extended,llm_extended,llm_extended,llm_extended,llm_extended,,batch_ext_061,val,A4_service,val,A4_service,NEG,POS,POS,0.953
batch_139,95.382,95.382_c7,sẽ không quay lại,sẽ không quay lại,resplit_llm,NEG,False,False,True,False,high,True,True,False,llm_extended,A1_product,moderate,none,False,none,A1_product,moderate,none,False,none,llm_extended,llm_extended,llm_extended,llm_extended,llm_extended,,batch_ext_093,val,A1_product,val,A1_product,NEG,NEG,NEG,0.9954
batch_026_cb_part1,24.2353,24.2353_c1,"chào mừng bạn đến với bảng nhớ tạm của gboard, bất kỳ văn bản nào bạn sao chép sẽ được lưu tại đây",,kept_43b,POS,False,False,True,False,medium,True,True,False,llm_extended,A1_product,mild,product,False,softener,A1_product,mild,product,False,softener,llm_extended,llm_extended,llm_extended,llm_extended,llm_extended,,batch_ext_036,val,A1_product,val,A1_product,POS,POS,POS,0.9195
batch_026_cb_part2,24.278,24.278_c1,"onfod cam kết - sản phẩm chất lượng, đảm bảo an toàn vệ sinh thực phẩm",,kept_43b,POS,False,False,True,False,medium,True,True,True,human_gold_iaa_override,A1_product,none,product,True,none,A2_label,none,product,True,none,human_gold_iaa,human_gold_iaa,human_gold_iaa,human_gold_iaa,human_gold_iaa,,batch_ext_095,val,A2_label,val,A2_label,POS,POS,POS,0.9195
batch_026_cb_part2,24.278,24.278_c2,cam kết 3 không: không màu tổng hợp - không chất bảo quản - không tạp chất,,kept_43b,POS,False,False,True,False,medium,True,True,True,human_gold_iaa_override,A3_logistics,none,product,True,none,A2_label,none,product,True,none,human_gold_iaa,human_gold_iaa,human_gold_iaa,human_gold_iaa,human_gold_iaa,,batch_ext_031,val,A2_label,val,A2_label,POS,POS,POS,0.9195
batch_026_cb_part2,24.278,24.278_c3,1 đổi 1 trong vòng 7 ngày kể từ khi nhận hàng nếu lỗi do nhà sản xuất,,kept_43b,POS,False,False,True,False,medium,True,True,True,human_gold_iaa_override,A3_logistics,moderate,product,False,conditional,A4_service,moderate,product,False,conditional,human_gold_iaa,human_gold_iaa,human_gold_iaa,human_gold_iaa,human_gold_iaa,,batch_ext_020,val,A4_service,val,A4_service,POS,POS,POS,0.9195
batch_026_cb_part2,24.278,24.278_c4,"hàng luôn có sẵn, đóng gói ngay khi nhận được đơn",,kept_43b,POS,False,False,True,False,medium,True,True,False,llm_extended,A3_logistics,none,product,False,none,A3_logistics,none,product,False,none,llm_extended,llm_extended,llm_extended,llm_extended,llm_extended,,batch_ext_094,val,A3_logistics,val,A3_logistics,POS,POS,POS,0.9195
batch_026_cb_part2,24.278,24.278_c5,tư vấn nhiệt tình,,kept_43b,POS,False,False,True,False,medium,True,True,True,human_gold_iaa,A4_service,none,service,False,none,A4_service,none,service,False,none,human_gold_iaa,human_gold_iaa,human_gold_iaa,human_gold_iaa,human_gold_iaa,,batch_ext_016,val,A4_service,val,A4_service,POS,POS,POS,0.9195
batch_026_cb_part2,24.278,24.278_c6,tận tâm,,kept_43b,POS,False,False,True,False,medium,True,True,False,llm_extended,A1_product,mild,product,False,softener,A1_product,mild,product,False,softener,llm_extended,llm_extended,llm_extended,llm_extended,llm_extended,,batch_ext_057,val,A1_product,val,A1_product,POS,POS,POS,0.9195
batch_026_cb_part2,24.278,24.278_c7,nhanh chóng mang đến trải nghiệm mua sắm tuyệt vời nhất cho khách hàng,,kept_43b,POS,False,False,True,False,medium,True,True,False,llm_extended,A1_product,moderate,product,False,none,A1_product,moderate,product,False,none,llm_extended,llm_extended,llm_extended,llm_extended,llm_extended,,batch_ext_057,val,A1_product,val,A1_product,POS,POS,POS,0.9195
batch_026_cb_part2,24.278,24.278_c8,bảo hành 1 tháng theo chính sách của shopee - khi mẫu lỗi do nhà sản xuất - khi giao sai size sai mẫu khách đã đặt hàng - khi,,kept_43b,POS,False,False,True,False,medium,True,True,True,human_gold_iaa_override,A5_price,moderate,value,True,none,A4_service,moderate,value,False,none,human_gold_iaa,human_gold_iaa,human_gold_iaa,human_gold_iaa,human_gold_iaa,,batch_ext_048,val,A4_service,val,A4_service,POS,POS,POS,0.9195
batch_026_cb_part2,24.278,24.278_c9,giao thiếu hàng - hỗ trợ đổi trả nếu sản phẩm không giống hình,,kept_43b,POS,False,False,True,False,medium,True,True,True,human_gold_iaa_override,A3_logistics,strong,service,False,conditional,A3_logistics,moderate,service,False,conditional,human_gold_iaa,human_gold_iaa,human_gold_iaa,human_gold_iaa,human_gold_iaa,,batch_ext_011,val,A3_logistics,val,A3_logistics,POS,POS,POS,0.9195
batch_082_cb_part1,67.92,67.92_c1,"bún dễ ăn lại ít kalo, phù hợp với người ăn kiêng như mình",,kept_43b,POS,False,False,True,False,medium,True,True,False,llm_extended,A3_logistics,none,product,False,none,A3_logistics,none,product,False,none,llm_extended,llm_extended,llm_extended,llm_extended,llm_extended,,batch_ext_020,val,A1_product,val,A3_logistics,POS,POS,POS,0.9195
batch_shopee_part01,12.33,12.33_c9,mìnlh sẽ giới thiệu cho bạn bè và quay lại mua lần sau,,kept_43b,POS,False,False,True,False,medium,True,True,True,human_gold_iaa_override,A1_product,strong,product,False,wishful,A4_service,strong,product,False,wishful,human_gold_iaa,human_gold_iaa,human_gold_iaa,human_gold_iaa,human_gold_iaa,,batch_ext_031,val,A4_service,val,A4_service,POS,POS,POS,0.9195
batch_shopee_part02,14.33,14.33_c9,mìnlh sẽ giới thiệu cho bạn bè và quay lại mua lần sau,,kept_43b,POS,False,False,True,False,medium,True,True,True,human_gold_iaa_override,A1_product,strong,product,False,wishful,A4_service,strong,product,False,wishful,human_gold_iaa,human_gold_iaa,human_gold_iaa,human_gold_iaa,human_gold_iaa,,batch_ext_081,val,A4_service,val,A4_service,POS,POS,POS,0.9195
batch_shopee_part02,18.268,18.268_c1,hương vị:ok bao bì mẫu mã:hàng,,kept_43b,POS,False,False,True,False,medium,True,True,False,llm_extended,A2_label,moderate,product,False,none,A2_label,moderate,product,False,none,llm_extended,llm_extended,llm_extended,llm_extended,llm_extended,,batch_ext_079,val,A2_label,val,A2_label,POS,POS,POS,0.9195
batch_shopee_part02,18.268,18.268_c2,date xa hàng date xa,,kept_43b,POS,False,False,True,False,medium,True,True,False,llm_extended,A2_label,none,product,False,none,A2_label,none,product,False,none,llm_extended,llm_extended,llm_extended,llm_extended,llm_extended,,batch_ext_039,val,A2_label,val,A2_label,POS,POS,POS,0.9195
batch_shopee_part02,18.268,18.268_c3,nhưng shop nói,,kept_43b,POS,False,False,True,False,medium,True,True,False,llm_extended,A4_service,mild,service,False,none,A4_service,mild,service,False,none,llm_extended,llm_extended,llm_extended,llm_extended,llm_extended,,batch_ext_025,val,A4_service,val,A4_service,POS,POS,POS,0.9195
batch_shopee_part02,18.268,18.268_c4,nhưng đóng gói ẩu,,kept_43b,POS,False,False,True,False,medium,True,True,False,llm_extended,A3_logistics,mild,product,False,none,A3_logistics,mild,product,False,none,llm_extended,llm_extended,llm_extended,llm_extended,llm_extended,,batch_ext_105,val,A3_logistics,val,A3_logistics,POS,POS,POS,0.9195
batch_shopee_part02,18.268,18.268_c5,"nên thùng của mình bị nát, yến mạch xổ ra như trong hình",,kept_43b,POS,False,False,True,False,medium,True,True,False,llm_extended,A3_logistics,moderate,product,False,wishful,A3_logistics,moderate,product,False,wishful,llm_extended,llm_extended,llm_extended,llm_extended,llm_extended,,batch_ext_083,val,A1_product,val,A3_logistics,POS,POS,POS,0.9195
batch_shopee_part02,18.268,18.268_c6,bỏ luôn 1 bịch chứ không dùng đc,,kept_43b,POS,False,False,True,False,medium,True,True,False,llm_extended,A1_product,moderate,product,False,none,A1_product,moderate,product,False,none,llm_extended,llm_extended,llm_extended,llm_extended,llm_extended,,batch_ext_082,val,A1_product,val,A1_product,POS,POS,POS,0.9195
batch_shopee_part02,18.268,18.268_c7,mình định đổi trả,,kept_43b,POS,False,False,True,False,medium,True,True,True,human_gold_iaa_override,A1_product,none,product,False,none,A4_service,moderate,product,False,none,human_gold_iaa,human_gold_iaa,human_gold_iaa,human_gold_iaa,human_gold_iaa,,batch_ext_050,val,A1_product,val,A4_service,POS,POS,POS,0.9195
batch_shopee_part02,18.268,18.268_c8,nhưng đi làm cả ngày và giá cũng rẻ nên thôi,,kept_43b,POS,False,False,True,False,medium,True,True,False,llm_extended,A5_price,moderate,value,False,wishful,A5_price,moderate,value,False,wishful,llm_extended,llm_extended,llm_extended,llm_extended,llm_extended,,batch_ext_107,val,A5_price,val,A5_price,POS,POS,POS,0.9195
batch_shopee_part02,18.268,18.268_c9,cskh ok,,kept_43b,POS,False,False,True,False,medium,True,True,False,llm_extended,A1_product,none,product,False,none,A1_product,none,product,False,none,llm_extended,llm_extended,llm_extended,llm_extended,llm_extended,,batch_ext_099,val,A1_product,val,A1_product,POS,POS,POS,0.9195
batch_shopee_part05,43.53,43.53_c1,bao bì mẫu mã:ok hương vị:ok đây là một trong những,,kept_43b,POS,False,False,True,False,medium,True,True,False,llm_extended,A2_label,moderate,product,False,none,A2_label,moderate,product,False,none,llm_extended,llm_extended,llm_extended,llm_extended,llm_extended,,batch_ext_015,val,A2_label,val,A2_label,POS,POS,POS,0.9195
batch_shopee_part05,43.53,43.53_c2,shop yêu thích của mình nhé các bạn,,kept_43b,POS,False,False,True,False,medium,True,True,False,llm_extended,A4_service,none,service,False,none,A4_service,none,service,False,none,llm_extended,llm_extended,llm_extended,llm_extended,llm_extended,,batch_ext_114,val,A4_service,val,A4_service,POS,POS,POS,0.9195
batch_shopee_part05,43.53,43.53_c3,lần đầu mình có mua bên shop một vài sản phẩm cho bạn mình,,kept_43b,POS,False,False,True,False,medium,True,True,False,llm_extended,A4_service,none,service,False,none,A4_service,none,service,False,none,llm_extended,llm_extended,llm_extended,llm_extended,llm_extended,,batch_ext_073,val,A4_service,val,A4_service,POS,POS,POS,0.9195
batch_shopee_part05,43.53,43.53_c4,nhận gàng về ưng lắm luôn,,kept_43b,POS,False,False,True,False,medium,True,True,False,llm_extended,A1_product,none,product,False,none,A1_product,none,product,False,none,llm_extended,llm_extended,llm_extended,llm_extended,llm_extended,,batch_ext_053,val,A1_product,val,A1_product,POS,POS,POS,0.9195
batch_shopee_part05,43.53,43.53_c5,sản phẩm chất lượng,,kept_43b,POS,False,False,True,False,medium,True,True,False,llm_extended,A1_product,none,product,False,none,A1_product,none,product,False,none,llm_extended,llm_extended,llm_extended,llm_extended,llm_extended,,batch_ext_018,val,A1_product,val,A1_product,POS,POS,POS,0.9195
batch_shopee_part05,43.53,43.53_c6,giá cả phải chăng hơn mấy shop kia,,kept_43b,POS,False,False,True,False,medium,True,True,False,llm_extended,A5_price,none,value,False,none,A5_price,none,value,False,none,llm_extended,llm_extended,llm_extended,llm_extended,llm_extended,,batch_ext_022,val,A5_price,val,A5_price,POS,POS,POS,0.9195
batch_shopee_part05,43.53,43.53_c7,lúc mua thì cũng hơi lo lắng tí vì ít review lắm luôn mà shop lại là mall nên mình đánh liều đặc một lúc luôn full màu.. hỏi có gan không cơ chứ,,kept_43b,POS,False,False,True,False,medium,True,True,False,llm_extended,A4_service,moderate,service,False,wishful,A4_service,moderate,service,False,wishful,llm_extended,llm_extended,llm_extended,llm_extended,llm_extended,,batch_ext_111,val,A4_service,val,A4_service,POS,POS,POS,0.9195
batch_shopee_part05,43.53,43.53_c8,hihi ai ngờ nhận hàng shop không làm mình thất vọng nha,,kept_43b,POS,False,False,True,False,medium,True,True,True,human_gold_iaa_override,A3_logistics,strong,product,False,none,A3_logistics,strong,logistics,False,none,human_gold_iaa,human_gold_iaa,human_gold_iaa,human_gold_iaa,human_gold_iaa,,batch_ext_106,val,A3_logistics,val,A3_logistics,POS,POS,POS,0.9195
batch_shopee_part05,43.53,43.53_c9,hihi chúc shop bán thật đắc hàng,,kept_43b,POS,False,False,True,False,medium,True,True,False,llm_extended,A4_service,none,service,False,none,A4_service,none,service,False,none,llm_extended,llm_extended,llm_extended,llm_extended,llm_extended,,batch_ext_040,val,A4_service,val,A4_service,POS,POS,POS,0.9195
batch_shopee_part05,43.53,43.53_c10,bạn nào lăng tăng về chất lượng tgif yên tâm mua ở shop nhé,,kept_43b,POS,False,False,True,False,medium,True,True,False,llm_extended,A4_service,mild,service,False,softener,A4_service,mild,service,False,softener,llm_extended,llm_extended,llm_extended,llm_extended,llm_extended,,batch_ext_070,val,A4_service,val,A4_service,POS,POS,POS,0.9195
batch_shopee_part05,43.53,43.53_c11,chỉ có hàng chuẩn và giá tốt thôi,,kept_43b,POS,False,False,True,False,medium,True,True,False,llm_extended,A5_price,none,value,False,none,A5_price,none,value,False,none,llm_extended,llm_extended,llm_extended,llm_extended,llm_extended,,batch_ext_074,val,A5_price,val,A5_price,POS,POS,POS,0.9195
batch_shopee_part05,43.53,43.53_c12,cứ yên tâm mà mua mà gom hết đồ bên shop đi nhaa,,kept_43b,POS,False,False,True,False,medium,True,True,False,llm_extended,A4_service,mild,service,False,softener,A4_service,mild,service,False,softener,llm_extended,llm_extended,llm_extended,llm_extended,llm_extended,,batch_ext_076,val,A4_service,val,A4_service,POS,POS,POS,0.9195
batch_shopee_part07,67.49,67.49_c5,"__người không trả tiền cho bạn, sẽ gánh tai ương thay bạn",,kept_43b,POS,False,False,True,False,medium,True,True,False,llm_extended,A5_price,none,value,False,none,A5_price,none,value,False,none,llm_extended,llm_extended,llm_extended,llm_extended,llm_extended,,batch_ext_063,val,A4_service,val,A5_price,POS,POS,POS,0.9195
batch_shopee_part07,67.49,67.49_c6,"__người từng làm tổn thương bạn, sẽ tiêu nghiệp chướng thay bạn",,kept_43b,POS,False,False,True,False,medium,True,True,False,llm_extended,A1_product,none,product,False,none,A1_product,none,product,False,none,llm_extended,llm_extended,llm_extended,llm_extended,llm_extended,,batch_ext_077,val,A1_product,val,A1_product,POS,POS,POS,0.9195
batch_shopee_part07,67.49,67.49_c7,"__nhân quả có xoay vòng, ông trời chưa từng tha cho ai",,kept_43b,POS,False,False,True,False,medium,True,True,False,llm_extended,A1_product,mild,product,False,none,A1_product,mild,product,False,none,llm_extended,llm_extended,llm_extended,llm_extended,llm_extended,,batch_ext_017,val,A1_product,val,A1_product,POS,POS,POS,0.9195
batch_shopee_part07,67.49,67.49_c8,"__chỉ cần bạn lương thiện, chớ có đi oán hận người khác",,kept_43b,POS,False,False,True,False,medium,True,True,False,llm_extended,A1_product,none,product,False,none,A1_product,none,product,False,none,llm_extended,llm_extended,llm_extended,llm_extended,llm_extended,,batch_ext_052,val,A1_product,val,A1_product,POS,POS,POS,0.9195
batch_shopee_part07,67.49,67.49_c9,__bởi oán hận sẽ làm hại chính mình,,kept_43b,POS,False,False,True,False,medium,True,True,False,llm_extended,A1_product,none,product,False,none,A1_product,none,product,False,none,llm_extended,llm_extended,llm_extended,llm_extended,llm_extended,,batch_ext_093,val,A1_product,val,A1_product,POS,POS,POS,0.9195
batch_shopee_part07,67.49,67.49_c10,__làm điều thiện với người,,kept_43b,POS,False,False,True,False,medium,True,True,False,llm_extended,A1_product,none,product,False,none,A1_product,none,product,False,none,llm_extended,llm_extended,llm_extended,llm_extended,llm_extended,,batch_ext_080,val,A1_product,val,A1_product,POS,POS,POS,0.9195
batch_shopee_part07,67.49,67.49_c11,tuy phước chưa tới,,kept_43b,POS,False,False,True,False,medium,True,True,False,llm_extended,A1_product,mild,product,False,none,A1_product,mild,product,False,none,llm_extended,llm_extended,llm_extended,llm_extended,llm_extended,,batch_ext_041,val,A1_product,val,A1_product,POS,POS,POS,0.9195
batch_shopee_part07,67.49,67.49_c12,nhưng hoạ đã rời xa,,kept_43b,POS,False,False,True,False,medium,True,True,False,llm_extended,A1_product,mild,product,False,none,A1_product,mild,product,False,none,llm_extended,llm_extended,llm_extended,llm_extended,llm_extended,,batch_ext_045,val,A1_product,val,A1_product,POS,POS,POS,0.9195
batch_shopee_part07,67.49,67.49_c13,__làm điều ác với người,,kept_43b,POS,False,False,True,False,medium,True,True,False,llm_extended,A1_product,none,product,False,none,A1_product,none,product,False,none,llm_extended,llm_extended,llm_extended,llm_extended,llm_extended,,batch_ext_066,val,A1_product,val,A1_product,POS,POS,POS,0.9195
batch_shopee_part07,67.49,67.49_c14,tuy hoạ chưa tới,,kept_43b,POS,False,False,True,False,medium,True,True,False,llm_extended,A1_product,mild,product,False,none,A1_product,mild,product,False,none,llm_extended,llm_extended,llm_extended,llm_extended,llm_extended,,batch_ext_109,val,A1_product,val,A1_product,POS,POS,POS,0.9195
batch_shopee_part07,67.49,67.49_c15,nhưng phước đã rời xa,,kept_43b,POS,False,False,True,False,medium,True,True,False,llm_extended,A1_product,mild,product,False,none,A1_product,mild,product,False,none,llm_extended,llm_extended,llm_extended,llm_extended,llm_extended,,batch_ext_028,val,A1_product,val,A1_product,POS,POS,POS,0.9195
batch_shopee_part07,67.49,67.49_c16,__luật nhân quả luân hồi nghiệp báo,,kept_43b,POS,False,False,True,False,medium,True,True,False,llm_extended,A1_product,mild,product,False,softener,A1_product,mild,product,False,softener,llm_extended,llm_extended,llm_extended,llm_extended,llm_extended,,batch_ext_082,val,A1_product,val,A1_product,POS,POS,POS,0.9195
batch_shopee_part10,74.717,74.717_c2,không có đong công thức nạc dăm ram nước dừa thịt mua về rửa thật sạch,,kept_43b,POS,False,False,True,False,medium,True,True,True,human_gold_iaa_override,A1_product,none,product,True,none,OOD,none,product,False,none,human_gold_iaa,human_gold_iaa,human_gold_iaa,human_gold_iaa,human_gold_iaa,,batch_ext_058,val,A1_product,val,OOD,POS,POS,POS,0.9195
batch_shopee_part10,74.717,74.717_c3,xắt miếng mỏng khoảng 1cm,,kept_43b,POS,False,False,True,False,medium,True,True,False,llm_extended,A1_product,none,product,False,wishful,A1_product,none,product,False,wishful,llm_extended,llm_extended,llm_extended,llm_extended,llm_extended,,batch_ext_076,val,A1_product,val,A1_product,POS,POS,POS,0.9195
batch_shopee_part10,74.717,74.717_c4,lá búa dằn điều 2 mặt khi chín thịt sẽ mềm ngon không bị cứng ướp thịt : nước mắm ngon xíu bột ngọt xíu tiêu xíu tương ớt xíu ngủ vị hương xíu mật ong nước hành tỏi băm nhuyễn ướp 30 phút bắt chảo lên cho thịt vào áp chảo điều 2 mặt cho thịt hơi cháy cạnh rồi cho hết phần nước ướp vào nấu lửa vừa khi nước ướp thắm gần hết vô thịt thì cho nước dừa tươi vào và sâm sấp mặt thịt vặn lửa vừa nấu đến khi nước dừa rút hết vô thịt,,kept_43b,POS,False,False,True,False,medium,True,True,True,human_gold_iaa_override,A1_product,strong,product,False,softener,OOD,strong,product,False,softener,human_gold_iaa,human_gold_iaa,human_gold_iaa,human_gold_iaa,human_gold_iaa,,batch_ext_087,val,A1_product,val,OOD,POS,POS,POS,0.9195
batch_shopee_part10,74.717,74.717_c5,nước sệt lại và lên màu đẹp là xong,,kept_43b,POS,False,False,True,False,medium,True,True,False,llm_extended,A1_product,none,product,False,none,A1_product,none,product,False,none,llm_extended,llm_extended,llm_extended,llm_extended,llm_extended,,batch_ext_061,val,A1_product,val,A1_product,POS,POS,POS,0.9195
batch_shopee_part13,88.447,88.447_c1,bao bì mẫu mã:ok hương vị:ok đối tượng sử dụng: OK nma e qua ne i chang vậy luôn đó em có đi lễ về,,kept_43b,POS,False,False,True,False,medium,True,True,False,llm_extended,A2_label,moderate,product,False,none,A2_label,moderate,product,False,none,llm_extended,llm_extended,llm_extended,llm_extended,llm_extended,,batch_ext_016,val,A2_label,val,A2_label,POS,POS,POS,0.9195
batch_shopee_part13,88.447,88.447_c2,rồi mà còn có thể dục thể chất lượng của e đi ăn nha mẹ con em nó đi học về rồi à mà em vẫn chưa được ăn gì không có gì đâu mà em đi làm không có đi làm về rồi đó anh không ạ ạ a a có đi lễ về nhà rồi đó em không biết có được nghỉ hè cô gái này có đi lễ không biết sao mà anh nói là nó có đi lễ thì chờ nha,,kept_43b,POS,False,False,True,False,medium,True,True,False,llm_extended,A1_product,mild,product,False,none,A1_product,mild,product,False,none,llm_extended,llm_extended,llm_extended,llm_extended,llm_extended,,batch_ext_063,val,A1_product,val,A1_product,POS,POS,POS,0.9195
batch_029,25.228,25.228_c1,uống thấy cũng mịn,,kept_43b,POS,False,False,True,False,high,False,True,False,llm_extended,A1_product,moderate,product,False,softener,A1_product,moderate,product,False,softener,llm_extended,llm_extended,llm_extended,llm_extended,llm_extended,,batch_ext_105,val,A1_product,val,A1_product,POS,POS,POS,0.9195
batch_034,28.1278,28.1278_c1,giao hàng nhanh,,kept_43b,POS,False,False,True,False,high,False,True,False,llm_extended,A3_logistics,none,logistics,False,none,A3_logistics,none,logistics,False,none,llm_extended,llm_extended,llm_extended,llm_extended,llm_extended,,batch_ext_018,val,A3_logistics,val,A3_logistics,POS,POS,POS,0.9195
batch_034,28.1278,28.1278_c2,"hạt thì ngon, đều, sạch sẽ",,kept_43b,POS,False,False,True,False,high,False,True,True,human_gold_iaa_override,A1_product,none,product,True,none,A1_product,none,product,False,none,human_gold_iaa,human_gold_iaa,human_gold_iaa,human_gold_iaa,human_gold_iaa,,batch_ext_018,val,A1_product,val,A1_product,POS,POS,POS,0.9195
batch_034,28.1278,28.1278_c3,đóng gói cẩn thận,,kept_43b,POS,False,False,True,False,high,False,True,False,llm_extended,A3_logistics,none,logistics,False,none,A3_logistics,none,logistics,False,none,llm_extended,llm_extended,llm_extended,llm_extended,llm_extended,,batch_ext_083,val,A3_logistics,val,A3_logistics,POS,POS,POS,0.9195
batch_082,68.1471,68.1471_c1,bình thường,,kept_43b,NEU,False,False,True,False,high,False,True,False,llm_extended,A1_product,none,none,False,none,A1_product,none,none,False,none,llm_extended,llm_extended,llm_extended,llm_extended,llm_extended,,batch_ext_082,val,A1_product,val,A1_product,NEU,POS,POS,0.9195
batch_118,84.452,84.452_c1,đúng như mô tả,,kept_43b,POS,False,False,True,False,high,False,True,False,llm_extended,A2_label,none,product,False,none,A2_label,none,product,False,none,llm_extended,llm_extended,llm_extended,llm_extended,llm_extended,,batch_ext_006,val,A2_label,val,A2_label,POS,POS,POS,0.9195
batch_131,89.572,89.572_c1,đã mua nhiều cho nội thấy cũng được nên thấy uy tín,,merged_llm,POS,False,False,True,False,high,False,True,False,llm_extended,A1_product,moderate,product,False,wishful,A1_product,moderate,product,False,wishful,llm_extended,llm_extended,llm_extended,llm_extended,llm_extended,,batch_ext_080,val,A1_product,val,A1_product,POS,POS,POS,0.9195
batch_131,89.7,89.7_c1,so good,,kept_43b,POS,False,False,True,False,high,False,True,False,llm_extended,A1_product,none,product,False,none,A1_product,none,product,False,none,llm_extended,llm_extended,llm_extended,llm_extended,llm_extended,,batch_ext_106,val,A1_product,val,A1_product,POS,POS,POS,0.9195
batch_028,24.61,24.61_c2,bao bì mẫu mã:giống như quảng cáo của,bao bì mẫu mã:giống như quảng cáo của,resplit_llm,POS,False,False,True,False,high,True,True,False,llm_extended,A2_label,moderate,product,False,none,A2_label,moderate,product,False,none,llm_extended,llm_extended,llm_extended,llm_extended,llm_extended,,batch_ext_075,val,A2_label,val,A2_label,POS,NEU,NEU,0.6237
batch_028,24.61,24.61_c3,shop giao hàng rất nhanh,shop giao hàng rất nhanh,kept_43b,POS,False,False,True,False,high,True,True,True,human_gold_iaa,A3_logistics,none,logistics,False,none,A3_logistics,none,logistics,False,none,human_gold_iaa,human_gold_iaa,human_gold_iaa,human_gold_iaa,human_gold_iaa,,batch_ext_030,val,A3_logistics,val,A3_logistics,POS,POS,POS,0.9997
batch_028,24.61,24.61_c4,"đóng gói cực kỳ cẩn thận và chắc chắn, hút chân không","đóng gói cực kỳ cẩn thận và chắc chắn, hút chân không",merged_llm,POS,False,False,True,False,high,True,True,False,llm_extended,A3_logistics,none,logistics,False,softener,A3_logistics,none,logistics,False,softener,llm_extended,llm_extended,llm_extended,llm_extended,llm_extended,,batch_ext_053,val,A3_logistics,val,A3_logistics,POS,POS,POS,0.9873
batch_028,24.61,24.61_c7,đặc biệt chính sách bảo hành của onfod rất chuẩn,đặc biệt chính sách bảo hành của onfod rất chuẩn,kept_43b,POS,False,False,True,False,high,True,True,True,human_gold_iaa_override,A1_product,none,product,True,none,A4_service,none,service,False,none,human_gold_iaa,human_gold_iaa,human_gold_iaa,human_gold_iaa,human_gold_iaa,,batch_ext_084,val,A2_label,val,A4_service,POS,POS,POS,0.9943
batch_059,56.2598,56.2598_c1,bịch kẹo atiso của t đâu,bịch kẹo atiso của t đâu,resplit_llm,NEG,False,False,True,False,high,False,True,False,llm_extended,A1_product,moderate,none,False,none,A1_product,moderate,none,False,none,llm_extended,llm_extended,llm_extended,llm_extended,llm_extended,,batch_ext_072,val,A1_product,val,A1_product,NEG,NEG,NEG,0.9381
batch_059,56.2598,56.2598_c2,thấy ai mua cũng được tặng,thấy ai mua cũng được tặng,resplit_llm,NEG,False,False,True,False,high,False,True,False,llm_extended,A4_service,moderate,none,False,softener,A4_service,moderate,none,False,softener,llm_extended,llm_extended,llm_extended,llm_extended,llm_extended,,batch_ext_079,val,A4_service,val,A4_service,NEG,NEU,NEU,0.9872
batch_083,68.1311,68.1311_c2,"đẹp lắm nha cả nhà,","đẹp lắm nha cả nhà,",resplit_llm,POS,False,False,True,False,medium,True,True,True,human_gold_iaa,A1_product,none,product,False,none,A1_product,none,product,False,none,human_gold_iaa,human_gold_iaa,human_gold_iaa,human_gold_iaa,human_gold_iaa,,batch_ext_008,val,A1_product,val,A1_product,POS,POS,POS,0.9995
batch_083,68.1311,68.1311_c3,đáng mua lắm nha,đáng mua lắm nha,resplit_llm,POS,False,False,True,False,medium,True,True,False,llm_extended,A1_product,none,product,False,none,A1_product,none,product,False,none,llm_extended,llm_extended,llm_extended,llm_extended,llm_extended,,batch_ext_088,val,A1_product,val,A1_product,POS,POS,POS,0.9998
batch_133,90.89,90.89_c1,mẫu mã đẹp,mẫu mã đẹp,resplit_llm,POS,False,False,True,False,high,False,True,False,llm_extended,A1_product,none,product,False,none,A1_product,none,product,False,none,llm_extended,llm_extended,llm_extended,llm_extended,llm_extended,,batch_ext_006,val,A2_label,val,A1_product,POS,POS,POS,0.9997
batch_066_cb_part2,6.1994,6.1994_c1,"gạo lứt đen thật sự là một loại thực phẩm vừa ngon vừa bổ hạt gạo có màu tím đen tự nhiên, dẻo thơm nhẹ, khi ăn cảm nhận được vị bùi và hơi ngọt thanh đặc trưng",,kept_43b,POS,False,False,True,False,medium,True,True,True,human_gold_iaa,A1_product,mild,product,True,softener,A1_product,mild,product,True,softener,human_gold_iaa,human_gold_iaa,human_gold_iaa,human_gold_iaa,human_gold_iaa,,batch_ext_084,val,A1_product,val,A1_product,POS,POS,POS,0.9195
batch_066_cb_part2,6.1994,6.1994_c2,không chỉ đẹp mắt,,kept_43b,POS,False,False,True,False,medium,True,True,False,llm_extended,A1_product,none,product,False,none,A1_product,none,product,False,none,llm_extended,llm_extended,llm_extended,llm_extended,llm_extended,,batch_ext_085,val,A1_product,val,A1_product,POS,POS,POS,0.9195
batch_066_cb_part2,6.1994,6.1994_c3,gạo lứt đen còn chứa nhiều chất chống oxy hóa,,kept_43b,POS,False,False,True,False,medium,True,True,True,human_gold_iaa,A1_product,mild,product,True,none,A1_product,mild,product,True,none,human_gold_iaa,human_gold_iaa,human_gold_iaa,human_gold_iaa,human_gold_iaa,,batch_ext_100,val,A1_product,val,A1_product,POS,POS,POS,0.9195
batch_066_cb_part2,6.1994,6.1994_c4,vitamin e,,kept_43b,POS,False,False,True,False,medium,True,True,False,llm_extended,A1_product,none,product,False,none,A1_product,none,product,False,none,llm_extended,llm_extended,llm_extended,llm_extended,llm_extended,,batch_ext_102,val,A1_product,val,A1_product,POS,POS,POS,0.9195
batch_066_cb_part2,6.1994,6.1994_c5,và chất xơ,,kept_43b,POS,False,False,True,False,medium,True,True,False,llm_extended,A1_product,none,product,False,none,A1_product,none,product,False,none,llm_extended,llm_extended,llm_extended,llm_extended,llm_extended,,batch_ext_019,val,A5_price,val,A1_product,POS,POS,POS,0.9195
batch_066_cb_part2,6.1994,6.1994_c6,giúp đẹp da,,kept_43b,POS,False,False,True,False,medium,True,True,True,human_gold_iaa,A1_product,none,product,False,none,A1_product,none,product,False,none,human_gold_iaa,human_gold_iaa,human_gold_iaa,human_gold_iaa,human_gold_iaa,,batch_ext_114,val,A1_product,val,A1_product,POS,POS,POS,0.9195
batch_066_cb_part2,6.1994,6.1994_c7,hỗ trợ tiêu hoá,,kept_43b,POS,False,False,True,False,medium,True,True,False,llm_extended,A4_service,none,service,False,none,A4_service,none,service,False,none,llm_extended,llm_extended,llm_extended,llm_extended,llm_extended,,batch_ext_018,val,A1_product,val,A4_service,POS,POS,POS,0.9195
batch_066_cb_part2,6.1994,6.1994_c8,kiểm soát cân nặng và giảm cholesterol,,kept_43b,POS,False,False,True,False,medium,True,True,False,llm_extended,A1_product,none,product,False,none,A1_product,none,product,False,none,llm_extended,llm_extended,llm_extended,llm_extended,llm_extended,,batch_ext_023,val,A1_product,val,A1_product,POS,POS,POS,0.9195
batch_066_cb_part2,6.1994,6.1994_c9,"có thể nói, gạo lứt đen là siêu thực phẩm của những ai yêu sức khỏe và dáng đẹp vừa tốt cho tim mạch, vừa giúp no lâu mà không sợ tăng cân",,kept_43b,POS,False,False,True,False,medium,True,True,True,human_gold_iaa_override,A4_service,moderate,service,True,none,A1_product,moderate,product,True,none,human_gold_iaa,human_gold_iaa,human_gold_iaa,human_gold_iaa,human_gold_iaa,,batch_ext_080,val,OOD,val,A1_product,POS,POS,POS,0.9195
batch_004,105.1052,105.1052_c1,dễ uống,dễ uống,kept_43b,POS,False,False,True,False,high,False,True,False,llm_extended,A1_product,none,product,False,none,A1_product,none,product,False,none,llm_extended,llm_extended,llm_extended,llm_extended,llm_extended,,batch_ext_012,test,A1_product,test,A1_product,POS,POS,POS,0.9993
batch_004,105.1098,105.1098_c1,hàng đúng mô tả,hàng đúng mô tả,kept_43b,POS,False,False,True,False,high,True,True,False,llm_extended,A2_label,none,product,False,none,A2_label,none,product,False,none,llm_extended,llm_extended,llm_extended,llm_extended,llm_extended,,batch_ext_051,test,A2_label,test,A2_label,POS,POS,POS,0.9982
batch_004,105.1098,105.1098_c2,giao nhanh,giao nhanh,kept_43b,POS,False,False,True,False,high,True,True,False,llm_extended,A3_logistics,none,logistics,False,none,A3_logistics,none,logistics,False,none,llm_extended,llm_extended,llm_extended,llm_extended,llm_extended,,batch_ext_068,test,A3_logistics,test,A3_logistics,POS,POS,POS,0.9988
batch_004,105.1098,105.1098_c3,chất lượng tốt,chất lượng tốt,kept_43b,POS,False,False,True,False,high,True,True,False,llm_extended,A1_product,none,product,False,none,A1_product,none,product,False,none,llm_extended,llm_extended,llm_extended,llm_extended,llm_extended,,batch_ext_088,test,A1_product,test,A1_product,POS,POS,POS,0.9995
batch_004,105.1098,105.1098_c5,đóng gói chắc chắn,đóng gói chắc chắn,resplit_llm,POS,False,False,True,False,high,True,True,False,llm_extended,A3_logistics,none,logistics,False,softener,A3_logistics,none,logistics,False,softener,llm_extended,llm_extended,llm_extended,llm_extended,llm_extended,,batch_ext_033,test,A3_logistics,test,A3_logistics,POS,POS,POS,0.9991
batch_004,105.1098,105.1098_c6,sản phẩm đẹp,sản phẩm đẹp,resplit_llm,POS,False,False,True,False,high,True,True,False,llm_extended,A1_product,none,product,False,none,A1_product,none,product,False,none,llm_extended,llm_extended,llm_extended,llm_extended,llm_extended,,batch_ext_101,test,A1_product,test,A1_product,POS,POS,POS,0.9996
batch_004,105.1098,105.1098_c8,giá hợp lý,giá hợp lý,kept_43b,POS,False,False,True,False,high,True,True,False,llm_extended,A5_price,none,value,False,none,A5_price,none,value,False,none,llm_extended,llm_extended,llm_extended,llm_extended,llm_extended,,batch_ext_038,test,A5_price,test,A5_price,POS,POS,POS,0.9996
batch_004,105.1098,105.1098_c10,shop tư vấn nhiệt tình,shop tư vấn nhiệt tình,kept_43b,POS,False,False,True,False,high,True,True,False,llm_extended,A4_service,none,service,False,none,A4_service,none,service,False,none,llm_extended,llm_extended,llm_extended,llm_extended,llm_extended,,batch_ext_040,test,A4_service,test,A4_service,POS,POS,POS,0.9996
batch_004,105.1098,105.1098_c13,rất đáng tiền,rất đáng tiền,resplit_llm,POS,False,False,True,False,high,True,True,False,llm_extended,A5_price,none,value,False,none,A5_price,none,value,False,none,llm_extended,llm_extended,llm_extended,llm_extended,llm_extended,,batch_ext_106,test,A5_price,test,A5_price,POS,POS,POS,0.9997
batch_004,105.1098,105.1098_c14,shop uy tín,shop uy tín,kept_43b,POS,False,False,True,False,high,True,True,True,human_gold_iaa,A4_service,none,service,False,none,A4_service,none,service,False,none,human_gold_iaa,human_gold_iaa,human_gold_iaa,human_gold_iaa,human_gold_iaa,,batch_ext_029,test,A4_service,test,A4_service,POS,POS,POS,0.9996
batch_008,112.367,112.367_c1,gói chắc chắn,gói chắc chắn,kept_43b,POS,False,False,True,False,high,False,True,False,llm_extended,A1_product,none,product,False,softener,A1_product,none,product,False,softener,llm_extended,llm_extended,llm_extended,llm_extended,llm_extended,,batch_ext_078,test,A3_logistics,test,A1_product,POS,POS,POS,0.9977
batch_008,112.379,112.379_c1,sốp gói hàng kỹ,sốp gói hàng kỹ,kept_43b,POS,False,False,True,False,high,False,True,False,llm_extended,A3_logistics,none,logistics,False,none,A3_logistics,none,logistics,False,none,llm_extended,llm_extended,llm_extended,llm_extended,llm_extended,,batch_ext_029,test,A3_logistics,test,A3_logistics,POS,POS,POS,0.9996
batch_010,12.1346,12.1346_c3,nhận hàng mà rất ưng với cách đóng gói từng không hút chân không tem mác đầy đủ của shop,nhận hàng mà rất ưng với cách đóng gói từng không hút chân không tem mác đầy đủ của shop,merged_llm,POS,False,False,True,False,high,True,True,False,llm_extended,A5_price,moderate,value,False,none,A5_price,moderate,value,False,none,llm_extended,llm_extended,llm_extended,llm_extended,llm_extended,,batch_ext_041,test,A3_logistics,test,A5_price,POS,NEU,NEU,0.9997
batch_010,12.1346,12.1346_c4,"gạo thơm ngon , chất lượng ok","gạo thơm ngon , chất lượng ok",kept_43b,POS,False,False,True,False,high,True,True,False,llm_extended,A1_product,none,product,False,none,A1_product,none,product,False,none,llm_extended,llm_extended,llm_extended,llm_extended,llm_extended,,batch_ext_107,test,A1_product,test,A1_product,POS,POS,POS,0.9997
batch_010,12.1346,12.1346_c5,mua được ngày sale ưng lại càng ưng hơn,mua được ngày sale ưng lại càng ưng hơn,kept_43b,POS,False,False,True,False,high,True,True,True,human_gold_iaa,A5_price,none,value,False,none,A5_price,none,value,False,none,human_gold_iaa,human_gold_iaa,human_gold_iaa,human_gold_iaa,human_gold_iaa,,batch_ext_044,test,A1_product,test,A5_price,POS,POS,POS,0.9997
batch_010,12.1346,12.1346_c6,10đ cho shop và cho bạn ship nữa,10đ cho shop và cho bạn ship nữa,kept_43b,POS,False,False,True,False,high,True,True,False,llm_extended,A5_price,none,value,False,none,A5_price,none,value,False,none,llm_extended,llm_extended,llm_extended,llm_extended,llm_extended,,batch_ext_047,test,A4_service,test,A5_price,POS,POS,POS,0.9996
batch_011,12.792,12.792_c1,đúng đủ số lượng gạo,đúng đủ số lượng gạo,kept_43b,POS,False,False,True,False,high,False,True,False,llm_extended,A1_product,none,product,False,none,A1_product,none,product,False,none,llm_extended,llm_extended,llm_extended,llm_extended,llm_extended,,batch_ext_003,test,A1_product,test,A1_product,POS,POS,POS,0.9991
batch_012,12.849,12.849_c2,sản phẩm bình thường,sản phẩm bình thường,resplit_llm,NEU,False,False,True,False,high,False,True,False,llm_extended,A1_product,none,none,False,none,A1_product,none,none,False,none,llm_extended,llm_extended,llm_extended,llm_extended,llm_extended,,batch_ext_054,test,A1_product,test,A1_product,NEU,NEU,NEU,0.9921
batch_012,12.86,12.86_c1,"shop cũng rất chu đáo, có ghi chú cảm ơn và hướng dẫn sử dụng rõ ràng","shop cũng rất chu đáo, có ghi chú cảm ơn và hướng dẫn sử dụng rõ ràng",kept_43b,POS,False,False,True,False,high,True,True,False,llm_extended,A2_label,moderate,service,False,softener,A2_label,moderate,service,False,softener,llm_extended,llm_extended,llm_extended,llm_extended,llm_extended,,batch_ext_048,test,A4_service,test,A2_label,POS,POS,POS,0.9996
batch_012,12.86,12.86_c2,mình đặc biệt thích uh cách shop trả lời tin nhắn nhanh và hỗ trợ nhiệt tình,mình đặc biệt thích uh cách shop trả lời tin nhắn nhanh và hỗ trợ nhiệt tình,kept_43b,POS,False,False,True,False,high,True,True,False,llm_extended,A4_service,moderate,logistics,False,none,A4_service,moderate,logistics,False,none,llm_extended,llm_extended,llm_extended,llm_extended,llm_extended,,batch_ext_096,test,A4_service,test,A4_service,POS,POS,POS,0.9995
batch_012,12.86,12.86_c6,giao hàng nhanh,giao hàng nhanh,kept_43b,POS,False,False,True,False,high,True,True,False,llm_extended,A3_logistics,none,logistics,False,none,A3_logistics,none,logistics,False,none,llm_extended,llm_extended,llm_extended,llm_extended,llm_extended,,batch_ext_074,test,A3_logistics,test,A3_logistics,POS,POS,POS,0.9997
batch_013,14.1346,14.1346_c3,nhận hàng mà rất ưng với cách đóng gói từng không hút chân không tem mác đầy đủ của shop,nhận hàng mà rất ưng với cách đóng gói từng không hút chân không tem mác đầy đủ của shop,merged_llm,POS,False,False,True,False,high,True,True,False,llm_extended,A5_price,moderate,value,False,none,A5_price,moderate,value,False,none,llm_extended,llm_extended,llm_extended,llm_extended,llm_extended,,batch_ext_074,test,A3_logistics,test,A5_price,POS,NEU,NEU,0.9997
batch_013,14.1346,14.1346_c4,"gạo thơm ngon , chất lượng ok","gạo thơm ngon , chất lượng ok",kept_43b,POS,False,False,True,False,high,True,True,False,llm_extended,A1_product,none,product,False,none,A1_product,none,product,False,none,llm_extended,llm_extended,llm_extended,llm_extended,llm_extended,,batch_ext_014,test,A1_product,test,A1_product,POS,POS,POS,0.9997
batch_013,14.1346,14.1346_c5,mua được ngày sale ưng lại càng ưng hơn,mua được ngày sale ưng lại càng ưng hơn,kept_43b,POS,False,False,True,False,high,True,True,True,human_gold_iaa,A5_price,none,value,False,none,A5_price,none,value,False,none,human_gold_iaa,human_gold_iaa,human_gold_iaa,human_gold_iaa,human_gold_iaa,,batch_ext_092,test,A1_product,test,A5_price,POS,POS,POS,0.9997
batch_013,14.1346,14.1346_c6,10đ cho shop và cho bạn ship nữa,10đ cho shop và cho bạn ship nữa,kept_43b,POS,False,False,True,False,high,True,True,False,llm_extended,A5_price,none,value,False,none,A5_price,none,value,False,none,llm_extended,llm_extended,llm_extended,llm_extended,llm_extended,,batch_ext_097,test,A4_service,test,A5_price,POS,POS,POS,0.9996
batch_017,18.535,18.535_c1,chấp nhận được,chấp nhận được,kept_43b,POS,False,False,True,False,medium,False,True,False,llm_extended,A1_product,none,product,False,none,A1_product,none,product,False,none,llm_extended,llm_extended,llm_extended,llm_extended,llm_extended,,batch_ext_069,test,A5_price,test,A1_product,POS,POS,POS,0.9964
batch_022,20.977,20.977_c1,lần đầu mình mua sản của shop rất là ok,lần đầu mình mua sản của shop rất là ok,kept_43b,POS,False,False,True,False,high,True,True,False,llm_extended,A4_service,none,service,False,none,A4_service,none,service,False,none,llm_extended,llm_extended,llm_extended,llm_extended,llm_extended,,batch_ext_055,test,A4_service,test,A4_service,POS,POS,POS,0.9997
batch_022,20.977,20.977_c3,nhưng mình đã rất thật vọng khi sử dụng sản phẩm của shop,nhưng mình đã rất thật vọng khi sử dụng sản phẩm của shop,kept_43b,NEG,False,False,True,False,high,True,True,True,human_gold_iaa_override,A4_service,strong,none,False,none,A1_product,moderate,none,False,none,human_gold_iaa,human_gold_iaa,human_gold_iaa,human_gold_iaa,human_gold_iaa,,batch_ext_027,test,A4_service,test,A1_product,NEG,NEG,NEG,0.9857
batch_022,20.977,20.977_c4,trong gói hạt chia của shop có rất nhiều vật thể là và to như trong ảnh và video,trong gói hạt chia của shop có rất nhiều vật thể là và to như trong ảnh và video,resplit_llm,NEG,False,False,True,False,high,True,True,False,llm_extended,A4_service,moderate,none,False,none,A4_service,moderate,none,False,none,llm_extended,llm_extended,llm_extended,llm_extended,llm_extended,,batch_ext_101,test,A4_service,test,A4_service,NEG,POS,POS,0.9983
batch_022,20.977,20.977_c5,không những thế còn rất nhiều sạn trong gói,không những thế còn rất nhiều sạn trong gói,resplit_llm,NEG,False,False,True,False,high,True,True,False,llm_extended,A1_product,moderate,none,False,none,A1_product,moderate,none,False,none,llm_extended,llm_extended,llm_extended,llm_extended,llm_extended,,batch_ext_025,test,A1_product,test,A1_product,NEG,NEG,NEG,0.9823
batch_022,20.977,20.977_c7,không biết ở dưới còn nhiều cặn như nào,không biết ở dưới còn nhiều cặn như nào,kept_43b,NEG,False,False,True,False,high,True,True,False,llm_extended,A1_product,moderate,none,False,none,A1_product,moderate,none,False,none,llm_extended,llm_extended,llm_extended,llm_extended,llm_extended,,batch_ext_114,test,A1_product,test,A1_product,NEG,NEU,NEU,0.8814
batch_022,20.977,20.977_c8,đấy là còn chưa kể mk đã ngâm và ủ qua nước lọc trước xong thay cho bớt cặn mà còn uống rất sạn,đấy là còn chưa kể mk đã ngâm và ủ qua nước lọc trước xong thay cho bớt cặn mà còn uống rất sạn,kept_43b,NEG,False,False,True,False,high,True,True,False,llm_extended,A1_product,moderate,none,False,none,A1_product,moderate,none,False,none,llm_extended,llm_extended,llm_extended,llm_extended,llm_extended,,batch_ext_066,test,A1_product,test,A1_product,NEG,POS,POS,0.7862
batch_022,20.977,20.977_c9,mk còn mua 2 gói gạo của shop nhg chưa thử được không biết có bị sít rịt gì không,mk còn mua 2 gói gạo của shop nhg chưa thử được không biết có bị sít rịt gì không,kept_43b,NEG,False,False,True,False,high,True,True,False,llm_extended,A4_service,moderate,none,False,none,A4_service,moderate,none,False,none,llm_extended,llm_extended,llm_extended,llm_extended,llm_extended,,batch_ext_108,test,A4_service,test,A4_service,NEG,POS,POS,0.9987
batch_022,20.977,20.977_c10,thất vọng về shop,thất vọng về shop,kept_43b,NEG,False,False,True,False,high,True,True,True,human_gold_iaa_override,A4_service,strong,none,False,none,A4_service,moderate,none,False,none,human_gold_iaa,human_gold_iaa,human_gold_iaa,human_gold_iaa,human_gold_iaa,,batch_ext_087,test,A4_service,test,A4_service,NEG,NEG,NEG,0.9976
batch_022,21.222,21.222_c1,đậu nành hữu cơ nên đảm bảo được an toàn cho sức khỏe,đậu nành hữu cơ nên đảm bảo được an toàn cho sức khỏe,resplit_llm,POS,False,False,True,False,high,False,True,True,human_gold_iaa_override,A1_product,none,product,True,wishful,A2_label,none,product,True,wishful,human_gold_iaa,human_gold_iaa,human_gold_iaa,human_gold_iaa,human_gold_iaa,,batch_ext_067,test,A2_label,test,A2_label,POS,POS,POS,0.9968
batch_023,21.339,21.339_c1,đúng mô tả,đúng mô tả,kept_43b,POS,False,False,True,False,high,False,True,False,llm_extended,A2_label,none,product,False,none,A2_label,none,product,False,none,llm_extended,llm_extended,llm_extended,llm_extended,llm_extended,,batch_ext_061,test,A2_label,test,A2_label,POS,POS,POS,0.9936
batch_025,24.174,24.174_c1,mình đã nhận được đơn hàng và khá hài lòng với sản phẩm,mình đã nhận được đơn hàng và khá hài lòng với sản phẩm,kept_43b,POS,False,False,True,False,high,True,True,False,llm_extended,A1_product,none,product,False,softener,A1_product,none,product,False,softener,llm_extended,llm_extended,llm_extended,llm_extended,llm_extended,,batch_ext_101,test,A1_product,test,A1_product,POS,POS,POS,0.9991
batch_025,24.174,24.174_c2,chất lượng đúng như mô tả,chất lượng đúng như mô tả,kept_43b,POS,False,False,True,False,high,True,True,False,llm_extended,A2_label,none,product,False,none,A2_label,none,product,False,none,llm_extended,llm_extended,llm_extended,llm_extended,llm_extended,,batch_ext_009,test,A2_label,test,A2_label,POS,POS,POS,0.9993
batch_025,24.174,24.174_c3,đóng gói cẩn thận,đóng gói cẩn thận,kept_43b,POS,False,False,True,False,high,True,True,False,llm_extended,A3_logistics,none,logistics,False,none,A3_logistics,none,logistics,False,none,llm_extended,llm_extended,llm_extended,llm_extended,llm_extended,,batch_ext_001,test,A3_logistics,test,A3_logistics,POS,POS,POS,0.9994
batch_025,24.174,24.174_c4,không bị móp méo hay hư hỏng trong quá trình vận chuyển,không bị móp méo hay hư hỏng trong quá trình vận chuyển,merged_llm,POS,False,False,True,False,high,True,True,True,human_gold_iaa_override,A3_logistics,strong,product,False,none,A3_logistics,strong,logistics,False,none,human_gold_iaa,human_gold_iaa,human_gold_iaa,human_gold_iaa,human_gold_iaa,,batch_ext_052,test,A1_product,test,A3_logistics,POS,POS,POS,0.9879
batch_025,24.174,24.174_c5,"thời gian giao hàng nhanh hơn mong đợi, chỉ mất vài ngày là nhận được","thời gian giao hàng nhanh hơn mong đợi, chỉ mất vài ngày là nhận được",kept_43b,POS,False,False,True,False,high,True,True,False,llm_extended,A3_logistics,none,logistics,False,wishful,A3_logistics,none,logistics,False,wishful,llm_extended,llm_extended,llm_extended,llm_extended,llm_extended,,batch_ext_078,test,A3_logistics,test,A3_logistics,POS,POS,POS,0.999
batch_025,24.174,24.174_c6,shop tư vấn nhiệt tình,shop tư vấn nhiệt tình,kept_43b,POS,False,False,True,False,high,True,True,False,llm_extended,A4_service,none,service,False,none,A4_service,none,service,False,none,llm_extended,llm_extended,llm_extended,llm_extended,llm_extended,,batch_ext_051,test,A4_service,test,A4_service,POS,POS,POS,0.9996
batch_025,24.174,24.174_c7,phản hồi tin nhắn nhanh,phản hồi tin nhắn nhanh,kept_43b,POS,False,False,True,False,high,True,True,False,llm_extended,A4_service,mild,logistics,False,softener,A4_service,mild,logistics,False,softener,llm_extended,llm_extended,llm_extended,llm_extended,llm_extended,,batch_ext_050,test,A1_product,test,A4_service,POS,POS,POS,0.9997
batch_025,24.174,24.174_c8,tạo cảm giác yên tâm khi mua sắm,tạo cảm giác yên tâm khi mua sắm,kept_43b,POS,False,False,True,False,high,True,True,False,llm_extended,A1_product,mild,product,False,softener,A1_product,mild,product,False,softener,llm_extended,llm_extended,llm_extended,llm_extended,llm_extended,,batch_ext_024,test,A1_product,test,A1_product,POS,POS,POS,0.9978
batch_030,25.98,25.98_c1,"hương vị:hương vị và mùi oke, dễ uống","hương vị:hương vị và mùi oke, dễ uống",resplit_llm,POS,False,False,True,False,high,False,True,True,human_gold_iaa,A1_product,none,product,False,none,A1_product,none,product,False,none,human_gold_iaa,human_gold_iaa,human_gold_iaa,human_gold_iaa,human_gold_iaa,,batch_ext_107,test,A1_product,test,A1_product,POS,POS,POS,0.9994
batch_030,25.98,25.98_c2,"dinh dưỡng:sản phẩm bổ xung nhiều chất xơ, đạm và nhiều chất khác","dinh dưỡng:sản phẩm bổ xung nhiều chất xơ, đạm và nhiều chất khác",resplit_llm,POS,False,False,True,False,high,False,True,False,llm_extended,A1_product,none,product,False,none,A1_product,none,product,False,none,llm_extended,llm_extended,llm_extended,llm_extended,llm_extended,,batch_ext_112,test,A1_product,test,A1_product,POS,NEU,NEU,0.8332
batch_038,28.2556,28.2556_c1,hạt dinh dưỡng onfod cho bé ăn dặm làm sữa hạt nguyên chất đậu lăng,hạt dinh dưỡng onfod cho bé ăn dặm làm sữa hạt nguyên chất đậu lăng,kept_43b,NEU,False,False,True,False,high,False,True,True,human_gold_iaa_override,A1_product,strong,none,True,none,A1_product,strong,none,False,none,human_gold_iaa,human_gold_iaa,human_gold_iaa,human_gold_iaa,human_gold_iaa,,batch_ext_046,test,A1_product,test,A1_product,NEU,POS,POS,0.9978
batch_041,31.194,31.194_c1,mọi người mua pha với mật ong hoặc sữa rất ngon và thơm ạ,mọi người mua pha với mật ong hoặc sữa rất ngon và thơm ạ,kept_43b,POS,False,False,True,False,medium,True,True,False,llm_extended,A1_product,none,product,False,none,A1_product,none,product,False,none,llm_extended,llm_extended,llm_extended,llm_extended,llm_extended,,batch_ext_055,test,A1_product,test,A1_product,POS,POS,POS,0.9997
batch_041,31.194,31.194_c2,sản phẩm nhận được đúng như mô tả,sản phẩm nhận được đúng như mô tả,kept_43b,POS,False,False,True,False,medium,True,True,False,llm_extended,A2_label,none,product,False,none,A2_label,none,product,False,none,llm_extended,llm_extended,llm_extended,llm_extended,llm_extended,,batch_ext_098,test,A2_label,test,A2_label,POS,POS,POS,0.9983
batch_041,31.194,31.194_c3,chất lượng tốt,chất lượng tốt,kept_43b,POS,False,False,True,False,medium,True,True,False,llm_extended,A1_product,none,product,False,none,A1_product,none,product,False,none,llm_extended,llm_extended,llm_extended,llm_extended,llm_extended,,batch_ext_009,test,A1_product,test,A1_product,POS,POS,POS,0.9995
batch_041,31.194,31.194_c4,đóng gói cẩn thận,đóng gói cẩn thận,kept_43b,POS,False,False,True,False,medium,True,True,False,llm_extended,A3_logistics,none,logistics,False,none,A3_logistics,none,logistics,False,none,llm_extended,llm_extended,llm_extended,llm_extended,llm_extended,,batch_ext_070,test,A3_logistics,test,A3_logistics,POS,POS,POS,0.9994
batch_041,31.194,31.194_c5,dễ sử dụng,dễ sử dụng,resplit_llm,POS,False,False,True,False,medium,True,True,False,llm_extended,A1_product,none,product,False,none,A1_product,none,product,False,none,llm_extended,llm_extended,llm_extended,llm_extended,llm_extended,,batch_ext_042,test,A1_product,test,A1_product,POS,POS,POS,0.9997
batch_041,31.194,31.194_c6,và phù hợp với nhu cầu hàng ngày,và phù hợp với nhu cầu hàng ngày,resplit_llm,POS,False,False,True,False,medium,True,True,False,llm_extended,A3_logistics,none,product,False,none,A3_logistics,none,product,False,none,llm_extended,llm_extended,llm_extended,llm_extended,llm_extended,,batch_ext_072,test,A3_logistics,test,A3_logistics,POS,POS,POS,0.9982
batch_041,31.194,31.194_c7,mua xong cảm thấy rất hài lòng,mua xong cảm thấy rất hài lòng,kept_43b,POS,False,False,True,False,medium,True,True,False,llm_extended,A1_product,none,product,False,none,A1_product,none,product,False,none,llm_extended,llm_extended,llm_extended,llm_extended,llm_extended,,batch_ext_112,test,A1_product,test,A1_product,POS,POS,POS,0.9994
batch_041,31.194,31.194_c8,cảm ơn shop đã bán hàng uy tín,cảm ơn shop đã bán hàng uy tín,merged_llm,POS,False,False,True,False,medium,True,True,False,llm_extended,A4_service,none,service,False,none,A4_service,none,service,False,none,llm_extended,llm_extended,llm_extended,llm_extended,llm_extended,,batch_ext_077,test,A4_service,test,A4_service,POS,POS,POS,0.9991
batch_041,31.194,31.194_c9,"và cảm ơn anh shipper đã giao hàng nhanh chóng, nhiệt tình","và cảm ơn anh shipper đã giao hàng nhanh chóng, nhiệt tình",merged_llm,POS,False,False,True,False,medium,True,True,False,llm_extended,A3_logistics,none,service,False,none,A3_logistics,none,service,False,none,llm_extended,llm_extended,llm_extended,llm_extended,llm_extended,,batch_ext_041,test,A3_logistics,test,A3_logistics,POS,POS,POS,0.9997
batch_042,34.427,34.427_c1,sản phẩm giống mô tả,sản phẩm giống mô tả,kept_43b,POS,False,False,True,False,high,False,True,False,llm_extended,A2_label,none,product,False,none,A2_label,none,product,False,none,llm_extended,llm_extended,llm_extended,llm_extended,llm_extended,,batch_ext_070,test,A2_label,test,A2_label,POS,POS,POS,0.9941
batch_042,34.483,34.483_c1,yến mạch oke,yến mạch oke,resplit_llm,POS,False,False,True,False,high,False,True,False,llm_extended,A1_product,none,product,False,none,A1_product,none,product,False,none,llm_extended,llm_extended,llm_extended,llm_extended,llm_extended,,batch_ext_015,test,A1_product,test,A1_product,POS,POS,POS,0.9993
batch_044,35.86,35.86_c1,sản phẩm vượt ngoài mong đợi,sản phẩm vượt ngoài mong đợi,kept_43b,POS,False,False,True,False,high,True,True,False,llm_extended,A1_product,none,product,False,wishful,A1_product,none,product,False,wishful,llm_extended,llm_extended,llm_extended,llm_extended,llm_extended,,batch_ext_046,test,A1_product,test,A1_product,POS,POS,POS,0.9997
batch_044,35.86,35.86_c2,chất lượng tốt,chất lượng tốt,kept_43b,POS,False,False,True,False,high,True,True,False,llm_extended,A1_product,none,product,False,none,A1_product,none,product,False,none,llm_extended,llm_extended,llm_extended,llm_extended,llm_extended,,batch_ext_088,test,A1_product,test,A1_product,POS,POS,POS,0.9995
batch_044,35.86,35.86_c3,đóng gói cẩn thận,đóng gói cẩn thận,resplit_llm,POS,False,False,True,False,high,True,True,False,llm_extended,A3_logistics,none,logistics,False,none,A3_logistics,none,logistics,False,none,llm_extended,llm_extended,llm_extended,llm_extended,llm_extended,,batch_ext_110,test,A3_logistics,test,A3_logistics,POS,POS,POS,0.9994
batch_044,35.86,35.86_c4,và giao hàng nhanh chóng,và giao hàng nhanh chóng,resplit_llm,POS,False,False,True,False,high,True,True,False,llm_extended,A3_logistics,none,logistics,False,none,A3_logistics,none,logistics,False,none,llm_extended,llm_extended,llm_extended,llm_extended,llm_extended,,batch_ext_085,test,A3_logistics,test,A3_logistics,POS,POS,POS,0.9993
batch_044,35.86,35.86_c5,"màu sắc, kiểu dáng đúng như hình","màu sắc, kiểu dáng đúng như hình",kept_43b,POS,False,False,True,False,high,True,True,False,llm_extended,A1_product,none,product,False,none,A1_product,none,product,False,none,llm_extended,llm_extended,llm_extended,llm_extended,llm_extended,,batch_ext_101,test,A1_product,test,A1_product,POS,POS,POS,0.9387
batch_044,35.86,35.86_c6,"đặc biệt, sản phẩm dùng rất hiệu quả","đặc biệt, sản phẩm dùng rất hiệu quả",merged_llm,POS,False,False,True,False,high,True,True,False,llm_extended,A1_product,none,product,False,none,A1_product,none,product,False,none,llm_extended,llm_extended,llm_extended,llm_extended,llm_extended,,batch_ext_028,test,A1_product,test,A1_product,POS,POS,POS,0.9987
batch_044,35.86,35.86_c7,đúng với mô tả của shop,đúng với mô tả của shop,kept_43b,POS,False,False,True,False,high,True,True,False,llm_extended,A2_label,none,product,False,none,A2_label,none,product,False,none,llm_extended,llm_extended,llm_extended,llm_extended,llm_extended,,batch_ext_091,test,A2_label,test,A2_label,POS,POS,POS,0.9974
batch_044,35.86,35.86_c9,rất đáng tiền,rất đáng tiền,kept_43b,POS,False,False,True,False,high,True,True,True,human_gold_iaa,A5_price,none,value,False,none,A5_price,none,value,False,none,human_gold_iaa,human_gold_iaa,human_gold_iaa,human_gold_iaa,human_gold_iaa,,batch_ext_061,test,A5_price,test,A5_price,POS,POS,POS,0.9997
batch_050,47.2151,47.2151_c1,mua mấy đợt sau táo ăn dở kiểu gì ấy,mua mấy đợt sau táo ăn dở kiểu gì ấy,kept_43b,NEG,False,False,True,False,high,False,True,False,llm_extended,A1_product,moderate,none,False,none,A1_product,moderate,none,False,none,llm_extended,llm_extended,llm_extended,llm_extended,llm_extended,,batch_ext_020,test,A1_product,test,A1_product,NEG,NEG,NEG,0.9995
batch_057,56.1943,56.1943_c1,mua gói này còn được tặng thêm 1 gói kẹo,mua gói này còn được tặng thêm 1 gói kẹo,resplit_llm,POS,False,False,True,False,high,False,True,True,human_gold_iaa,A4_service,none,service,False,none,A4_service,none,service,False,none,human_gold_iaa,human_gold_iaa,human_gold_iaa,human_gold_iaa,human_gold_iaa,,batch_ext_033,test,A4_service,test,A4_service,POS,POS,POS,0.9979
batch_057,56.1943,56.1943_c2,app mã vào được giảm nhiều lắm mn,app mã vào được giảm nhiều lắm mn,resplit_llm,POS,False,False,True,False,high,False,True,False,llm_extended,A1_product,none,product,False,none,A1_product,none,product,False,none,llm_extended,llm_extended,llm_extended,llm_extended,llm_extended,,batch_ext_019,test,A1_product,test,A1_product,POS,POS,POS,0.9987
batch_060,56.2942,56.2942_c1,mùi vị dễ uống,mùi vị dễ uống,resplit_llm,POS,False,False,True,False,high,False,True,False,llm_extended,A1_product,none,product,False,none,A1_product,none,product,False,none,llm_extended,llm_extended,llm_extended,llm_extended,llm_extended,,batch_ext_084,test,A1_product,test,A1_product,POS,POS,POS,0.9997
batch_060,56.2942,56.2942_c2,hy vọng hiệu quả,hy vọng hiệu quả,resplit_llm,NEU,False,False,True,False,high,False,True,False,llm_extended,A1_product,none,none,False,wishful,A1_product,none,none,False,wishful,llm_extended,llm_extended,llm_extended,llm_extended,llm_extended,,batch_ext_019,test,A1_product,test,A1_product,NEU,NEU,NEU,0.9968
batch_060,56.2972,56.2972_c1,mình uống được gần hơn 1t thấy trong người cũng mát hơn trước một xíu,mình uống được gần hơn 1t thấy trong người cũng mát hơn trước một xíu,kept_43b,POS,False,False,True,False,medium,False,True,False,llm_extended,A1_product,moderate,product,False,softener,A1_product,moderate,product,False,softener,llm_extended,llm_extended,llm_extended,llm_extended,llm_extended,,batch_ext_092,test,A1_product,test,A1_product,POS,POS,POS,0.9992
batch_063,59.372,59.372_c1,sản phẩm oke,sản phẩm oke,resplit_llm,POS,False,False,True,False,high,False,True,True,human_gold_iaa,A1_product,none,product,False,none,A1_product,none,product,False,none,human_gold_iaa,human_gold_iaa,human_gold_iaa,human_gold_iaa,human_gold_iaa,,batch_ext_080,test,A1_product,test,A1_product,POS,POS,POS,0.9992
batch_070,62.53,62.53_c1,shipper chỗ mình quen thân thiện,shipper chỗ mình quen thân thiện,resplit_llm,POS,False,False,True,False,high,False,True,False,llm_extended,A1_product,none,product,False,none,A1_product,none,product,False,none,llm_extended,llm_extended,llm_extended,llm_extended,llm_extended,,batch_ext_047,test,A1_product,test,A1_product,POS,POS,POS,0.9989
batch_070,62.53,62.53_c2,thời gian nhận hàng nhanh,thời gian nhận hàng nhanh,resplit_llm,POS,False,False,True,False,high,False,True,False,llm_extended,A3_logistics,none,logistics,False,none,A3_logistics,none,logistics,False,none,llm_extended,llm_extended,llm_extended,llm_extended,llm_extended,,batch_ext_107,test,A3_logistics,test,A3_logistics,POS,POS,POS,0.9997
batch_072,63.759,63.759_c1,đáng mua,đáng mua,resplit_llm,POS,False,False,True,False,high,False,True,False,llm_extended,A1_product,none,product,False,none,A1_product,none,product,False,none,llm_extended,llm_extended,llm_extended,llm_extended,llm_extended,,batch_ext_022,test,A1_product,test,A1_product,POS,POS,POS,0.9984
batch_072,63.759,63.759_c2,gao lứt đỏ dễ ăn,gao lứt đỏ dễ ăn,resplit_llm,POS,False,False,True,False,high,False,True,True,human_gold_iaa_override,A1_product,none,product,True,none,A1_product,none,product,False,none,human_gold_iaa,human_gold_iaa,human_gold_iaa,human_gold_iaa,human_gold_iaa,,batch_ext_041,test,A1_product,test,A1_product,POS,POS,POS,0.9995
batch_072,64.1286,64.1286_c1,hạt để 2 tuần nó bám hạt gì nhỏ nhỏ sợ hãi,hạt để 2 tuần nó bám hạt gì nhỏ nhỏ sợ hãi,kept_43b,NEG,False,False,True,False,medium,True,True,False,llm_extended,A1_product,moderate,none,False,none,A1_product,moderate,none,False,none,llm_extended,llm_extended,llm_extended,llm_extended,llm_extended,,batch_ext_054,test,A1_product,test,A1_product,NEG,NEG,NEG,0.9982
batch_074,65.1077,65.1077_c1,hương vị:good,hương vị:good,kept_43b,POS,False,False,True,False,high,False,True,False,llm_extended,A1_product,none,product,False,none,A1_product,none,product,False,none,llm_extended,llm_extended,llm_extended,llm_extended,llm_extended,,batch_ext_105,test,A1_product,test,A1_product,POS,NEU,NEU,0.9125
batch_084,68.897,68.897_c1,ăn siêu ngol,ăn siêu ngol,resplit_llm,POS,False,False,True,False,high,False,True,False,llm_extended,A1_product,none,product,False,none,A1_product,none,product,False,none,llm_extended,llm_extended,llm_extended,llm_extended,llm_extended,,batch_ext_049,test,A1_product,test,A1_product,POS,POS,POS,0.999
batch_084,68.897,68.897_c2,cuốn 0 dứt được,cuốn 0 dứt được,resplit_llm,POS,False,False,True,False,high,False,True,False,llm_extended,A1_product,none,product,False,none,A1_product,none,product,False,none,llm_extended,llm_extended,llm_extended,llm_extended,llm_extended,,batch_ext_110,test,A1_product,test,A1_product,POS,NEG,NEG,0.8635
batch_086,69.1892,69.1892_c1,"cầm bịch lên chắc tay lắm nha,","cầm bịch lên chắc tay lắm nha,",resplit_llm,POS,False,False,True,False,high,False,True,False,llm_extended,A1_product,none,product,False,softener,A1_product,none,product,False,softener,llm_extended,llm_extended,llm_extended,llm_extended,llm_extended,,batch_ext_004,test,A1_product,test,A1_product,POS,POS,POS,0.9653
batch_086,69.1892,69.1892_c2,uống được cũng okk,uống được cũng okk,resplit_llm,POS,False,False,True,False,high,False,True,False,llm_extended,A1_product,moderate,product,False,softener,A1_product,moderate,product,False,softener,llm_extended,llm_extended,llm_extended,llm_extended,llm_extended,,batch_ext_013,test,A1_product,test,A1_product,POS,POS,POS,0.9928
batch_089,7.861,7.861_c1,gạp lứt ăn mgon,gạp lứt ăn mgon,resplit_llm,POS,False,False,True,False,high,False,True,True,human_gold_iaa,A1_product,none,product,False,none,A1_product,none,product,False,none,human_gold_iaa,human_gold_iaa,human_gold_iaa,human_gold_iaa,human_gold_iaa,,batch_ext_024,test,A1_product,test,A1_product,POS,POS,POS,0.9995
batch_089,7.861,7.861_c3,may là giống ăn như nếp cẩm á,may là giống ăn như nếp cẩm á,resplit_llm,POS,False,False,True,False,high,False,True,False,llm_extended,A1_product,none,product,False,none,A1_product,none,product,False,none,llm_extended,llm_extended,llm_extended,llm_extended,llm_extended,,batch_ext_023,test,A1_product,test,A1_product,POS,POS,POS,0.9679
batch_090,70.1079,70.1079_c2,"anh shipper dễ thương,","anh shipper dễ thương,",resplit_llm,POS,False,False,True,False,high,False,True,True,human_gold_iaa_override,A1_product,none,service,False,none,A3_logistics,none,logistics,False,none,human_gold_iaa,human_gold_iaa,human_gold_iaa,human_gold_iaa,human_gold_iaa,,batch_ext_098,test,A1_product,test,A3_logistics,POS,POS,POS,0.9948
batch_090,70.1079,70.1079_c3,nhớ là đặt 4 loại khác nhau thành ra có loại bị trùng kk,nhớ là đặt 4 loại khác nhau thành ra có loại bị trùng kk,resplit_llm,NEG,False,False,True,False,high,False,True,False,llm_extended,A5_price,moderate,none,False,none,A5_price,moderate,none,False,none,llm_extended,llm_extended,llm_extended,llm_extended,llm_extended,,batch_ext_083,test,A5_price,test,A5_price,NEG,POS,POS,0.9832
batch_091,70.1933,70.1933_c1,bao bì mẫu mã:bao bì mẫu mã thì cũng ok,bao bì mẫu mã:bao bì mẫu mã thì cũng ok,kept_43b,POS,False,False,True,False,high,False,True,False,llm_extended,A2_label,moderate,product,False,softener,A2_label,moderate,product,False,softener,llm_extended,llm_extended,llm_extended,llm_extended,llm_extended,,batch_ext_022,test,A2_label,test,A2_label,POS,POS,POS,0.999
batch_091,70.1933,70.1933_c2,không bị móp méo,không bị móp méo,resplit_llm,POS,False,False,True,False,high,False,True,False,llm_extended,A1_product,moderate,product,False,none,A1_product,moderate,product,False,none,llm_extended,llm_extended,llm_extended,llm_extended,llm_extended,,batch_ext_104,test,A1_product,test,A1_product,POS,POS,POS,0.9976
batch_091,70.1933,70.1933_c3,hương vị:tan mạnh không có béo cũng cũng không có bị ngọt mà nó rất là mặn,hương vị:tan mạnh không có béo cũng cũng không có bị ngọt mà nó rất là mặn,resplit_llm,NEG,False,False,True,False,high,False,True,False,llm_extended,A1_product,moderate,none,False,softener,A1_product,moderate,none,False,softener,llm_extended,llm_extended,llm_extended,llm_extended,llm_extended,,batch_ext_087,test,A1_product,test,A1_product,NEG,POS,POS,0.9984
batch_091,70.1933,70.1933_c4,tôi cảm thấy rất tệ vì tôi đã ngâm nước và tách nước ra rất nhiều và rửa lại mà nó vẫn bị tanh và mạnh,tôi cảm thấy rất tệ vì tôi đã ngâm nước và tách nước ra rất nhiều và rửa lại mà nó vẫn bị tanh và mạnh,resplit_llm,NEG,False,False,True,False,high,False,True,True,human_gold_iaa,A1_product,strong,none,False,none,A1_product,strong,none,False,none,human_gold_iaa,human_gold_iaa,human_gold_iaa,human_gold_iaa,human_gold_iaa,,batch_ext_013,test,A5_price,test,A1_product,NEG,NEG,NEG,0.9988
batch_091,70.1933,70.1933_c5,và xách mè đen thì nó không được béo,và xách mè đen thì nó không được béo,resplit_llm,NEG,False,False,True,False,medium,False,True,False,llm_extended,A1_product,moderate,none,False,none,A1_product,moderate,none,False,none,llm_extended,llm_extended,llm_extended,llm_extended,llm_extended,,batch_ext_041,test,A1_product,test,A1_product,NEG,NEG,NEG,0.5224
batch_093,71.1107,71.1107_c1,"sản phẩm đẹp,","sản phẩm đẹp,",resplit_llm,POS,False,False,True,False,high,False,True,False,llm_extended,A1_product,none,product,False,none,A1_product,none,product,False,none,llm_extended,llm_extended,llm_extended,llm_extended,llm_extended,,batch_ext_087,test,A1_product,test,A1_product,POS,POS,POS,0.9816
batch_093,71.1107,71.1107_c2,"đủ số lượng,","đủ số lượng,",resplit_llm,POS,False,False,True,False,high,False,True,False,llm_extended,A1_product,none,product,False,none,A1_product,none,product,False,none,llm_extended,llm_extended,llm_extended,llm_extended,llm_extended,,batch_ext_092,test,A1_product,test,A1_product,POS,POS,POS,0.9267
batch_093,71.1107,71.1107_c3,"phù hợp với giả tiền,","phù hợp với giả tiền,",resplit_llm,POS,False,False,True,False,high,False,True,False,llm_extended,A5_price,none,value,False,none,A5_price,none,value,False,none,llm_extended,llm_extended,llm_extended,llm_extended,llm_extended,,batch_ext_007,test,A5_price,test,A5_price,POS,POS,POS,0.9256
batch_093,71.1107,71.1107_c4,giống với mô tả,giống với mô tả,resplit_llm,POS,False,False,True,False,high,False,True,False,llm_extended,A2_label,none,product,False,none,A2_label,none,product,False,none,llm_extended,llm_extended,llm_extended,llm_extended,llm_extended,,batch_ext_025,test,A2_label,test,A2_label,POS,POS,POS,0.9784
batch_101,74.186,74.186_c1,bao bì mẫu mã:hsd mo,bao bì mẫu mã:hsd mo,resplit_llm,NEG,False,False,True,True,low,True,True,False,human_qc_neg_boost,A2_label,moderate,none,True,none,A2_label,moderate,none,False,none,llm_extended_tier1,llm_extended_tier1,llm_extended_tier1,human_qc_neg_boost,llm_extended_tier1,"Hạn sử dụng bị mờ, gây nghi ngờ về minh bạch thông tin sản phẩm.",batch_ext_001,test,A2_label,test,A2_label,NEG,POS,POS,0.9356
batch_101,74.186,74.186_c3,mình đặt xong phát hiện giá của shop cao,mình đặt xong phát hiện giá của shop cao,merged_llm,NEG,False,False,True,True,low,True,True,False,llm_extended_tier1,A5_price,moderate,none,False,none,A5_price,moderate,none,False,none,llm_extended_tier1,llm_extended_tier1,llm_extended_tier1,llm_extended_tier1,llm_extended_tier1,,batch_ext_001,test,A5_price,test,A5_price,NEG,NEG,NEG,0.9664
batch_101,74.186,74.186_c4,"mà thấy shop chưa giao cho vận chuyển nên huỷ, huỷ xong 1 ngày sau thấy shop giao cho vận chuyển luôn,","mà thấy shop chưa giao cho vận chuyển nên huỷ, huỷ xong 1 ngày sau thấy shop giao cho vận chuyển luôn,",merged_llm,NEG,False,False,True,True,low,True,True,False,llm_extended_tier1,A4_service,moderate,none,False,none,A4_service,moderate,none,False,none,llm_extended_tier1,llm_extended_tier1,llm_extended_tier1,llm_extended_tier1,llm_extended_tier1,,batch_ext_001,test,A3_logistics,test,A4_service,NEG,NEG,NEG,0.9744
batch_101,74.186,74.186_c5,"xong ghi tặng quà khủng, quà khủng là gói bột trái cây nhỏ xíu xiu và cái thước dây và 2 cái cốc nhựa như hình, vậy là khủng dữ chưa?","xong ghi tặng quà khủng, quà khủng là gói bột trái cây nhỏ xíu xiu và cái thước dây và 2 cái cốc nhựa như hình, vậy là khủng dữ chưa?",merged_llm,NEG,False,False,True,True,low,True,True,False,human_qc_neg_boost,A5_price,moderate,none,False,none,A2_label,moderate,none,False,none,human_qc_neg_boost,llm_extended_tier1,llm_extended_tier1,llm_extended_tier1,llm_extended_tier1,,batch_ext_001,test,A1_product,test,A2_label,NEG,NEU,NEU,0.6534
batch_101,74.186,74.186_c7,không biết có phải hàng giả không,không biết có phải hàng giả không,kept_43b,NEG,False,False,True,True,low,True,True,False,human_qc_neg_boost,A1_product,strong,none,True,conditional,A1_product,strong,none,False,conditional,llm_extended_tier1,llm_extended_tier1,llm_extended_tier1,human_qc_neg_boost,llm_extended_tier1,Nghi ngờ sản phẩm là hàng giả.,batch_ext_001,test,A5_price,test,A1_product,NEG,NEG,NEG,0.9281
batch_101,74.186,74.186_c10,nhưng mình thất vọng quá ạ,nhưng mình thất vọng quá ạ,kept_43b,NEG,False,False,True,True,low,True,True,False,human_qc_neg_boost,OOD,strong,none,False,none,OOD,moderate,none,False,none,llm_extended_tier1,human_qc_neg_boost,llm_extended_tier1,llm_extended_tier1,llm_extended_tier1,,batch_ext_001,test,A1_product,test,OOD,NEG,NEG,NEG,0.9988
batch_103,74.2771,74.2771_c2,hy vọng sẽ giảm được cân kk,hy vọng sẽ giảm được cân kk,resplit_llm,POS,False,False,True,False,high,False,True,False,llm_extended,A1_product,none,product,False,wishful,A1_product,none,product,False,wishful,llm_extended,llm_extended,llm_extended,llm_extended,llm_extended,,batch_ext_093,test,A1_product,test,A1_product,POS,POS,POS,0.9027
batch_107,75.655,75.655_c1,shop đóng gói rất ẩu,shop đóng gói rất ẩu,kept_43b,NEG,False,False,True,False,high,True,True,False,llm_extended,A3_logistics,moderate,none,False,none,A3_logistics,moderate,none,False,none,llm_extended,llm_extended,llm_extended,llm_extended,llm_extended,,batch_ext_080,test,A3_logistics,test,A3_logistics,NEG,NEG,NEG,0.9985
batch_107,75.655,75.655_c3,nhưng shop không cải thiện phương pháp đóng gói,nhưng shop không cải thiện phương pháp đóng gói,kept_43b,NEG,False,False,True,False,high,True,True,False,llm_extended,A3_logistics,moderate,none,False,none,A3_logistics,moderate,none,False,none,llm_extended,llm_extended,llm_extended,llm_extended,llm_extended,,batch_ext_039,test,A3_logistics,test,A3_logistics,NEG,NEG,NEG,0.7509
batch_107,75.655,75.655_c4,không có bọc chống xóc hay bất kì cái gì bao bọc lại chỉ có thùng bìa catton mỏng,không có bọc chống xóc hay bất kì cái gì bao bọc lại chỉ có thùng bìa catton mỏng,resplit_llm,NEG,False,False,True,False,high,True,True,False,llm_extended,A3_logistics,moderate,none,False,wishful,A3_logistics,moderate,none,False,wishful,llm_extended,llm_extended,llm_extended,llm_extended,llm_extended,,batch_ext_063,test,A3_logistics,test,A3_logistics,NEG,NEG,NEG,0.9994
batch_107,75.655,75.655_c6,giá rẻ nên nhận sản phẩm cũng giống như mua sản phẩm lỗi thanh lý của shop khác vậy,giá rẻ nên nhận sản phẩm cũng giống như mua sản phẩm lỗi thanh lý của shop khác vậy,merged_llm,NEG,False,False,True,False,high,True,True,False,llm_extended,A5_price,moderate,value,False,wishful,A5_price,moderate,value,False,wishful,llm_extended,llm_extended,llm_extended,llm_extended,llm_extended,,batch_ext_002,test,A5_price,test,A5_price,NEG,NEG,NEG,0.9943
batch_107,75.655,75.655_c9,chất lượng quá tệ,chất lượng quá tệ,kept_43b,NEG,False,False,True,False,high,True,True,True,human_gold_iaa,A1_product,strong,product,False,none,A1_product,strong,product,False,none,human_gold_iaa,human_gold_iaa,human_gold_iaa,human_gold_iaa,human_gold_iaa,,batch_ext_102,test,A1_product,test,A1_product,NEG,NEG,NEG,0.9993
batch_107,77.34,77.34_c1,hương vị:dễ uống,hương vị:dễ uống,resplit_llm,POS,False,False,True,False,high,False,True,False,llm_extended,A1_product,none,product,False,none,A1_product,none,product,False,none,llm_extended,llm_extended,llm_extended,llm_extended,llm_extended,,batch_ext_030,test,A1_product,test,A1_product,POS,POS,POS,0.9983
batch_113,78.71,78.71_c2,nma trời ơii nó dễ ăn,nma trời ơii nó dễ ăn,resplit_llm,POS,False,False,True,False,high,False,True,False,llm_extended,A1_product,none,product,False,none,A1_product,none,product,False,none,llm_extended,llm_extended,llm_extended,llm_extended,llm_extended,,batch_ext_038,test,A1_product,test,A1_product,POS,POS,POS,0.9995
batch_113,78.71,78.71_c3,mà có hiệu quả thiệt nha,mà có hiệu quả thiệt nha,resplit_llm,POS,False,False,True,False,high,False,True,True,human_gold_iaa,A1_product,none,product,False,none,A1_product,none,product,False,none,human_gold_iaa,human_gold_iaa,human_gold_iaa,human_gold_iaa,human_gold_iaa,,batch_ext_031,test,A1_product,test,A1_product,POS,POS,POS,0.9989
batch_115,79.264,79.264_c2,bồi bổ khí huyết,bồi bổ khí huyết,resplit_llm,POS,False,False,True,False,high,False,True,False,llm_extended,A1_product,none,product,False,none,A1_product,none,product,False,none,llm_extended,llm_extended,llm_extended,llm_extended,llm_extended,,batch_ext_011,test,A1_product,test,A1_product,POS,POS,POS,0.9838
batch_116,80.196,80.196_c1,tắc đợt này ăn dở hơn đợt trước như đồ cũ ý,tắc đợt này ăn dở hơn đợt trước như đồ cũ ý,kept_43b,NEG,False,False,True,False,high,False,True,False,llm_extended,A1_product,moderate,none,False,none,A1_product,moderate,none,False,none,llm_extended,llm_extended,llm_extended,llm_extended,llm_extended,,batch_ext_103,test,A1_product,test,A1_product,NEG,NEG,NEG,0.98
batch_117,83.31,83.31_c1,đung với mô tả,đung với mô tả,kept_43b,POS,False,False,True,False,high,False,True,True,human_gold_iaa_override,A2_label,none,product,False,none,A1_product,none,product,False,none,human_gold_iaa,human_gold_iaa,human_gold_iaa,human_gold_iaa,human_gold_iaa,,batch_ext_019,test,A2_label,test,A1_product,POS,POS,POS,0.9931
batch_117,83.34,83.34_c2,giá không có đắt cũng không rẻ,giá không có đắt cũng không rẻ,kept_43b,NEU,False,False,True,False,high,True,True,False,llm_extended,A5_price,moderate,value,False,softener,A5_price,moderate,value,False,softener,llm_extended,llm_extended,llm_extended,llm_extended,llm_extended,,batch_ext_080,test,A5_price,test,A5_price,NEU,NEG,NEG,0.8081
batch_117,83.34,83.34_c3,đường mía này dùng cá thơm độ ngọt dịu không ngọt cắt như đường tinh luyện,đường mía này dùng cá thơm độ ngọt dịu không ngọt cắt như đường tinh luyện,kept_43b,POS,False,False,True,False,high,True,True,False,llm_extended,A1_product,none,product,False,none,A1_product,none,product,False,none,llm_extended,llm_extended,llm_extended,llm_extended,llm_extended,,batch_ext_079,test,A1_product,test,A1_product,POS,NEU,NEU,0.9968
batch_117,83.34,83.34_c4,màu cánh gián khá là đẹp,màu cánh gián khá là đẹp,kept_43b,POS,False,False,True,False,high,True,True,False,llm_extended,A1_product,none,product,False,softener,A1_product,none,product,False,softener,llm_extended,llm_extended,llm_extended,llm_extended,llm_extended,,batch_ext_107,test,A1_product,test,A1_product,POS,POS,POS,0.9994
batch_117,83.34,83.34_c5,tuy mình đã chọn loại gỗ nhưng không hiểu sao thì shop vẫn giao loại này,tuy mình đã chọn loại gỗ nhưng không hiểu sao thì shop vẫn giao loại này,merged_llm,NEG,False,False,True,False,high,True,True,False,llm_extended,A3_logistics,moderate,none,False,none,A3_logistics,moderate,none,False,none,llm_extended,llm_extended,llm_extended,llm_extended,llm_extended,,batch_ext_080,test,A3_logistics,test,A3_logistics,NEG,NEG,NEG,0.9962
batch_117,83.34,83.34_c6,vẫn có khá nhiều ạ dạng cục pha thì hơi bất tiện chút vì nó lâu lâu tan vì không có nước ấm,vẫn có khá nhiều ạ dạng cục pha thì hơi bất tiện chút vì nó lâu lâu tan vì không có nước ấm,resplit_llm,NEG,False,False,True,False,high,True,True,False,llm_extended,A5_price,moderate,none,False,softener,A5_price,moderate,none,False,softener,llm_extended,llm_extended,llm_extended,llm_extended,llm_extended,,batch_ext_051,test,A1_product,test,A5_price,NEG,NEG,NEG,0.9291
batch_117,83.34,83.34_c7,hạn sử dụng được một năm shop thì cũng cho mình hạn sử dụng loại mới,hạn sử dụng được một năm shop thì cũng cho mình hạn sử dụng loại mới,merged_llm,POS,False,False,True,False,high,True,True,False,llm_extended,A2_label,moderate,product,False,softener,A2_label,moderate,product,False,softener,llm_extended,llm_extended,llm_extended,llm_extended,llm_extended,,batch_ext_069,test,A4_service,test,A2_label,POS,POS,POS,0.991
batch_117,83.34,83.34_c8,"nói chung đây đúng là đường mía thô chất lượng dùng khá là thích, mấy đứa trẻ nhà mình là thích ngậm nó ngọt ngọt","nói chung đây đúng là đường mía thô chất lượng dùng khá là thích, mấy đứa trẻ nhà mình là thích ngậm nó ngọt ngọt",kept_43b,POS,False,False,True,False,high,True,True,False,llm_extended,A1_product,none,product,False,softener,A1_product,none,product,False,softener,llm_extended,llm_extended,llm_extended,llm_extended,llm_extended,,batch_ext_042,test,A1_product,test,A1_product,POS,POS,POS,0.999
batch_117,84.2,84.2_c1,hương vị thơm mùi mè rang,hương vị thơm mùi mè rang,resplit_llm,POS,False,False,True,False,high,True,True,False,llm_extended,A1_product,none,product,False,none,A1_product,none,product,False,none,llm_extended,llm_extended,llm_extended,llm_extended,llm_extended,,batch_ext_064,test,A1_product,test,A1_product,POS,POS,POS,0.9996
batch_117,84.2,84.2_c2,bao bì mẫu mã sạch đẹp,bao bì mẫu mã sạch đẹp,resplit_llm,POS,False,False,True,False,high,True,True,True,human_gold_iaa_override,A2_label,moderate,product,True,none,A1_product,moderate,product,False,none,human_gold_iaa,human_gold_iaa,human_gold_iaa,human_gold_iaa,human_gold_iaa,,batch_ext_009,test,A2_label,test,A1_product,POS,POS,POS,0.9997
batch_117,84.2,84.2_c3,làm bằng hũ thủy tinh nắp thiếc chắn chắn,làm bằng hũ thủy tinh nắp thiếc chắn chắn,resplit_llm,POS,False,False,True,False,high,True,True,True,human_gold_iaa,A1_product,none,product,False,none,A1_product,none,product,False,none,human_gold_iaa,human_gold_iaa,human_gold_iaa,human_gold_iaa,human_gold_iaa,,batch_ext_053,test,A1_product,test,A1_product,POS,POS,POS,0.9996
batch_117,84.2,84.2_c4,shop dễ thương lắm mọi người,shop dễ thương lắm mọi người,resplit_llm,POS,False,False,True,False,high,True,True,True,human_gold_iaa,A4_service,none,service,False,none,A4_service,none,service,False,none,human_gold_iaa,human_gold_iaa,human_gold_iaa,human_gold_iaa,human_gold_iaa,,batch_ext_092,test,A4_service,test,A4_service,POS,POS,POS,0.9996
batch_117,84.2,84.2_c5,nhắn tin với khách cực kì nhiệt tình luôn,nhắn tin với khách cực kì nhiệt tình luôn,kept_43b,POS,False,False,True,False,high,True,True,False,llm_extended,A4_service,none,service,False,none,A4_service,none,service,False,none,llm_extended,llm_extended,llm_extended,llm_extended,llm_extended,,batch_ext_103,test,A4_service,test,A4_service,POS,POS,POS,0.9998
batch_117,84.2,84.2_c6,rất uy tín,rất uy tín,kept_43b,POS,False,False,True,False,high,True,True,False,llm_extended,A1_product,none,product,False,none,A1_product,none,product,False,none,llm_extended,llm_extended,llm_extended,llm_extended,llm_extended,,batch_ext_070,test,A4_service,test,A1_product,POS,POS,POS,0.9996
batch_117,84.2,84.2_c7,"hành trình đặt đơn này của mik có phần cực kì gian nan mà sau cùng cx đã nhận được hàng, chắc tay, chất lượng nên mik vui lắm","hành trình đặt đơn này của mik có phần cực kì gian nan mà sau cùng cx đã nhận được hàng, chắc tay, chất lượng nên mik vui lắm",kept_43b,POS,False,False,True,False,high,True,True,False,llm_extended,A5_price,moderate,value,False,wishful,A5_price,moderate,value,False,wishful,llm_extended,llm_extended,llm_extended,llm_extended,llm_extended,,batch_ext_096,test,A5_price,test,A5_price,POS,POS,POS,0.9916
batch_117,84.2,84.2_c8,lần đầu đặt ở shop đã khiến mik rất ưng,lần đầu đặt ở shop đã khiến mik rất ưng,kept_43b,POS,False,False,True,False,high,True,True,False,llm_extended,A5_price,moderate,value,False,none,A5_price,moderate,value,False,none,llm_extended,llm_extended,llm_extended,llm_extended,llm_extended,,batch_ext_057,test,A5_price,test,A5_price,POS,POS,POS,0.9996
batch_120,85.852,85.852_c1,sản phẩm đúng như mô tả,sản phẩm đúng như mô tả,kept_43b,POS,False,False,True,False,high,False,True,False,llm_extended,A2_label,none,product,False,none,A2_label,none,product,False,none,llm_extended,llm_extended,llm_extended,llm_extended,llm_extended,,batch_ext_107,test,A2_label,test,A2_label,POS,POS,POS,0.9982
batch_120,85.876,85.876_c1,mình thấy gia vị cũng bình thường,mình thấy gia vị cũng bình thường,resplit_llm,NEU,False,False,True,False,high,False,True,False,llm_extended,A5_price,moderate,none,False,softener,A5_price,moderate,none,False,softener,llm_extended,llm_extended,llm_extended,llm_extended,llm_extended,,batch_ext_064,test,A1_product,test,A5_price,NEU,NEU,NEU,0.9973
batch_126,88.1775,88.1775_c1,hương vị:tự nhiên,hương vị:tự nhiên,kept_43b,POS,False,False,True,False,high,False,True,True,human_gold_iaa_override,A1_product,none,product,True,none,A1_product,none,product,False,none,human_gold_iaa,human_gold_iaa,human_gold_iaa,human_gold_iaa,human_gold_iaa,,batch_ext_112,test,A1_product,test,A1_product,POS,POS,POS,0.9878
batch_129,88.2294,88.2294_c1,trà giải nhiệt cơ thể,trà giải nhiệt cơ thể,resplit_llm,POS,False,False,True,False,high,False,True,False,llm_extended,A1_product,none,product,False,none,A1_product,none,product,False,none,llm_extended,llm_extended,llm_extended,llm_extended,llm_extended,,batch_ext_090,test,A1_product,test,A1_product,POS,NEU,NEU,0.9765
batch_129,88.2294,88.2294_c2,uống xong giảm mụn nữa cơ,uống xong giảm mụn nữa cơ,resplit_llm,POS,False,False,True,False,high,False,True,False,llm_extended,A1_product,none,product,False,none,A1_product,none,product,False,none,llm_extended,llm_extended,llm_extended,llm_extended,llm_extended,,batch_ext_041,test,A1_product,test,A1_product,POS,POS,POS,0.9997
batch_129,88.2294,88.2294_c3,có cơ hội sẽ mua lại lần thứ 2,có cơ hội sẽ mua lại lần thứ 2,resplit_llm,POS,False,False,True,False,high,False,True,False,llm_extended,A1_product,mild,product,False,softener,A1_product,mild,product,False,softener,llm_extended,llm_extended,llm_extended,llm_extended,llm_extended,,batch_ext_094,test,A1_product,test,A1_product,POS,POS,POS,0.9994
batch_129,88.25,88.25_c1,quá hài lòng về sản phẩm của shop,quá hài lòng về sản phẩm của shop,kept_43b,POS,False,False,True,False,high,True,True,False,llm_extended,A4_service,none,service,False,none,A4_service,none,service,False,none,llm_extended,llm_extended,llm_extended,llm_extended,llm_extended,,batch_ext_078,test,A4_service,test,A4_service,POS,POS,POS,0.9997
batch_129,88.25,88.25_c2,shop giao hàng nhanh,shop giao hàng nhanh,kept_43b,POS,False,False,True,False,high,True,True,False,llm_extended,A3_logistics,none,logistics,False,none,A3_logistics,none,logistics,False,none,llm_extended,llm_extended,llm_extended,llm_extended,llm_extended,,batch_ext_051,test,A3_logistics,test,A3_logistics,POS,POS,POS,0.9997
batch_129,88.25,88.25_c3,đóng gói cẩn thận,đóng gói cẩn thận,kept_43b,POS,False,False,True,False,high,True,True,False,llm_extended,A3_logistics,none,logistics,False,none,A3_logistics,none,logistics,False,none,llm_extended,llm_extended,llm_extended,llm_extended,llm_extended,,batch_ext_076,test,A3_logistics,test,A3_logistics,POS,POS,POS,0.9994
batch_129,88.25,88.25_c4,đủ hàng và khi hết hàng vẫn thông báo bù và tặng thêm quà cho mình,đủ hàng và khi hết hàng vẫn thông báo bù và tặng thêm quà cho mình,kept_43b,POS,False,False,True,False,high,True,True,True,human_gold_iaa,A4_service,none,service,False,none,A4_service,none,service,False,none,human_gold_iaa,human_gold_iaa,human_gold_iaa,human_gold_iaa,human_gold_iaa,,batch_ext_106,test,A4_service,test,A4_service,POS,POS,POS,0.9997
batch_129,88.25,88.25_c5,nhưng thực sự quá thích sự chu đáo của shop,nhưng thực sự quá thích sự chu đáo của shop,kept_43b,POS,False,False,True,False,high,True,True,False,llm_extended,A4_service,mild,service,False,none,A4_service,mild,service,False,none,llm_extended,llm_extended,llm_extended,llm_extended,llm_extended,,batch_ext_021,test,A4_service,test,A4_service,POS,POS,POS,0.9996
batch_129,88.25,88.25_c6,đánh giá 100 điểm không có,đánh giá 100 điểm không có,kept_43b,POS,False,False,True,False,high,True,True,False,llm_extended,A5_price,none,value,False,none,A5_price,none,value,False,none,llm_extended,llm_extended,llm_extended,llm_extended,llm_extended,,batch_ext_091,test,A5_price,test,A5_price,POS,NEU,NEU,0.5834
batch_129,88.25,88.25_c7,trà uống ngon,trà uống ngon,resplit_llm,POS,False,False,True,False,high,True,True,True,human_gold_iaa,A1_product,none,product,False,none,A1_product,none,product,False,none,human_gold_iaa,human_gold_iaa,human_gold_iaa,human_gold_iaa,human_gold_iaa,,batch_ext_044,test,A1_product,test,A1_product,POS,POS,POS,0.9996
batch_129,88.25,88.25_c8,rất thiên nhiên và có thêm cỏ ngọt nên uống rất tự nhiên,rất thiên nhiên và có thêm cỏ ngọt nên uống rất tự nhiên,resplit_llm,POS,False,False,True,False,high,True,True,True,human_gold_iaa,A1_product,none,product,True,wishful,A1_product,none,product,True,wishful,human_gold_iaa,human_gold_iaa,human_gold_iaa,human_gold_iaa,human_gold_iaa,,batch_ext_064,test,A1_product,test,A1_product,POS,POS,POS,0.9996
batch_129,88.25,88.25_c9,sẽ ủng hộ thêm nhiều lần nữa,sẽ ủng hộ thêm nhiều lần nữa,kept_43b,POS,False,False,True,False,high,True,True,False,llm_extended,A1_product,none,product,False,none,A1_product,none,product,False,none,llm_extended,llm_extended,llm_extended,llm_extended,llm_extended,,batch_ext_110,test,A1_product,test,A1_product,POS,POS,POS,0.9995
batch_139,95.498,95.498_c1,mua nhiều lần của shop rồi mà lần này phải cho 2,mua nhiều lần của shop rồi mà lần này phải cho 2,kept_43b,NEG,False,False,True,False,high,True,True,False,llm_extended,A4_service,moderate,none,False,none,A4_service,moderate,none,False,none,llm_extended,llm_extended,llm_extended,llm_extended,llm_extended,,batch_ext_050,test,A4_service,test,A4_service,NEG,NEG,NEG,0.7048
batch_139,95.498,95.498_c2,gói hàng quá ẩu,gói hàng quá ẩu,kept_43b,NEG,False,False,True,False,high,True,True,False,llm_extended,A3_logistics,moderate,none,False,none,A3_logistics,moderate,none,False,none,llm_extended,llm_extended,llm_extended,llm_extended,llm_extended,,batch_ext_086,test,A3_logistics,test,A3_logistics,NEG,NEG,NEG,0.999
batch_139,95.498,95.498_c3,móp méo hết 2 hộp bánh,móp méo hết 2 hộp bánh,kept_43b,NEG,False,False,True,False,high,True,True,False,llm_extended,A3_logistics,moderate,none,False,none,A3_logistics,moderate,none,False,none,llm_extended,llm_extended,llm_extended,llm_extended,llm_extended,,batch_ext_086,test,A1_product,test,A3_logistics,NEG,NEG,NEG,0.9964
batch_139,95.498,95.498_c4,không thể biếu tặng được,không thể biếu tặng được,kept_43b,NEG,False,False,True,False,high,True,True,False,llm_extended,A4_service,moderate,none,False,none,A4_service,moderate,none,False,none,llm_extended,llm_extended,llm_extended,llm_extended,llm_extended,,batch_ext_025,test,A4_service,test,A4_service,NEG,NEG,NEG,0.9994
batch_139,95.498,95.498_c5,bóc ra ăn thì bên trong vỡ nát bét hết,bóc ra ăn thì bên trong vỡ nát bét hết,kept_43b,NEG,False,False,True,False,high,True,True,True,human_gold_iaa_override,A3_logistics,strong,none,False,none,A1_product,strong,none,False,none,human_gold_iaa,human_gold_iaa,human_gold_iaa,human_gold_iaa,human_gold_iaa,,batch_ext_032,test,A1_product,test,A1_product,NEG,NEG,NEG,0.9984
batch_139,95.498,95.498_c6,còn 3 hộp nhựa tròn sao chỉ bọc 1 hộp,còn 3 hộp nhựa tròn sao chỉ bọc 1 hộp,kept_43b,NEG,False,False,True,False,high,True,True,False,llm_extended,A3_logistics,moderate,none,False,none,A3_logistics,moderate,none,False,none,llm_extended,llm_extended,llm_extended,llm_extended,llm_extended,,batch_ext_053,test,A3_logistics,test,A3_logistics,NEG,NEU,NEU,0.6283
batch_139,95.498,95.498_c7,cái nào chẳng giòn dễ vỡ,cái nào chẳng giòn dễ vỡ,kept_43b,NEG,False,False,True,False,high,True,True,True,human_gold_iaa_override,A1_product,strong,product,False,none,A1_product,moderate,product,False,none,human_gold_iaa,human_gold_iaa,human_gold_iaa,human_gold_iaa,human_gold_iaa,,batch_ext_008,test,A1_product,test,A1_product,NEG,NEG,NEG,0.9991
batch_139,95.498,95.498_c8,giá thì cao hơn chỗ khác rất nhiều,giá thì cao hơn chỗ khác rất nhiều,resplit_llm,NEG,False,False,True,False,high,True,True,False,llm_extended,A5_price,moderate,none,False,none,A5_price,moderate,none,False,none,llm_extended,llm_extended,llm_extended,llm_extended,llm_extended,,batch_ext_054,test,A5_price,test,A5_price,NEG,NEU,NEU,0.9967
batch_139,95.498,95.498_c9,mà dịch vụ quá kém,mà dịch vụ quá kém,resplit_llm,NEG,False,False,True,False,high,True,True,False,llm_extended,A1_product,moderate,none,False,none,A1_product,moderate,none,False,none,llm_extended,llm_extended,llm_extended,llm_extended,llm_extended,,batch_ext_037,test,A4_service,test,A1_product,NEG,NEG,NEG,0.9994
batch_139,95.498,95.498_c10,"bánh biscotti ăn cứng, nhai mỏi quai hàm luôn","bánh biscotti ăn cứng, nhai mỏi quai hàm luôn",kept_43b,NEG,False,False,True,False,high,True,True,False,llm_extended,A1_product,moderate,none,False,softener,A1_product,moderate,none,False,softener,llm_extended,llm_extended,llm_extended,llm_extended,llm_extended,,batch_ext_082,test,A1_product,test,A1_product,NEG,NEG,NEG,0.9974
batch_139,95.575,95.575_c1,dễ ăn lắm luôn,dễ ăn lắm luôn,resplit_llm,POS,False,False,True,False,high,False,True,False,llm_extended,A1_product,none,product,False,none,A1_product,none,product,False,none,llm_extended,llm_extended,llm_extended,llm_extended,llm_extended,,batch_ext_101,test,A1_product,test,A1_product,POS,POS,POS,0.9998
batch_139,95.575,95.575_c2,mình ăn thử mùi như bánh lúc nhỏ mình hay ăn mà mình quên tên ùi,mình ăn thử mùi như bánh lúc nhỏ mình hay ăn mà mình quên tên ùi,resplit_llm,POS,False,False,True,False,high,False,True,False,llm_extended,A1_product,none,product,False,none,A1_product,none,product,False,none,llm_extended,llm_extended,llm_extended,llm_extended,llm_extended,,batch_ext_053,test,A1_product,test,A1_product,POS,NEG,NEG,0.9708
batch_139,95.685,95.685_c1,ăn kèm các loại bánh này với rau củ quả thì xuất sắc luôn đó hihi,ăn kèm các loại bánh này với rau củ quả thì xuất sắc luôn đó hihi,kept_43b,POS,False,False,True,False,high,False,True,False,llm_extended,A1_product,none,product,False,none,A1_product,none,product,False,none,llm_extended,llm_extended,llm_extended,llm_extended,llm_extended,,batch_ext_008,test,A1_product,test,A1_product,POS,POS,POS,0.9997
batch_142,99.47,99.47_c1,shop đã mô tả sản phẩm một cách chính xác và chi tiết,shop đã mô tả sản phẩm một cách chính xác và chi tiết,kept_43b,POS,False,False,True,False,high,False,True,False,llm_extended,A2_label,none,product,False,none,A2_label,none,product,False,none,llm_extended,llm_extended,llm_extended,llm_extended,llm_extended,,batch_ext_047,test,A2_label,test,A2_label,POS,POS,POS,0.9994
batch_142,99.47,99.47_c3,sự nhiệt tình của shop trong việc tư vấn và hỗ trợ khách hàng là điểm cộng lớn,sự nhiệt tình của shop trong việc tư vấn và hỗ trợ khách hàng là điểm cộng lớn,kept_43b,POS,False,False,True,False,high,False,True,False,llm_extended,A4_service,none,service,False,none,A4_service,none,service,False,none,llm_extended,llm_extended,llm_extended,llm_extended,llm_extended,,batch_ext_069,test,A4_service,test,A4_service,POS,POS,POS,0.9996
batch_142,99.47,99.47_c4,"tôi đánh giá cao tốc độ giao hàng nhanh chóng, giúp tôi nhận được sản phẩm sớm hơn dự kiến","tôi đánh giá cao tốc độ giao hàng nhanh chóng, giúp tôi nhận được sản phẩm sớm hơn dự kiến",merged_llm,POS,False,False,True,False,high,False,True,False,llm_extended,A5_price,none,value,False,none,A5_price,none,value,False,none,llm_extended,llm_extended,llm_extended,llm_extended,llm_extended,,batch_ext_060,test,A3_logistics,test,A5_price,POS,POS,POS,0.9978
batch_142,99.47,99.47_c5,chất lượng sản phẩm đúng như những gì shop đã mô tả,chất lượng sản phẩm đúng như những gì shop đã mô tả,merged_llm,POS,False,False,True,False,high,False,True,False,llm_extended,A2_label,mild,product,False,none,A2_label,mild,product,False,none,llm_extended,llm_extended,llm_extended,llm_extended,llm_extended,,batch_ext_001,test,A2_label,test,A2_label,POS,POS,POS,0.9983
batch_026_cb_part2,24.285,24.285_c1,phải dừa non nạo tay e mới chịu,,kept_43b,POS,False,False,True,False,medium,True,True,False,llm_extended,A1_product,none,product,False,none,A1_product,none,product,False,none,llm_extended,llm_extended,llm_extended,llm_extended,llm_extended,,batch_ext_108,test,A1_product,test,A1_product,POS,POS,POS,0.9195
batch_026_cb_part2,24.285,24.285_c2,sầu riêng sạch e mới ăn EMOJI_LAUGH EMOJI_LAUGH EMOJI_LAUGH có ai giống e không,,kept_43b,POS,False,False,True,False,medium,True,True,True,human_gold_iaa_override,A1_product,none,product,True,none,A2_label,none,product,True,none,human_gold_iaa,human_gold_iaa,human_gold_iaa,human_gold_iaa,human_gold_iaa,,batch_ext_103,test,A1_product,test,A2_label,POS,POS,POS,0.9195
batch_026_cb_part2,24.285,24.285_c3,giống e thì lên đơn sáng mai e giao cho ngon nè,,kept_43b,POS,False,False,True,False,medium,True,True,False,llm_extended,A3_logistics,none,product,False,none,A3_logistics,none,product,False,none,llm_extended,llm_extended,llm_extended,llm_extended,llm_extended,,batch_ext_114,test,A3_logistics,test,A3_logistics,POS,POS,POS,0.9195
batch_026_cb_part2,24.285,24.285_c4,"ăn một lần ghiền luôn , phải tìm e nữa,e rất kén chọn và kén ăn",,kept_43b,POS,False,False,True,False,medium,True,True,False,llm_extended,A1_product,none,product,False,none,A1_product,none,product,False,none,llm_extended,llm_extended,llm_extended,llm_extended,llm_extended,,batch_ext_044,test,A1_product,test,A1_product,POS,POS,POS,0.9195
batch_026_cb_part2,24.285,24.285_c5,"nhưng e ăn rồi lại món ăn nữa mai t66 e có bánh ít dừa non sầu riêng, đặt bánh sớm hôm nay giúp em nhé bột nhà say gói rất mềm, kèm thêm lá dứa cực kỳ thơm, nhân dừa non kéo sợi kèm sầu riêng xào nhân rất thơm,độ ngọt thì vừa phải không quá ngọt nên ăn không ngán , em bao bột mềm ngon không cứng như bánh chợ nha cả nhà chỉ 100k 10bánh 60k 5cái",,kept_43b,POS,False,False,True,False,medium,True,True,False,llm_extended,A5_price,moderate,value,False,wishful,A5_price,moderate,value,False,wishful,llm_extended,llm_extended,llm_extended,llm_extended,llm_extended,,batch_ext_054,test,A5_price,test,A5_price,POS,POS,POS,0.9195
batch_034_cb_part1,28.1059,28.1059_c1,"hạt chat luong, bé dễ ăn het sẽ mua tiep",,kept_43b,POS,False,False,True,False,medium,True,True,True,human_gold_iaa,A1_product,strong,product,False,wishful,A1_product,strong,product,False,wishful,human_gold_iaa,human_gold_iaa,human_gold_iaa,human_gold_iaa,human_gold_iaa,,batch_ext_045,test,A1_product,test,A1_product,POS,POS,POS,0.9195
batch_066_cb_part1,6.1985,6.1985_c1,"sản phẩm rất xinh đẹp tuyệt vời, tôi không thể trông đợi gì hơn",,kept_43b,POS,False,False,True,False,medium,True,True,False,llm_extended,A1_product,none,product,False,none,A1_product,none,product,False,none,llm_extended,llm_extended,llm_extended,llm_extended,llm_extended,,batch_ext_017,test,A1_product,test,A1_product,POS,POS,POS,0.9195
batch_066_cb_part1,6.1985,6.1985_c2,"cảm ơn nhà cung cấp, nhà sản xuất, cảm ơn người bán hàng, cảm ơn sàn thương mại điện tử, cảm ơn người vận chuyển để tôi có cơ hội dùng sản phẩm tốt như thế này",,kept_43b,POS,False,False,True,False,medium,True,True,False,llm_extended,A3_logistics,moderate,service,False,softener,A3_logistics,moderate,service,False,softener,llm_extended,llm_extended,llm_extended,llm_extended,llm_extended,,batch_ext_027,test,A5_price,test,A3_logistics,POS,POS,POS,0.9195
batch_066_cb_part1,6.1985,6.1985_c3,hàng đóng gói rất đẹp,,kept_43b,POS,False,False,True,False,medium,True,True,False,llm_extended,A3_logistics,none,logistics,False,none,A3_logistics,none,logistics,False,none,llm_extended,llm_extended,llm_extended,llm_extended,llm_extended,,batch_ext_095,test,A3_logistics,test,A3_logistics,POS,POS,POS,0.9195
batch_066_cb_part1,6.1985,6.1985_c4,quả nhiên người bán đã gửi gắc rất nhiều tâm tư và tình cảm trong lúc gói hàng,,kept_43b,POS,False,False,True,False,medium,True,True,False,llm_extended,A3_logistics,mild,product,False,softener,A3_logistics,mild,product,False,softener,llm_extended,llm_extended,llm_extended,llm_extended,llm_extended,,batch_ext_013,test,A5_price,test,A3_logistics,POS,POS,POS,0.9195
batch_066_cb_part1,6.1985,6.1985_c5,21 1hg 5 hộp không có dấu hiệu bị móp,,kept_43b,POS,False,False,True,False,medium,True,True,False,llm_extended,A3_logistics,moderate,product,False,none,A3_logistics,moderate,product,False,none,llm_extended,llm_extended,llm_extended,llm_extended,llm_extended,,batch_ext_086,test,A1_product,test,A3_logistics,POS,POS,POS,0.9195
batch_066_cb_part1,6.1985,6.1985_c6,chứng tỏ bộ phận vận chuyển đã nâng như nâng trứng,,kept_43b,POS,False,False,True,False,medium,True,True,False,llm_extended,A3_logistics,none,product,False,none,A3_logistics,none,product,False,none,llm_extended,llm_extended,llm_extended,llm_extended,llm_extended,,batch_ext_087,test,A5_price,test,A3_logistics,POS,POS,POS,0.9195
batch_066_cb_part1,6.1985,6.1985_c7,hứng như hứng hoa,,kept_43b,POS,False,False,True,False,medium,True,True,False,llm_extended,A1_product,none,product,False,none,A1_product,none,product,False,none,llm_extended,llm_extended,llm_extended,llm_extended,llm_extended,,batch_ext_072,test,A1_product,test,A1_product,POS,POS,POS,0.9195
batch_066_cb_part1,6.1985,6.1985_c8,xin nghiêng mình cảm ơn vì tất cả,,kept_43b,POS,False,False,True,False,medium,True,True,False,llm_extended,A4_service,none,service,False,none,A4_service,none,service,False,none,llm_extended,llm_extended,llm_extended,llm_extended,llm_extended,,batch_ext_013,test,A5_price,test,A4_service,POS,POS,POS,0.9195
batch_066_cb_part1,6.1985,6.1985_c9,thời gian vận chuyển rất hợp lí,,kept_43b,POS,False,False,True,False,medium,True,True,False,llm_extended,A3_logistics,none,product,False,none,A3_logistics,none,product,False,none,llm_extended,llm_extended,llm_extended,llm_extended,llm_extended,,batch_ext_105,test,A3_logistics,test,A3_logistics,POS,POS,POS,0.9195
batch_066_cb_part1,6.1985,6.1985_c10,tôi đã đặt hàng với tâm thể hào hứng chờ đợi để được trải nghiệm sản phẩm và tôi không hê bị chờ mỏi cố,,kept_43b,POS,False,False,True,False,medium,True,True,False,llm_extended,A5_price,moderate,value,False,softener,A5_price,moderate,value,False,softener,llm_extended,llm_extended,llm_extended,llm_extended,llm_extended,,batch_ext_032,test,A5_price,test,A5_price,POS,POS,POS,0.9195
batch_066_cb_part1,6.1985,6.1985_c11,có thể thấy bên vận chuyển không quản ngại,,kept_43b,POS,False,False,True,False,medium,True,True,False,llm_extended,A3_logistics,none,product,False,none,A3_logistics,none,product,False,none,llm_extended,llm_extended,llm_extended,llm_extended,llm_extended,,batch_ext_096,test,A5_price,test,A3_logistics,POS,POS,POS,0.9195
batch_075_cb_part1,65.1331,65.1331_c1,"hương vị:đẹp nết, được trương sinh con nhà giàu",,kept_43b,POS,False,False,True,False,medium,True,True,False,llm_extended,A1_product,none,product,False,none,A1_product,none,product,False,none,llm_extended,llm_extended,llm_extended,llm_extended,llm_extended,,batch_ext_002,test,A1_product,test,A1_product,POS,POS,POS,0.9195
batch_075_cb_part1,65.1331,65.1331_c2,"nhưng thất học, hay ghen cưới về làm vợ",,kept_43b,POS,False,False,True,False,medium,True,True,True,human_gold_iaa_override,A1_product,strong,product,False,none,OOD,strong,product,False,none,human_gold_iaa,human_gold_iaa,human_gold_iaa,human_gold_iaa,human_gold_iaa,,batch_ext_026,test,A1_product,test,OOD,POS,POS,POS,0.9195
batch_075_cb_part1,65.1331,65.1331_c3,"trương sinh phải đi lính, vũ nương ở nhà chăm sóc mẹ chồng chu đáo và nuôi con thơ",,kept_43b,POS,False,False,True,False,medium,True,True,False,llm_extended,A4_service,moderate,service,False,none,A4_service,moderate,service,False,none,llm_extended,llm_extended,llm_extended,llm_extended,llm_extended,,batch_ext_013,test,A1_product,test,A4_service,POS,POS,POS,0.9195
batch_075_cb_part1,65.1331,65.1331_c4,khi mẹ chồng mất cũng lo ma chay chu tất,,kept_43b,POS,False,False,True,False,medium,True,True,False,llm_extended,A1_product,moderate,product,False,softener,A1_product,moderate,product,False,softener,llm_extended,llm_extended,llm_extended,llm_extended,llm_extended,,batch_ext_108,test,A1_product,test,A1_product,POS,POS,POS,0.9195
batch_075_cb_part1,65.1331,65.1331_c5,"khi trương sinh trở về, hay tin mẹ mất mà đau buồn",,kept_43b,POS,False,False,True,False,medium,True,True,True,human_gold_iaa_override,A1_product,none,product,False,none,OOD,none,product,False,none,human_gold_iaa,human_gold_iaa,human_gold_iaa,human_gold_iaa,human_gold_iaa,,batch_ext_008,test,A1_product,test,OOD,POS,POS,POS,0.9195
batch_075_cb_part1,65.1331,65.1331_c6,"con trẻ không biết không nhận cha, trương sinh đâm ghen tuông ngờ vực sự thủy chung của vũ nương",,kept_43b,POS,False,False,True,False,medium,True,True,False,llm_extended,A1_product,none,product,False,none,A1_product,none,product,False,none,llm_extended,llm_extended,llm_extended,llm_extended,llm_extended,,batch_ext_033,test,A1_product,test,A1_product,POS,POS,POS,0.9195
batch_075_cb_part1,65.1331,65.1331_c7,vũ nương chứng tỏ sự trong sạch của mình nên nhảy sông tự vẫn,,kept_43b,POS,False,False,True,False,medium,True,True,True,human_gold_iaa_override,A4_service,none,service,True,wishful,OOD,none,service,False,wishful,human_gold_iaa,human_gold_iaa,human_gold_iaa,human_gold_iaa,human_gold_iaa,,batch_ext_059,test,A1_product,test,OOD,POS,POS,POS,0.9195
batch_075_cb_part1,65.1331,65.1331_c8,phan lang do cứu được linh phi nên được báo đáp,,kept_43b,POS,False,False,True,False,medium,True,True,False,llm_extended,A1_product,none,product,False,wishful,A1_product,none,product,False,wishful,llm_extended,llm_extended,llm_extended,llm_extended,llm_extended,,batch_ext_008,test,A1_product,test,A1_product,POS,POS,POS,0.9195
batch_075_cb_part1,65.1331,65.1331_c9,"sau đó gặp được vũ nương, trương sinh lập đàn giải oan cho vợ",,kept_43b,POS,False,False,True,False,medium,True,True,True,human_gold_iaa_override,A1_product,strong,product,False,none,OOD,strong,product,False,none,human_gold_iaa,human_gold_iaa,human_gold_iaa,human_gold_iaa,human_gold_iaa,,batch_ext_016,test,A1_product,test,OOD,POS,POS,POS,0.9195
batch_075_cb_part1,65.1331,65.1331_c10,nhưng vũ nương không còn trở lại dương gian vì xã hội phong kiến quá hà khắc.câu 1,,kept_43b,POS,False,False,True,False,medium,True,True,False,llm_extended,A1_product,mild,product,False,softener,A1_product,mild,product,False,softener,llm_extended,llm_extended,llm_extended,llm_extended,llm_extended,,batch_ext_076,test,A1_product,test,A1_product,POS,POS,POS,0.9195
batch_075_cb_part1,65.1442,65.1442_c1,"san pham dung rat oke, phu hop voi gia tien nhe, se ung ho lan sau",,kept_43b,POS,False,False,True,False,medium,True,True,False,llm_extended,A5_price,none,value,False,wishful,A5_price,none,value,False,wishful,llm_extended,llm_extended,llm_extended,llm_extended,llm_extended,,batch_ext_055,test,A1_product,test,A5_price,POS,POS,POS,0.9195
batch_076_cb_part2,65.1779,65.1779_c1,"đây là lần thứ 2 mua lại , hình ảnh và video chỉ mang tính chất minh hoạ nhận xu",,kept_43b,POS,False,False,True,False,medium,True,True,False,llm_extended,A5_price,none,value,False,none,A5_price,none,value,False,none,llm_extended,llm_extended,llm_extended,llm_extended,llm_extended,,batch_ext_060,test,A5_price,test,A5_price,POS,POS,POS,0.9195
batch_082_cb_part2,68.1294,68.1294_c1,"mọi thông tin và hình ảnh trên website đều được bên thứ ba đăng tải, monkeyd miễn trừ mọi trách nhiệm liên quan đến các nội dung trên website này",,kept_43b,POS,False,False,True,False,medium,True,True,False,llm_extended,A1_product,none,product,False,none,A1_product,none,product,False,none,llm_extended,llm_extended,llm_extended,llm_extended,llm_extended,,batch_ext_086,test,A1_product,test,A1_product,POS,POS,POS,0.9195
batch_096_cb_part1,71.1757,71.1757_c1,đúng như mô tả,,kept_43b,POS,False,False,True,False,medium,True,True,False,llm_extended,A2_label,none,product,False,none,A2_label,none,product,False,none,llm_extended,llm_extended,llm_extended,llm_extended,llm_extended,,batch_ext_069,test,A2_label,test,A2_label,POS,POS,POS,0.9195
batch_121_cb_part2,87.1136,87.1136_c1,"cảm quan bên ngoài thấy nấm to, ít chân",,kept_43b,POS,False,False,True,False,medium,True,True,False,llm_extended,A1_product,none,product,False,none,A1_product,none,product,False,none,llm_extended,llm_extended,llm_extended,llm_extended,llm_extended,,batch_ext_099,test,A1_product,test,A1_product,POS,POS,POS,0.9195
batch_121_cb_part2,87.1136,87.1136_c2,tem nhãn đẻ bên trong nên không đọc được ngày sản xuất và hạn sử dụng,,kept_43b,POS,False,False,True,False,medium,True,True,False,llm_extended,A2_label,none,product,False,wishful,A2_label,none,product,False,wishful,llm_extended,llm_extended,llm_extended,llm_extended,llm_extended,,batch_ext_033,test,A2_label,test,A2_label,POS,POS,POS,0.9195
batch_121_cb_part2,87.1136,87.1136_c3,"váng đậu- tàu hũ ky trông bắt mắt; 0,5kg rất nhiều nha",,kept_43b,POS,False,False,True,False,medium,True,True,False,llm_extended,A1_product,none,product,False,none,A1_product,none,product,False,none,llm_extended,llm_extended,llm_extended,llm_extended,llm_extended,,batch_ext_033,test,A1_product,test,A1_product,POS,POS,POS,0.9195
batch_121_cb_part2,87.1136,87.1136_c4,chưa nghĩ ra làm món chay gì ngon cho bõ đây,,kept_43b,POS,False,False,True,False,medium,True,True,False,llm_extended,A1_product,mild,product,False,none,A1_product,mild,product,False,none,llm_extended,llm_extended,llm_extended,llm_extended,llm_extended,,batch_ext_079,test,A1_product,test,A1_product,POS,POS,POS,0.9195
batch_121_cb_part2,87.1136,87.1136_c5,tuy nhiên nhãn tem,,kept_43b,POS,False,False,True,False,medium,True,True,False,llm_extended,A2_label,none,product,False,none,A2_label,none,product,False,none,llm_extended,llm_extended,llm_extended,llm_extended,llm_extended,,batch_ext_065,test,A1_product,test,A2_label,POS,POS,POS,0.9195
batch_121_cb_part2,87.1136,87.1136_c6,shop cần điều chỉnh cho to lên nha,,kept_43b,POS,False,False,True,False,medium,True,True,False,llm_extended,A4_service,none,service,False,none,A4_service,none,service,False,none,llm_extended,llm_extended,llm_extended,llm_extended,llm_extended,,batch_ext_098,test,A4_service,test,A4_service,POS,POS,POS,0.9195
batch_121_cb_part2,87.1136,87.1136_c7,phần chữ bên thành phần rồi hướng dẫn sử dụng không thể đọc được luôn,,kept_43b,POS,False,False,True,False,medium,True,True,False,llm_extended,A2_label,none,product,False,none,A2_label,none,product,False,none,llm_extended,llm_extended,llm_extended,llm_extended,llm_extended,,batch_ext_053,test,A1_product,test,A2_label,POS,POS,POS,0.9195
batch_121_cb_part2,87.1136,87.1136_c8,"hy vọng cả 2 món đều ngon, không làm thất vọng để có thể tiếp tục mua tiếp",,kept_43b,POS,False,False,True,False,medium,True,True,True,human_gold_iaa,A1_product,strong,product,False,wishful,A1_product,strong,product,False,wishful,human_gold_iaa,human_gold_iaa,human_gold_iaa,human_gold_iaa,human_gold_iaa,,batch_ext_023,test,A1_product,test,A1_product,POS,POS,POS,0.9195
batch_121_cb_part2,87.1136,87.1136_c9,tíks shop,,kept_43b,POS,False,False,True,False,medium,True,True,False,llm_extended,A4_service,none,service,False,none,A4_service,none,service,False,none,llm_extended,llm_extended,llm_extended,llm_extended,llm_extended,,batch_ext_114,test,A4_service,test,A4_service,POS,POS,POS,0.9195
batch_121_cb_part2,87.1179,87.1179_c1,"dịch vụ của google, được cung cấp miễn phí, dịch nhanh các từ, cụm từ và trang web giữa tiếng anh và hơn 100 ngôn ngữ khác",,kept_43b,POS,False,False,True,False,medium,True,True,False,llm_extended,A1_product,moderate,product,False,softener,A1_product,moderate,product,False,softener,llm_extended,llm_extended,llm_extended,llm_extended,llm_extended,,batch_ext_012,test,A4_service,test,A1_product,POS,POS,POS,0.9195
batch_shopee_part01,12.1346,12.1346_c8,10đ cho shop và cho bạn ship nữa,,kept_43b,POS,False,False,True,False,medium,True,True,False,llm_extended,A5_price,none,value,False,none,A5_price,none,value,False,none,llm_extended,llm_extended,llm_extended,llm_extended,llm_extended,,batch_ext_004,test,A4_service,test,A5_price,POS,POS,POS,0.9195
batch_shopee_part01,12.1346,12.1346_c9,cảm ơn shop,,kept_43b,POS,False,False,True,False,medium,True,True,True,human_gold_iaa,A4_service,none,service,False,none,A4_service,none,service,False,none,human_gold_iaa,human_gold_iaa,human_gold_iaa,human_gold_iaa,human_gold_iaa,,batch_ext_115,test,A4_service,test,A4_service,POS,POS,POS,0.9195
batch_shopee_part01,12.86,12.86_c9,mìnlh sẽ giới thiệu cho bạn bè và quay lại mua lần sau,,kept_43b,POS,False,False,True,False,medium,True,True,True,human_gold_iaa_override,A1_product,strong,product,False,wishful,A4_service,strong,product,False,wishful,human_gold_iaa,human_gold_iaa,human_gold_iaa,human_gold_iaa,human_gold_iaa,,batch_ext_087,test,A4_service,test,A4_service,POS,POS,POS,0.9195
batch_shopee_part02,14.1346,14.1346_c8,10đ cho shop và cho bạn ship nữa,,kept_43b,POS,False,False,True,False,medium,True,True,False,llm_extended,A5_price,none,value,False,none,A5_price,none,value,False,none,llm_extended,llm_extended,llm_extended,llm_extended,llm_extended,,batch_ext_017,test,A4_service,test,A5_price,POS,POS,POS,0.9195
batch_shopee_part02,14.1346,14.1346_c9,cảm ơn shop,,kept_43b,POS,False,False,True,False,medium,True,True,False,llm_extended,A4_service,none,service,False,none,A4_service,none,service,False,none,llm_extended,llm_extended,llm_extended,llm_extended,llm_extended,,batch_ext_036,test,A4_service,test,A4_service,POS,POS,POS,0.9195
batch_shopee_part04,27.987,27.987_c1,bao bì mẫu mã:ok tai khoan cua quy khach sap het,,kept_43b,POS,False,False,True,False,medium,True,True,False,llm_extended,A2_label,moderate,product,False,none,A2_label,moderate,product,False,none,llm_extended,llm_extended,llm_extended,llm_extended,llm_extended,,batch_ext_020,test,A2_label,test,A2_label,POS,POS,POS,0.9195
batch_shopee_part04,27.987,27.987_c2,"soan: 1 gui 211 de cong 15 phut noi mang 794d p , su dung trong 7 ngay 2 gui 211 de cong 4 phut ngoai mang 1.400d p , su dung trong 7 ngay 3 gui 211 de cong 50 tin nhan noi mang 240d tin , su dung trong 7 ngay 4 gui 211 de cong 5 tin nhan ngoai mang 313d tin , su dung trong 7 ngay chi tiet lh 198 mien phi",,kept_43b,POS,False,False,True,False,medium,True,True,False,llm_extended,A1_product,none,product,False,none,A1_product,none,product,False,none,llm_extended,llm_extended,llm_extended,llm_extended,llm_extended,,batch_ext_066,test,A1_product,test,A1_product,POS,POS,POS,0.9195
batch_shopee_part06,45.2838,45.2838_c1,"bao bì mẫu mã:ok hương vị:ngon nhắc lại mọi người: 6 địa điểm bắn pháo hoa trong thành phố để kỷ niệm tròn 70 năm giải phóng hải phòng và lễ hội hoa phượng đỏ 2025 vào tối ngày 13 5 2025 điểm bắn 1: quảng trường trung tâm chính trị - hành chính hải phòng nơi diễn ra lễ hội hoa phượng đỏ điểm bắn 2: bờ hồ an biên, quận ngô quyền điểm bắn 3: quảng trường vinhomes vũ yên, thủy nguyên điểm bắn 4: quảng trường nhà hát lớn tp điểm bắn 5: trung tâm hành chính quận dương kinh điểm bắn 6: sân vận động huyện tiên lãng",,kept_43b,POS,False,False,True,False,medium,True,True,False,llm_extended,A5_price,moderate,value,False,softener,A5_price,moderate,value,False,softener,llm_extended,llm_extended,llm_extended,llm_extended,llm_extended,,batch_ext_047,test,A2_label,test,A5_price,POS,POS,POS,0.9195
batch_shopee_part08,7.258,7.258_c2,"soan: 1 gui 211 de cong 60 phut noi mang 794d p , su dung trong 15 ngay 2 gui 211 de cong 60 phut ngoai mang 1.369d p , su dung trong 15 ngay 3 gui 211 de cong 100 tin nhan noi mang 230d tin , su dung trong 15 ngay 4 gui 211 de cong 20 tin nhan ngoai mang 313d tin , su dung trong 7 ngay 5 gui 211 de cong 3.072 mb data voi gia 23.400d, su dung trong 7 ngay chi tiet lh 18008098 mien phi",,kept_43b,POS,False,False,True,False,medium,True,True,False,llm_extended,A5_price,none,value,False,none,A5_price,none,value,False,none,llm_extended,llm_extended,llm_extended,llm_extended,llm_extended,,batch_ext_098,test,A1_product,test,A5_price,POS,POS,POS,0.9195
batch_043,34.707,34.707_c1,sản phẩm đúng mô tả,,kept_43b,POS,False,False,True,False,high,False,True,False,llm_extended,A2_label,none,product,False,none,A2_label,none,product,False,none,llm_extended,llm_extended,llm_extended,llm_extended,llm_extended,,batch_ext_068,test,A2_label,test,A2_label,POS,POS,POS,0.9195
batch_055,54.863,54.863_c1,hương vị:dễ uống thay nước,,kept_43b,POS,False,False,True,False,high,False,True,False,llm_extended,A1_product,none,product,False,none,A1_product,none,product,False,none,llm_extended,llm_extended,llm_extended,llm_extended,llm_extended,,batch_ext_034,test,A1_product,test,A1_product,POS,POS,POS,0.9195
batch_075,65.1488,65.1488_c1,mình thấy shop này cũng được,,kept_43b,POS,False,False,True,False,high,False,True,False,llm_extended,A4_service,moderate,service,False,softener,A4_service,moderate,service,False,softener,llm_extended,llm_extended,llm_extended,llm_extended,llm_extended,,batch_ext_099,test,A4_service,test,A4_service,POS,POS,POS,0.9195
batch_079,67.2115,67.2115_c3,vị ngọt,,kept_43b,NEU,False,False,True,False,high,True,True,False,llm_extended,A1_product,none,none,False,none,A1_product,none,none,False,none,llm_extended,llm_extended,llm_extended,llm_extended,llm_extended,,batch_ext_055,test,A1_product,test,A1_product,NEU,POS,POS,0.9195
batch_079,67.2115,67.2115_c4,nhưng hậu có vẻ đắng kiểu đường hoá học,,kept_43b,NEG,False,False,True,False,high,True,True,False,llm_extended,A1_product,moderate,none,False,softener,A1_product,moderate,none,False,softener,llm_extended,llm_extended,llm_extended,llm_extended,llm_extended,,batch_ext_044,test,A1_product,test,A1_product,NEG,POS,POS,0.9195
batch_079,67.2115,67.2115_c5,có nt chưa thấy shop trả lời,,kept_43b,NEG,False,False,True,False,high,True,True,False,llm_extended,A4_service,moderate,service,False,none,A4_service,moderate,service,False,none,llm_extended,llm_extended,llm_extended,llm_extended,llm_extended,,batch_ext_001,test,A4_service,test,A4_service,NEG,POS,POS,0.9195
batch_131,89.593,89.593_c1,ship hàng toàn quốc lần thứ nhất được,,kept_43b,POS,False,False,True,False,medium,False,True,False,llm_extended,A3_logistics,moderate,product,False,none,A3_logistics,moderate,product,False,none,llm_extended,llm_extended,llm_extended,llm_extended,llm_extended,,batch_ext_086,test,A1_product,test,A3_logistics,POS,POS,POS,0.9195
batch_133,90.3,90.3_c1,gạo mình chưa dùng nên chưa biết,,kept_43b,NEU,False,False,True,False,high,False,True,False,llm_extended,A1_product,mild,none,False,wishful,A1_product,mild,none,False,wishful,llm_extended,llm_extended,llm_extended,llm_extended,llm_extended,,batch_ext_027,test,A1_product,test,A1_product,NEU,POS,POS,0.9195
batch_133,90.3,90.3_c2,còn phở thì nấu phải tầm 10p mới mềm,,kept_43b,NEU,False,False,True,False,high,False,True,False,llm_extended,A1_product,mild,product,False,softener,A1_product,mild,product,False,softener,llm_extended,llm_extended,llm_extended,llm_extended,llm_extended,,batch_ext_069,test,A1_product,test,A1_product,NEU,POS,POS,0.9195
batch_133,90.3,90.3_c3,nhưng được cái 1 bịch rất nhiều,,kept_43b,POS,False,False,True,False,high,False,True,False,llm_extended,A1_product,mild,product,False,none,A1_product,mild,product,False,none,llm_extended,llm_extended,llm_extended,llm_extended,llm_extended,,batch_ext_075,test,A1_product,test,A1_product,POS,POS,POS,0.9195
batch_133,90.3,90.3_c4,mình đặt hỏa tốc nhưng shop giao cũng rất nhanh,,merged_llm,POS,False,False,True,False,high,False,True,False,llm_extended,A5_price,moderate,value,False,softener,A5_price,moderate,value,False,softener,llm_extended,llm_extended,llm_extended,llm_extended,llm_extended,,batch_ext_054,test,A5_price,test,A5_price,POS,POS,POS,0.9195
batch_133,90.3,90.3_c6,đóng gói kỹ càng,,kept_43b,POS,False,False,True,False,high,False,True,False,llm_extended,A3_logistics,none,logistics,False,none,A3_logistics,none,logistics,False,none,llm_extended,llm_extended,llm_extended,llm_extended,llm_extended,,batch_ext_100,test,A3_logistics,test,A3_logistics,POS,POS,POS,0.9195
batch_133,90.3,90.3_c7,bỏ thùng quấn băng keo rất chắc chắn,,kept_43b,POS,False,False,True,False,high,False,True,False,llm_extended,A3_logistics,none,logistics,False,softener,A3_logistics,none,logistics,False,softener,llm_extended,llm_extended,llm_extended,llm_extended,llm_extended,,batch_ext_033,test,A1_product,test,A3_logistics,POS,POS,POS,0.9195
batch_133,90.3,90.3_c8,nói chung lần đầu mua ở shop nhưng khá ưng,,merged_llm,POS,False,False,True,False,high,False,True,False,llm_extended,A4_service,mild,service,False,softener,A4_service,mild,service,False,softener,llm_extended,llm_extended,llm_extended,llm_extended,llm_extended,,batch_ext_093,test,A4_service,test,A4_service,POS,POS,POS,0.9195
batch_016,16.63,16.63_c1,"gạo lứt v còn nguyên cám, chứa nhiều chất dinh dưỡng, hạt gạo có màu vàng nâu","gạo lứt v còn nguyên cám, chứa nhiều chất dinh dưỡng, hạt gạo có màu vàng nâu",resplit_llm,POS,False,False,True,False,high,False,True,True,human_gold_iaa,A1_product,mild,product,True,none,A1_product,mild,product,True,none,human_gold_iaa,human_gold_iaa,human_gold_iaa,human_gold_iaa,human_gold_iaa,,batch_ext_045,test,A1_product,test,A1_product,POS,POS,POS,0.9978
batch_016,16.63,16.63_c2,gạo đạt tiêu chđảm bảo an,gạo đạt tiêu chđảm bảo an,resplit_llm,POS,False,False,True,False,high,False,True,False,llm_extended,A5_price,moderate,value,False,none,A5_price,moderate,value,False,none,llm_extended,llm_extended,llm_extended,llm_extended,llm_extended,,batch_ext_083,test,A1_product,test,A5_price,POS,POS,POS,0.9989
batch_019,2.199,2.199_c1,sản phẩm giống như quảng cáo,sản phẩm giống như quảng cáo,resplit_llm,POS,False,False,True,False,high,False,True,False,llm_extended,A2_label,none,product,False,none,A2_label,none,product,False,none,llm_extended,llm_extended,llm_extended,llm_extended,llm_extended,,batch_ext_041,test,A2_label,test,A2_label,POS,POS,POS,0.9806
batch_019,2.199,2.199_c2,"đã mua lại lần 2, sẽ còn mua tiếp nữa","đã mua lại lần 2, sẽ còn mua tiếp nữa",resplit_llm,POS,False,False,True,False,high,False,True,False,llm_extended,A1_product,none,product,False,wishful,A1_product,none,product,False,wishful,llm_extended,llm_extended,llm_extended,llm_extended,llm_extended,,batch_ext_061,test,A1_product,test,A1_product,POS,POS,POS,0.9996
batch_029,25.14,25.14_c1,nhận đúng đủ số lượng,nhận đúng đủ số lượng,resplit_llm,POS,False,False,True,False,high,False,True,False,llm_extended,A1_product,none,product,False,none,A1_product,none,product,False,none,llm_extended,llm_extended,llm_extended,llm_extended,llm_extended,,batch_ext_084,test,A1_product,test,A1_product,POS,POS,POS,0.9993
batch_029,25.14,25.14_c2,uống cũng được,uống cũng được,resplit_llm,POS,False,False,True,False,high,False,True,False,llm_extended,A1_product,moderate,product,False,softener,A1_product,moderate,product,False,softener,llm_extended,llm_extended,llm_extended,llm_extended,llm_extended,,batch_ext_058,test,A1_product,test,A1_product,POS,POS,POS,0.9005
batch_029,25.14,25.14_c3,cảm nhận đa số mùi các loại đậu đỗ là chính,cảm nhận đa số mùi các loại đậu đỗ là chính,resplit_llm,NEU,False,False,True,False,high,False,True,False,llm_extended,A1_product,none,none,False,none,A1_product,none,none,False,none,llm_extended,llm_extended,llm_extended,llm_extended,llm_extended,,batch_ext_059,test,A1_product,test,A1_product,NEU,NEU,NEU,0.9985
batch_033,27.1009,27.1009_c1,yến mạch kbh thiếu đối với trẻ ăn dặm,yến mạch kbh thiếu đối với trẻ ăn dặm,resplit_llm,POS,False,False,True,False,high,False,True,False,llm_extended,A1_product,none,product,False,none,A1_product,none,product,False,none,llm_extended,llm_extended,llm_extended,llm_extended,llm_extended,,batch_ext_058,test,A1_product,test,A1_product,POS,POS,POS,0.997
batch_040,29.126,29.126_c2,hạt sen nấu nhanh chín,hạt sen nấu nhanh chín,resplit_llm,POS,False,False,True,False,high,False,True,False,llm_extended,A1_product,none,product,False,none,A1_product,none,product,False,none,llm_extended,llm_extended,llm_extended,llm_extended,llm_extended,,batch_ext_031,test,A1_product,test,A1_product,POS,POS,POS,0.9988
batch_040,29.126,29.126_c3,gói hàng kỹ,gói hàng kỹ,resplit_llm,POS,False,False,True,False,high,False,True,False,llm_extended,A3_logistics,none,logistics,False,none,A3_logistics,none,logistics,False,none,llm_extended,llm_extended,llm_extended,llm_extended,llm_extended,,batch_ext_071,test,A3_logistics,test,A3_logistics,POS,POS,POS,0.9993
batch_049,45.711,45.711_c2,mình rất hài lòng với sản phẩm này,mình rất hài lòng với sản phẩm này,resplit_llm,POS,False,False,True,False,high,True,True,False,llm_extended,A1_product,none,product,False,none,A1_product,none,product,False,none,llm_extended,llm_extended,llm_extended,llm_extended,llm_extended,,batch_ext_071,test,A1_product,test,A1_product,POS,POS,POS,0.9997
batch_049,45.711,45.711_c3,chất lượng đúng như mô tả,chất lượng đúng như mô tả,kept_43b,POS,False,False,True,False,high,True,True,False,llm_extended,A2_label,none,product,False,none,A2_label,none,product,False,none,llm_extended,llm_extended,llm_extended,llm_extended,llm_extended,,batch_ext_081,test,A2_label,test,A2_label,POS,POS,POS,0.9993
batch_049,45.711,45.711_c4,đóng gói cẩn thận,đóng gói cẩn thận,kept_43b,POS,False,False,True,False,high,True,True,False,llm_extended,A3_logistics,none,logistics,False,none,A3_logistics,none,logistics,False,none,llm_extended,llm_extended,llm_extended,llm_extended,llm_extended,,batch_ext_026,test,A3_logistics,test,A3_logistics,POS,POS,POS,0.9994
batch_049,45.711,45.711_c5,giao hàng nhanh chóng,giao hàng nhanh chóng,kept_43b,POS,False,False,True,False,high,True,True,False,llm_extended,A3_logistics,none,logistics,False,none,A3_logistics,none,logistics,False,none,llm_extended,llm_extended,llm_extended,llm_extended,llm_extended,,batch_ext_075,test,A3_logistics,test,A3_logistics,POS,POS,POS,0.9996
batch_049,45.711,45.711_c6,shop phục vụ nhiệt tình,shop phục vụ nhiệt tình,kept_43b,POS,False,False,True,False,high,True,True,False,llm_extended,A4_service,none,service,False,none,A4_service,none,service,False,none,llm_extended,llm_extended,llm_extended,llm_extended,llm_extended,,batch_ext_112,test,A4_service,test,A4_service,POS,POS,POS,0.9994
batch_049,45.711,45.711_c8,giá cả hợp lý,giá cả hợp lý,resplit_llm,POS,False,False,True,False,high,True,True,False,llm_extended,A5_price,none,value,False,none,A5_price,none,value,False,none,llm_extended,llm_extended,llm_extended,llm_extended,llm_extended,,batch_ext_091,test,A5_price,test,A5_price,POS,POS,POS,0.9997
batch_049,45.711,45.711_c10,mình sẽ ủng hộ shop lâu dài và giới thiệu cho bạn bè,mình sẽ ủng hộ shop lâu dài và giới thiệu cho bạn bè,kept_43b,POS,False,False,True,False,high,True,True,True,human_gold_iaa_override,A4_service,strong,service,False,none,A4_service,strong,service,False,wishful,human_gold_iaa,human_gold_iaa,human_gold_iaa,human_gold_iaa,human_gold_iaa,,batch_ext_002,test,A4_service,test,A4_service,POS,POS,POS,0.9994
batch_088,7.17,7.17_c1,bao bì mẫu mã:đẹp,bao bì mẫu mã:đẹp,resplit_llm,POS,False,False,True,False,high,False,True,False,llm_extended,A2_label,moderate,product,False,none,A2_label,moderate,product,False,none,llm_extended,llm_extended,llm_extended,llm_extended,llm_extended,,batch_ext_108,test,A2_label,test,A2_label,POS,POS,POS,0.8707
batch_088,7.17,7.17_c2,hương vị:ngon,hương vị:ngon,resplit_llm,POS,False,False,True,False,high,False,True,False,llm_extended,A1_product,none,product,False,none,A1_product,none,product,False,none,llm_extended,llm_extended,llm_extended,llm_extended,llm_extended,,batch_ext_054,test,A1_product,test,A1_product,POS,POS,POS,0.9925
batch_088,7.17,7.17_c3,gạo dẻo,gạo dẻo,kept_43b,POS,False,False,True,False,high,False,True,False,llm_extended,A1_product,none,product,False,none,A1_product,none,product,False,none,llm_extended,llm_extended,llm_extended,llm_extended,llm_extended,,batch_ext_072,test,A1_product,test,A1_product,POS,POS,POS,0.9954
batch_088,7.17,7.17_c4,tuy xa nhưng shop giao hàng khá nhanh,tuy xa nhưng shop giao hàng khá nhanh,merged_llm,POS,False,False,True,False,high,False,True,False,llm_extended,A3_logistics,mild,logistics,False,softener,A3_logistics,mild,logistics,False,softener,llm_extended,llm_extended,llm_extended,llm_extended,llm_extended,,batch_ext_014,test,A3_logistics,test,A3_logistics,POS,POS,POS,0.999
batch_088,7.17,7.17_c5,đóng gói cẩn thận,đóng gói cẩn thận,kept_43b,POS,False,False,True,False,high,False,True,False,llm_extended,A3_logistics,none,logistics,False,none,A3_logistics,none,logistics,False,none,llm_extended,llm_extended,llm_extended,llm_extended,llm_extended,,batch_ext_046,test,A3_logistics,test,A3_logistics,POS,POS,POS,0.9994
batch_088,7.17,7.17_c6,gạo cũng không bị mốc meo hay mọt gì,gạo cũng không bị mốc meo hay mọt gì,kept_43b,POS,False,False,True,False,high,False,True,True,human_gold_iaa,A1_product,strong,product,False,softener,A1_product,strong,product,False,softener,human_gold_iaa,human_gold_iaa,human_gold_iaa,human_gold_iaa,human_gold_iaa,,batch_ext_007,test,A1_product,test,A1_product,POS,POS,POS,0.9994
batch_104,74.288,74.288_c1,"giấm táo gói hàng siêu kĩ,","giấm táo gói hàng siêu kĩ,",resplit_llm,POS,False,False,True,False,high,False,True,False,llm_extended,A3_logistics,none,product,False,none,A3_logistics,none,product,False,none,llm_extended,llm_extended,llm_extended,llm_extended,llm_extended,,batch_ext_038,test,A3_logistics,test,A3_logistics,POS,POS,POS,0.9987
batch_123,88.1258,88.1258_c1,uống được tầm 3-4 ngày r thấy cơ thể cũng dần mát hơn,uống được tầm 3-4 ngày r thấy cơ thể cũng dần mát hơn,resplit_llm,POS,False,False,True,False,high,False,True,False,llm_extended,A1_product,moderate,product,False,softener,A1_product,moderate,product,False,softener,llm_extended,llm_extended,llm_extended,llm_extended,llm_extended,,batch_ext_025,test,A1_product,test,A1_product,POS,POS,POS,0.9997
batch_123,88.1258,88.1258_c2,dễ uống,dễ uống,resplit_llm,POS,False,False,True,False,high,False,True,False,llm_extended,A1_product,none,product,False,none,A1_product,none,product,False,none,llm_extended,llm_extended,llm_extended,llm_extended,llm_extended,,batch_ext_080,test,A1_product,test,A1_product,POS,POS,POS,0.9993
batch_123,88.1258,88.1258_c3,giảm mụn rõ rệt,giảm mụn rõ rệt,resplit_llm,POS,False,False,True,False,high,False,True,True,human_gold_iaa,A1_product,none,product,False,none,A1_product,none,product,False,none,human_gold_iaa,human_gold_iaa,human_gold_iaa,human_gold_iaa,human_gold_iaa,,batch_ext_114,test,A1_product,test,A1_product,POS,POS,POS,0.9996
batch_130,88.2565,88.2565_c1,đúng mô tả,đúng mô tả,resplit_llm,POS,False,False,True,False,high,False,True,False,llm_extended,A2_label,none,product,False,none,A2_label,none,product,False,none,llm_extended,llm_extended,llm_extended,llm_extended,llm_extended,,batch_ext_105,test,A2_label,test,A2_label,POS,POS,POS,0.9936
batch_130,88.2565,88.2565_c2,màu nước đẹp,màu nước đẹp,resplit_llm,POS,False,False,True,False,high,False,True,False,llm_extended,A1_product,none,product,False,none,A1_product,none,product,False,none,llm_extended,llm_extended,llm_extended,llm_extended,llm_extended,,batch_ext_025,test,A1_product,test,A1_product,POS,POS,POS,0.9996
batch_130,88.2565,88.2565_c3,dễ uống,dễ uống,resplit_llm,POS,False,False,True,False,high,False,True,False,llm_extended,A1_product,none,product,False,none,A1_product,none,product,False,none,llm_extended,llm_extended,llm_extended,llm_extended,llm_extended,,batch_ext_039,test,A1_product,test,A1_product,POS,POS,POS,0.9993
batch_133,90.3,90.3_c5,đóng gói kỹ càng,,kept_43b,POS,False,False,True,False,high,False,True,False,llm_extended,A3_logistics,none,logistics,False,none,A3_logistics,none,logistics,False,none,llm_extended,llm_extended,llm_extended,llm_extended,llm_extended,,batch_ext_084,test,A3_logistics,test,A3_logistics,POS,POS,POS,0.9195
batch_137,94.595,94.595_c1,giàu chất dinh dưỡng: omega-3: nhiều hơn cả cá hồi tính theo gram,,kept_43b,NEU,False,False,True,False,high,True,True,False,llm_extended,A1_product,mild,none,False,softener,A1_product,mild,none,False,softener,llm_extended,llm_extended,llm_extended,llm_extended,llm_extended,,batch_ext_053,test,A1_product,test,A1_product,NEU,POS,POS,0.9195
batch_137,94.595,94.595_c2,"chất xơ: 34 40 , giúp no lâu, hỗ trợ tiêu hóa và giảm cân",,kept_43b,POS,False,False,True,False,high,True,True,False,llm_extended,A4_service,moderate,service,False,none,A4_service,moderate,service,False,none,llm_extended,llm_extended,llm_extended,llm_extended,llm_extended,,batch_ext_031,test,A1_product,test,A4_service,POS,POS,POS,0.9195
batch_137,94.595,94.595_c3,protein: 4 5g 2 muỗng canh phù hợp cho người ăn chay,,kept_43b,POS,False,False,True,False,high,True,True,False,llm_extended,A3_logistics,none,product,False,none,A3_logistics,none,product,False,none,llm_extended,llm_extended,llm_extended,llm_extended,llm_extended,,batch_ext_003,test,A1_product,test,A3_logistics,POS,POS,POS,0.9195
batch_137,94.595,94.595_c4,"canxi, magie, photpho: tốt cho xương, răng",,kept_43b,POS,False,False,True,False,high,True,True,False,llm_extended,A1_product,none,product,False,none,A1_product,none,product,False,none,llm_extended,llm_extended,llm_extended,llm_extended,llm_extended,,batch_ext_064,test,A1_product,test,A1_product,POS,POS,POS,0.9195
batch_137,94.595,94.595_c5,"chống oxy hóa: giúp bảo vệ tế bào, làm chậm lão hóa",,kept_43b,POS,False,False,True,False,high,True,True,False,llm_extended,A1_product,moderate,product,False,none,A1_product,moderate,product,False,none,llm_extended,llm_extended,llm_extended,llm_extended,llm_extended,,batch_ext_094,test,A1_product,test,A1_product,POS,POS,POS,0.9195
batch_137,94.595,94.595_c6,"hỗ trợ giảm cân và tiêu hóa: chất xơ trương nở trong nước, giúp tạo cảm giác no và điều hòa đường huyết",,kept_43b,POS,False,False,True,False,high,True,True,False,llm_extended,A4_service,none,service,False,none,A4_service,none,service,False,none,llm_extended,llm_extended,llm_extended,llm_extended,llm_extended,,batch_ext_079,test,A1_product,test,A4_service,POS,POS,POS,0.9195
batch_137,94.595,94.595_c7,hỗ trợ đào thải độc tố nhờ khả năng hút nước gấp 10 12 lần trọng lượng,,kept_43b,POS,False,False,True,False,high,True,True,False,llm_extended,A4_service,none,service,False,softener,A4_service,none,service,False,softener,llm_extended,llm_extended,llm_extended,llm_extended,llm_extended,,batch_ext_027,test,A1_product,test,A4_service,POS,POS,POS,0.9195
batch_137,94.595,94.595_c8,"dễ sử dụng: có thể cho vào: nước, sữa, sinh tố, cháo, sữa chua, salad không cần nấu chỉ cần ngâm trước vài phút là dùng được",,kept_43b,POS,False,False,True,False,high,True,True,False,llm_extended,A1_product,mild,product,False,none,A1_product,mild,product,False,none,llm_extended,llm_extended,llm_extended,llm_extended,llm_extended,,batch_ext_104,test,A1_product,test,A1_product,POS,POS,POS,0.9195
batch_137,94.595,94.595_c9,tốt cho tim mạch và kiểm soát đường huyết: omega-3,,kept_43b,POS,False,False,True,False,high,True,True,False,llm_extended,A1_product,none,product,False,none,A1_product,none,product,False,none,llm_extended,llm_extended,llm_extended,llm_extended,llm_extended,,batch_ext_035,test,A1_product,test,A1_product,POS,POS,POS,0.9195
batch_137,94.595,94.595_c10,chất xơ giúp giảm cholesterol xấu,,kept_43b,POS,False,False,True,False,high,True,True,False,llm_extended,A1_product,none,product,False,none,A1_product,none,product,False,none,llm_extended,llm_extended,llm_extended,llm_extended,llm_extended,,batch_ext_082,test,A1_product,test,A1_product,POS,POS,POS,0.9195
batch_137,94.595,94.595_c11,hỗ trợ huyết áp ổn định,,kept_43b,POS,False,False,True,False,high,True,True,False,llm_extended,A4_service,none,service,False,none,A4_service,none,service,False,none,llm_extended,llm_extended,llm_extended,llm_extended,llm_extended,,batch_ext_005,test,A1_product,test,A4_service,POS,POS,POS,0.9195
